step,x_center,y_center,width,height,area,label,time
0,148.5,115.0,23,10,113.0,Blue,0.03739762306213379
0,125.5,70.0,37,54,1865.0,Green,0.03739762306213379
0,86.5,51.5,37,91,2307.0,Red,0.03739762306213379
0,33.5,68.0,67,58,1765.0,Black,0.03739762306213379
0,118.5,28.0,83,56,1186.5,Black,0.03739762306213379
0,31.0,16.5,62,33,1032.0,Black,0.03739762306213379
1,148.5,114.5,23,11,134.5,Blue,0.04828619956970215
1,125.5,70.0,37,54,1862.0,Green,0.04828619956970215
1,26.0,45.0,16,16,106.0,Red,0.04828619956970215
1,82.0,52.5,46,89,2181.5,Red,0.04828619956970215
1,55.0,10.0,18,20,101.5,Red,0.04828619956970215
1,33.5,69.0,67,56,1775.0,Black,0.04828619956970215
1,117.0,28.0,86,56,1234.0,Black,0.04828619956970215
1,27.0,16.0,54,32,924.5,Black,0.04828619956970215
2,148.5,114.5,23,11,134.5,Blue,0.0548100471496582
2,125.5,70.0,37,54,1862.0,Green,0.0548100471496582
2,26.0,45.0,16,16,106.0,Red,0.0548100471496582
2,82.0,52.5,46,89,2181.5,Red,0.0548100471496582
2,55.0,10.0,18,20,101.5,Red,0.0548100471496582
2,33.5,69.0,67,56,1775.0,Black,0.0548100471496582
2,117.0,28.0,86,56,1234.0,Black,0.0548100471496582
2,27.0,16.0,54,32,924.5,Black,0.0548100471496582
3,125.5,70.0,37,54,1864.0,Green,0.04092097282409668
3,82.5,51.5,45,91,2138.5,Red,0.04092097282409668
3,56.0,9.5,18,19,112.0,Red,0.04092097282409668
3,33.5,70.5,67,53,1785.0,Black,0.04092097282409668
3,117.5,28.0,85,56,1214.0,Black,0.04092097282409668
3,27.0,15.0,54,30,893.5,Black,0.04092097282409668
4,125.5,70.0,37,54,1864.0,Green,0.043306589126586914
4,82.5,51.5,45,91,2138.5,Red,0.043306589126586914
4,56.0,9.5,18,19,112.0,Red,0.043306589126586914
4,33.5,70.5,67,53,1785.0,Black,0.043306589126586914
4,117.5,28.0,85,56,1214.0,Black,0.043306589126586914
4,27.0,15.0,54,30,893.5,Black,0.043306589126586914
5,148.0,111.0,24,18,226.5,Blue,0.044095754623413086
5,125.5,70.0,37,54,1839.0,Green,0.044095754623413086
5,34.5,37.5,25,15,132.0,Red,0.044095754623413086
5,85.5,60.5,39,73,2133.5,Red,0.044095754623413086
5,59.0,9.5,20,19,152.5,Red,0.044095754623413086
5,33.5,70.5,67,53,1779.5,Black,0.044095754623413086
5,119.5,28.0,81,56,1141.5,Black,0.044095754623413086
5,28.5,15.5,57,31,889.0,Black,0.044095754623413086
6,148.0,111.0,24,18,226.5,Blue,0.05228376388549805
6,125.5,70.0,37,54,1839.0,Green,0.05228376388549805
6,34.5,37.5,25,15,132.0,Red,0.05228376388549805
6,85.5,60.5,39,73,2133.5,Red,0.05228376388549805
6,59.0,9.5,20,19,152.5,Red,0.05228376388549805
6,33.5,70.5,67,53,1779.5,Black,0.05228376388549805
6,119.5,28.0,81,56,1141.5,Black,0.05228376388549805
6,28.5,15.5,57,31,889.0,Black,0.05228376388549805
7,150.0,114.5,20,11,141.5,Blue,0.04832935333251953
7,125.5,70.0,37,56,1875.0,Green,0.04832935333251953
7,85.0,60.0,40,74,2148.0,Red,0.04832935333251953
7,64.5,9.5,27,19,136.0,Red,0.04832935333251953
7,33.5,70.5,67,53,1785.5,Black,0.04832935333251953
7,120.5,28.0,79,56,1139.0,Black,0.04832935333251953
7,30.0,15.0,60,30,908.0,Black,0.04832935333251953
8,150.0,114.5,20,11,141.5,Blue,0.04574394226074219
8,125.5,70.0,37,56,1875.0,Green,0.04574394226074219
8,85.0,60.0,40,74,2148.0,Red,0.04574394226074219
8,64.5,9.5,27,19,136.0,Red,0.04574394226074219
8,33.5,70.5,67,53,1785.5,Black,0.04574394226074219
8,120.5,28.0,79,56,1139.0,Black,0.04574394226074219
8,30.0,15.0,60,30,908.0,Black,0.04574394226074219
9,125.5,69.5,37,55,1881.0,Green,0.044404029846191406
9,86.0,60.5,38,73,2137.0,Red,0.044404029846191406
9,61.0,13.0,22,26,144.5,Red,0.044404029846191406
9,33.5,69.5,67,55,1787.0,Black,0.044404029846191406
9,120.5,28.0,79,56,1168.5,Black,0.044404029846191406
9,30.0,14.5,60,29,940.0,Black,0.044404029846191406
10,125.5,69.5,37,55,1881.0,Green,0.04751229286193848
10,86.0,60.5,38,73,2137.0,Red,0.04751229286193848
10,61.0,13.0,22,26,144.5,Red,0.04751229286193848
10,33.5,69.5,67,55,1787.0,Black,0.04751229286193848
10,120.5,28.0,79,56,1168.5,Black,0.04751229286193848
10,30.0,14.5,60,29,940.0,Black,0.04751229286193848
11,125.5,70.5,37,55,1873.5,Green,0.051489830017089844
11,86.5,60.5,37,73,2115.5,Red,0.051489830017089844
11,63.5,10.0,25,20,152.5,Red,0.051489830017089844
11,33.5,70.5,67,53,1779.5,Black,0.051489830017089844
11,119.5,28.0,81,56,1169.0,Black,0.051489830017089844
11,29.0,14.5,58,29,957.5,Black,0.051489830017089844
12,125.5,70.5,37,55,1873.5,Green,0.05542445182800293
12,86.5,60.5,37,73,2115.5,Red,0.05542445182800293
12,63.5,10.0,25,20,152.5,Red,0.05542445182800293
12,33.5,70.5,67,53,1779.5,Black,0.05542445182800293
12,119.5,28.0,81,56,1169.0,Black,0.05542445182800293
12,29.0,14.5,58,29,957.5,Black,0.05542445182800293
13,148.0,109.5,24,21,272.0,Blue,0.04419112205505371
13,127.5,5.0,65,10,391.5,Blue,0.04419112205505371
13,125.5,69.5,37,55,1870.5,Green,0.04419112205505371
13,83.5,5.0,35,10,195.0,Green,0.04419112205505371
13,30.0,5.0,60,10,257.0,Green,0.04419112205505371
13,86.0,60.5,38,73,2123.5,Red,0.04419112205505371
13,33.5,69.5,67,55,1790.0,Black,0.04419112205505371
13,148.0,34.0,24,44,604.5,Black,0.04419112205505371
13,28.0,19.0,46,20,343.5,Black,0.04419112205505371
14,148.0,109.5,24,21,272.0,Blue,0.03936004638671875
14,127.5,5.0,65,10,391.5,Blue,0.03936004638671875
14,125.5,69.5,37,55,1870.5,Green,0.03936004638671875
14,83.5,5.0,35,10,195.0,Green,0.03936004638671875
14,30.0,5.0,60,10,257.0,Green,0.03936004638671875
14,86.0,60.5,38,73,2123.5,Red,0.03936004638671875
14,33.5,69.5,67,55,1790.0,Black,0.03936004638671875
14,148.0,34.0,24,44,604.5,Black,0.03936004638671875
14,28.0,19.0,46,20,343.5,Black,0.03936004638671875
15,148.0,115.0,24,10,133.5,Blue,0.05101585388183594
15,125.5,70.0,37,54,1861.5,Green,0.05101585388183594
15,86.5,66.0,37,62,1930.5,Red,0.05101585388183594
15,32.5,38.0,23,22,175.5,Red,0.05101585388183594
15,148.0,30.5,24,9,158.5,Red,0.05101585388183594
15,109.5,31.0,45,10,288.0,Red,0.05101585388183594
15,63.5,11.0,25,22,134.5,Red,0.05101585388183594
15,33.5,70.5,67,53,1765.0,Black,0.05101585388183594
15,153.0,46.5,14,19,161.5,Black,0.05101585388183594
15,119.5,12.0,81,24,675.5,Black,0.05101585388183594
15,29.5,12.5,59,25,915.0,Black,0.05101585388183594
16,148.0,115.0,24,10,133.5,Blue,0.047858238220214844
16,125.5,70.0,37,54,1861.5,Green,0.047858238220214844
16,86.5,66.0,37,62,1930.5,Red,0.047858238220214844
16,32.5,38.0,23,22,175.5,Red,0.047858238220214844
16,148.0,30.5,24,9,158.5,Red,0.047858238220214844
16,109.5,31.0,45,10,288.0,Red,0.047858238220214844
16,63.5,11.0,25,22,134.5,Red,0.047858238220214844
16,33.5,70.5,67,53,1765.0,Black,0.047858238220214844
16,153.0,46.5,14,19,161.5,Black,0.047858238220214844
16,119.5,12.0,81,24,675.5,Black,0.047858238220214844
16,29.5,12.5,59,25,915.0,Black,0.047858238220214844
17,148.5,110.5,23,19,205.0,Blue,0.05826544761657715
17,35.0,57.5,38,11,320.5,Blue,0.05826544761657715
17,28.0,20.0,56,12,334.5,Blue,0.05826544761657715
17,137.5,18.5,45,11,226.0,Blue,0.05826544761657715
17,80.0,57.0,54,12,348.5,Green,0.05826544761657715
17,133.5,70.0,53,54,1602.5,Green,0.05826544761657715
17,7.0,58.0,14,10,104.5,Red,0.05826544761657715
17,150.0,57.0,20,10,110.0,Red,0.05826544761657715
17,80.5,61.5,49,71,2038.5,Red,0.05826544761657715
17,64.0,7.5,22,15,120.0,Red,0.05826544761657715
17,49.5,81.0,35,32,1015.5,Black,0.05826544761657715
17,50.0,47.0,34,6,163.5,Black,0.05826544761657715
17,148.0,38.0,24,24,304.5,Black,0.05826544761657715
17,118.5,7.0,83,14,508.0,Black,0.05826544761657715
17,30.0,6.0,60,12,563.0,Black,0.05826544761657715
18,148.5,110.5,23,19,205.0,Blue,0.047486305236816406
18,35.0,57.5,38,11,320.5,Blue,0.047486305236816406
18,28.0,20.0,56,12,334.5,Blue,0.047486305236816406
18,137.5,18.5,45,11,226.0,Blue,0.047486305236816406
18,80.0,57.0,54,12,348.5,Green,0.047486305236816406
18,133.5,70.0,53,54,1602.5,Green,0.047486305236816406
18,7.0,58.0,14,10,104.5,Red,0.047486305236816406
18,150.0,57.0,20,10,110.0,Red,0.047486305236816406
18,80.5,61.5,49,71,2038.5,Red,0.047486305236816406
18,64.0,7.5,22,15,120.0,Red,0.047486305236816406
18,49.5,81.0,35,32,1015.5,Black,0.047486305236816406
18,50.0,47.0,34,6,163.5,Black,0.047486305236816406
18,148.0,38.0,24,24,304.5,Black,0.047486305236816406
18,118.5,7.0,83,14,508.0,Black,0.047486305236816406
18,30.0,6.0,60,12,563.0,Black,0.047486305236816406
19,148.5,113.5,23,13,107.5,Blue,0.05499982833862305
19,125.5,70.0,37,54,1864.0,Green,0.05499982833862305
19,110.0,16.0,62,6,156.0,Green,0.05499982833862305
19,85.5,61.0,39,72,2122.0,Red,0.05499982833862305
19,33.5,70.5,67,53,1774.5,Black,0.05499982833862305
19,148.0,38.5,24,35,466.0,Black,0.05499982833862305
19,119.5,5.5,81,11,510.5,Black,0.05499982833862305
19,29.5,6.0,59,12,558.0,Black,0.05499982833862305
20,148.5,113.5,23,13,107.5,Blue,0.05491328239440918
20,125.5,70.0,37,54,1864.0,Green,0.05491328239440918
20,110.0,16.0,62,6,156.0,Green,0.05491328239440918
20,85.5,61.0,39,72,2122.0,Red,0.05491328239440918
20,33.5,70.5,67,53,1774.5,Black,0.05491328239440918
20,148.0,38.5,24,35,466.0,Black,0.05491328239440918
20,119.5,5.5,81,11,510.5,Black,0.05491328239440918
20,29.5,6.0,59,12,558.0,Black,0.05491328239440918
21,149.5,113.0,21,14,163.5,Blue,0.04162716865539551
21,125.5,70.0,37,54,1869.0,Green,0.04162716865539551
21,85.5,61.0,39,72,2125.5,Red,0.04162716865539551
21,63.5,9.5,23,19,140.5,Red,0.04162716865539551
21,33.5,70.5,67,53,1776.5,Black,0.04162716865539551
21,119.5,28.0,81,56,1138.5,Black,0.04162716865539551
21,30.5,15.5,61,31,984.5,Black,0.04162716865539551
22,149.5,113.0,21,14,163.5,Blue,0.04961371421813965
22,125.5,70.0,37,54,1869.0,Green,0.04961371421813965
22,85.5,61.0,39,72,2125.5,Red,0.04961371421813965
22,63.5,9.5,23,19,140.5,Red,0.04961371421813965
22,33.5,70.5,67,53,1776.5,Black,0.04961371421813965
22,119.5,28.0,81,56,1138.5,Black,0.04961371421813965
22,30.5,15.5,61,31,984.5,Black,0.04961371421813965
23,125.5,70.0,37,54,1871.5,Green,0.04983353614807129
23,85.0,60.5,40,73,2128.5,Red,0.04983353614807129
23,63.5,10.0,23,20,148.0,Red,0.04983353614807129
23,33.5,70.5,67,53,1793.0,Black,0.04983353614807129
23,119.5,28.0,81,56,1174.5,Black,0.04983353614807129
23,29.5,15.0,59,30,933.5,Black,0.04983353614807129
24,125.5,70.0,37,54,1871.5,Green,0.05340003967285156
24,85.0,60.5,40,73,2128.5,Red,0.05340003967285156
24,63.5,10.0,23,20,148.0,Red,0.05340003967285156
24,33.5,70.5,67,53,1793.0,Black,0.05340003967285156
24,119.5,28.0,81,56,1174.5,Black,0.05340003967285156
24,29.5,15.0,59,30,933.5,Black,0.05340003967285156
25,149.0,113.0,22,14,195.5,Blue,0.05421042442321777
25,125.5,70.0,37,54,1863.5,Green,0.05421042442321777
25,85.5,61.0,39,72,2134.5,Red,0.05421042442321777
25,63.5,9.5,23,19,146.0,Red,0.05421042442321777
25,33.5,68.0,67,58,1814.0,Black,0.05421042442321777
25,119.5,28.0,81,56,1151.5,Black,0.05421042442321777
25,29.5,15.5,59,31,972.0,Black,0.05421042442321777
26,149.0,113.0,22,14,195.5,Blue,0.05324411392211914
26,125.5,70.0,37,54,1863.5,Green,0.05324411392211914
26,85.5,61.0,39,72,2134.5,Red,0.05324411392211914
26,63.5,9.5,23,19,146.0,Red,0.05324411392211914
26,33.5,68.0,67,58,1814.0,Black,0.05324411392211914
26,119.5,28.0,81,56,1151.5,Black,0.05324411392211914
26,29.5,15.5,59,31,972.0,Black,0.05324411392211914
27,149.0,113.0,22,14,125.0,Blue,0.054656028747558594
27,125.5,70.0,37,54,1861.5,Green,0.054656028747558594
27,85.0,61.0,40,72,2167.0,Red,0.054656028747558594
27,64.0,13.0,24,26,146.0,Red,0.054656028747558594
27,33.5,70.5,67,53,1788.0,Black,0.054656028747558594
27,119.5,28.0,81,56,1161.0,Black,0.054656028747558594
27,29.5,17.0,59,34,938.5,Black,0.054656028747558594
28,149.0,113.0,22,14,125.0,Blue,0.03983592987060547
28,125.5,70.0,37,54,1861.5,Green,0.03983592987060547
28,85.0,61.0,40,72,2167.0,Red,0.03983592987060547
28,64.0,13.0,24,26,146.0,Red,0.03983592987060547
28,33.5,70.5,67,53,1788.0,Black,0.03983592987060547
28,119.5,28.0,81,56,1161.0,Black,0.03983592987060547
28,29.5,17.0,59,34,938.5,Black,0.03983592987060547
29,125.5,71.0,37,56,1861.5,Green,0.035889625549316406
29,85.5,61.0,39,72,2140.0,Red,0.035889625549316406
29,64.5,9.5,23,19,154.0,Red,0.035889625549316406
29,33.5,70.5,67,53,1810.0,Black,0.035889625549316406
29,119.5,28.0,81,56,1190.0,Black,0.035889625549316406
29,30.0,16.0,60,32,953.0,Black,0.035889625549316406
30,125.5,71.0,37,56,1861.5,Green,0.049475908279418945
30,85.5,61.0,39,72,2140.0,Red,0.049475908279418945
30,64.5,9.5,23,19,154.0,Red,0.049475908279418945
30,33.5,70.5,67,53,1810.0,Black,0.049475908279418945
30,119.5,28.0,81,56,1190.0,Black,0.049475908279418945
30,30.0,16.0,60,32,953.0,Black,0.049475908279418945
31,125.5,70.0,37,54,1867.0,Green,0.048431396484375
31,85.0,60.5,40,73,2113.0,Red,0.048431396484375
31,64.0,11.5,24,23,125.0,Red,0.048431396484375
31,33.5,70.5,67,53,1804.5,Black,0.048431396484375
31,119.5,28.0,81,56,1173.5,Black,0.048431396484375
31,30.5,15.0,61,30,935.0,Black,0.048431396484375
32,125.5,70.0,37,54,1867.0,Green,0.04959821701049805
32,85.0,60.5,40,73,2113.0,Red,0.04959821701049805
32,64.0,11.5,24,23,125.0,Red,0.04959821701049805
32,33.5,70.5,67,53,1804.5,Black,0.04959821701049805
32,119.5,28.0,81,56,1173.5,Black,0.04959821701049805
32,30.5,15.0,61,30,935.0,Black,0.04959821701049805
33,147.5,115.0,25,10,169.0,Blue,0.0435793399810791
33,125.5,70.0,37,54,1853.5,Green,0.0435793399810791
33,85.5,51.5,39,91,2163.0,Red,0.0435793399810791
33,64.0,10.5,24,21,137.5,Red,0.0435793399810791
33,33.5,70.5,67,53,1776.0,Black,0.0435793399810791
33,120.0,28.0,80,56,1190.5,Black,0.0435793399810791
33,29.0,15.0,58,30,916.0,Black,0.0435793399810791
34,147.5,115.0,25,10,169.0,Blue,0.04658389091491699
34,125.5,70.0,37,54,1853.5,Green,0.04658389091491699
34,85.5,51.5,39,91,2163.0,Red,0.04658389091491699
34,64.0,10.5,24,21,137.5,Red,0.04658389091491699
34,33.5,70.5,67,53,1776.0,Black,0.04658389091491699
34,120.0,28.0,80,56,1190.5,Black,0.04658389091491699
34,29.0,15.0,58,30,916.0,Black,0.04658389091491699
35,148.0,110.0,24,20,232.5,Blue,0.033985137939453125
35,125.5,70.0,37,54,1854.0,Green,0.033985137939453125
35,85.5,61.0,39,72,2140.5,Red,0.033985137939453125
35,64.5,10.0,23,20,133.0,Red,0.033985137939453125
35,33.5,68.0,67,58,1772.0,Black,0.033985137939453125
35,119.5,28.0,81,56,1187.0,Black,0.033985137939453125
35,29.5,16.0,59,32,920.0,Black,0.033985137939453125
36,148.0,110.0,24,20,232.5,Blue,0.03937363624572754
36,125.5,70.0,37,54,1854.0,Green,0.03937363624572754
36,85.5,61.0,39,72,2140.5,Red,0.03937363624572754
36,64.5,10.0,23,20,133.0,Red,0.03937363624572754
36,33.5,68.0,67,58,1772.0,Black,0.03937363624572754
36,119.5,28.0,81,56,1187.0,Black,0.03937363624572754
36,29.5,16.0,59,32,920.0,Black,0.03937363624572754
37,148.0,114.5,24,11,151.0,Blue,0.03853917121887207
37,125.5,70.0,37,54,1854.5,Green,0.03853917121887207
37,85.5,52.0,39,90,2193.0,Red,0.03853917121887207
37,64.0,9.0,24,18,145.5,Red,0.03853917121887207
37,33.5,70.5,67,53,1775.0,Black,0.03853917121887207
37,119.5,28.0,81,56,1164.0,Black,0.03853917121887207
37,29.5,14.5,59,29,913.0,Black,0.03853917121887207
38,148.0,114.5,24,11,151.0,Blue,0.04547929763793945
38,125.5,70.0,37,54,1854.5,Green,0.04547929763793945
38,85.5,52.0,39,90,2193.0,Red,0.04547929763793945
38,64.0,9.0,24,18,145.5,Red,0.04547929763793945
38,33.5,70.5,67,53,1775.0,Black,0.04547929763793945
38,119.5,28.0,81,56,1164.0,Black,0.04547929763793945
38,29.5,14.5,59,29,913.0,Black,0.04547929763793945
39,148.0,110.0,24,20,331.0,Blue,0.052721500396728516
39,125.5,70.0,37,54,1848.5,Green,0.052721500396728516
39,85.5,61.0,39,72,2104.5,Red,0.052721500396728516
39,63.0,10.0,20,20,126.5,Red,0.052721500396728516
39,33.5,70.5,67,53,1791.0,Black,0.052721500396728516
39,119.5,28.0,81,56,1152.5,Black,0.052721500396728516
39,30.5,15.0,61,30,994.0,Black,0.052721500396728516
40,148.0,110.0,24,20,331.0,Blue,0.04116249084472656
40,125.5,70.0,37,54,1848.5,Green,0.04116249084472656
40,85.5,61.0,39,72,2104.5,Red,0.04116249084472656
40,63.0,10.0,20,20,126.5,Red,0.04116249084472656
40,33.5,70.5,67,53,1791.0,Black,0.04116249084472656
40,119.5,28.0,81,56,1152.5,Black,0.04116249084472656
40,30.5,15.0,61,30,994.0,Black,0.04116249084472656
41,125.5,70.0,37,54,1868.0,Green,0.04563546180725098
41,85.5,61.0,39,72,2137.5,Red,0.04563546180725098
41,64.0,9.5,22,19,121.0,Red,0.04563546180725098
41,33.5,69.5,67,55,1770.5,Black,0.04563546180725098
41,119.5,28.0,81,56,1195.5,Black,0.04563546180725098
41,29.5,14.5,59,29,955.5,Black,0.04563546180725098
42,125.5,70.0,37,54,1868.0,Green,0.05017423629760742
42,85.5,61.0,39,72,2137.5,Red,0.05017423629760742
42,64.0,9.5,22,19,121.0,Red,0.05017423629760742
42,33.5,69.5,67,55,1770.5,Black,0.05017423629760742
42,119.5,28.0,81,56,1195.5,Black,0.05017423629760742
42,29.5,14.5,59,29,955.5,Black,0.05017423629760742
43,148.5,114.5,23,11,100.5,Blue,0.04517102241516113
43,125.5,70.0,37,54,1866.5,Green,0.04517102241516113
43,85.0,61.0,40,72,2114.5,Red,0.04517102241516113
43,64.5,9.5,23,19,119.0,Red,0.04517102241516113
43,33.5,70.5,67,53,1792.5,Black,0.04517102241516113
43,119.5,28.0,81,56,1127.5,Black,0.04517102241516113
43,29.5,15.5,59,31,990.5,Black,0.04517102241516113
44,148.5,114.5,23,11,100.5,Blue,0.0440371036529541
44,125.5,70.0,37,54,1866.5,Green,0.0440371036529541
44,85.0,61.0,40,72,2114.5,Red,0.0440371036529541
44,64.5,9.5,23,19,119.0,Red,0.0440371036529541
44,33.5,70.5,67,53,1792.5,Black,0.0440371036529541
44,119.5,28.0,81,56,1127.5,Black,0.0440371036529541
44,29.5,15.5,59,31,990.5,Black,0.0440371036529541
45,125.5,70.0,37,54,1866.5,Green,0.042595624923706055
45,85.0,52.0,40,90,2136.0,Red,0.042595624923706055
45,63.5,10.0,23,20,131.0,Red,0.042595624923706055
45,33.5,70.5,67,53,1780.5,Black,0.042595624923706055
45,119.5,28.0,81,56,1134.0,Black,0.042595624923706055
45,29.0,15.5,58,31,943.0,Black,0.042595624923706055
46,125.5,70.0,37,54,1866.5,Green,0.03993082046508789
46,85.0,52.0,40,90,2136.0,Red,0.03993082046508789
46,63.5,10.0,23,20,131.0,Red,0.03993082046508789
46,33.5,70.5,67,53,1780.5,Black,0.03993082046508789
46,119.5,28.0,81,56,1134.0,Black,0.03993082046508789
46,29.0,15.5,58,31,943.0,Black,0.03993082046508789
47,148.5,112.5,23,15,130.5,Blue,0.03290820121765137
47,125.5,70.0,37,54,1859.5,Green,0.03290820121765137
47,85.0,51.5,40,91,2169.5,Red,0.03290820121765137
47,64.0,10.5,24,21,139.5,Red,0.03290820121765137
47,33.5,70.5,67,53,1761.0,Black,0.03290820121765137
47,119.0,28.0,82,56,1099.5,Black,0.03290820121765137
47,29.0,15.5,58,31,976.5,Black,0.03290820121765137
48,148.5,112.5,23,15,130.5,Blue,0.048610687255859375
48,125.5,70.0,37,54,1859.5,Green,0.048610687255859375
48,85.0,51.5,40,91,2169.5,Red,0.048610687255859375
48,64.0,10.5,24,21,139.5,Red,0.048610687255859375
48,33.5,70.5,67,53,1761.0,Black,0.048610687255859375
48,119.0,28.0,82,56,1099.5,Black,0.048610687255859375
48,29.0,15.5,58,31,976.5,Black,0.048610687255859375
49,149.0,112.0,22,16,163.0,Blue,0.0427703857421875
49,125.5,70.0,37,54,1868.0,Green,0.0427703857421875
49,85.5,53.0,39,88,2144.0,Red,0.0427703857421875
49,64.0,16.5,24,33,153.5,Red,0.0427703857421875
49,33.5,70.5,67,53,1791.5,Black,0.0427703857421875
49,119.5,28.0,81,56,1126.0,Black,0.0427703857421875
49,29.5,15.5,59,31,969.5,Black,0.0427703857421875
50,149.0,112.0,22,16,163.0,Blue,0.03894209861755371
50,125.5,70.0,37,54,1868.0,Green,0.03894209861755371
50,85.5,53.0,39,88,2144.0,Red,0.03894209861755371
50,64.0,16.5,24,33,153.5,Red,0.03894209861755371
50,33.5,70.5,67,53,1791.5,Black,0.03894209861755371
50,119.5,28.0,81,56,1126.0,Black,0.03894209861755371
50,29.5,15.5,59,31,969.5,Black,0.03894209861755371
51,125.5,70.0,37,56,1875.0,Green,0.03272390365600586
51,86.0,60.5,38,73,2144.5,Red,0.03272390365600586
51,64.5,9.5,23,19,133.0,Red,0.03272390365600586
51,33.5,70.0,67,54,1804.0,Black,0.03272390365600586
51,119.5,28.0,81,56,1139.5,Black,0.03272390365600586
51,29.5,15.0,59,30,954.5,Black,0.03272390365600586
52,125.5,70.0,37,56,1875.0,Green,0.04030656814575195
52,86.0,60.5,38,73,2144.5,Red,0.04030656814575195
52,64.5,9.5,23,19,133.0,Red,0.04030656814575195
52,33.5,70.0,67,54,1804.0,Black,0.04030656814575195
52,119.5,28.0,81,56,1139.5,Black,0.04030656814575195
52,29.5,15.0,59,30,954.5,Black,0.04030656814575195
53,148.0,111.5,24,17,219.5,Blue,0.05172324180603027
53,125.5,70.0,37,54,1848.5,Green,0.05172324180603027
53,86.5,61.0,37,72,2149.0,Red,0.05172324180603027
53,64.0,11.0,24,22,165.5,Red,0.05172324180603027
53,33.5,70.5,67,53,1797.0,Black,0.05172324180603027
53,119.5,28.0,81,56,1169.5,Black,0.05172324180603027
53,30.0,15.5,60,31,985.5,Black,0.05172324180603027
54,148.0,111.5,24,17,219.5,Blue,0.04125642776489258
54,125.5,70.0,37,54,1848.5,Green,0.04125642776489258
54,86.5,61.0,37,72,2149.0,Red,0.04125642776489258
54,64.0,11.0,24,22,165.5,Red,0.04125642776489258
54,33.5,70.5,67,53,1797.0,Black,0.04125642776489258
54,119.5,28.0,81,56,1169.5,Black,0.04125642776489258
54,30.0,15.5,60,31,985.5,Black,0.04125642776489258
55,148.5,112.0,23,16,227.5,Blue,0.0393831729888916
55,125.5,70.0,37,54,1853.5,Green,0.0393831729888916
55,86.5,61.0,37,72,2133.5,Red,0.0393831729888916
55,65.0,12.5,26,25,173.0,Red,0.0393831729888916
55,33.5,70.5,67,53,1781.0,Black,0.0393831729888916
55,120.5,28.0,79,56,1135.5,Black,0.0393831729888916
55,32.5,16.5,65,33,1055.5,Black,0.0393831729888916
56,148.5,112.0,23,16,227.5,Blue,0.05307817459106445
56,125.5,70.0,37,54,1853.5,Green,0.05307817459106445
56,86.5,61.0,37,72,2133.5,Red,0.05307817459106445
56,65.0,12.5,26,25,173.0,Red,0.05307817459106445
56,33.5,70.5,67,53,1781.0,Black,0.05307817459106445
56,120.5,28.0,79,56,1135.5,Black,0.05307817459106445
56,32.5,16.5,65,33,1055.5,Black,0.05307817459106445
57,148.0,111.0,24,18,242.0,Blue,0.06493663787841797
57,125.5,70.0,37,54,1861.5,Green,0.06493663787841797
57,83.5,48.5,43,97,2492.5,Red,0.06493663787841797
57,33.5,68.5,67,57,1787.5,Black,0.06493663787841797
57,118.0,28.0,84,56,1166.5,Black,0.06493663787841797
57,31.5,15.5,63,31,884.5,Black,0.06493663787841797
58,148.0,111.0,24,18,242.0,Blue,0.04430437088012695
58,125.5,70.0,37,54,1861.5,Green,0.04430437088012695
58,83.5,48.5,43,97,2492.5,Red,0.04430437088012695
58,33.5,68.5,67,57,1787.5,Black,0.04430437088012695
58,118.0,28.0,84,56,1166.5,Black,0.04430437088012695
58,31.5,15.5,63,31,884.5,Black,0.04430437088012695
59,40.5,96.5,33,11,182.0,Blue,0.0463557243347168
59,129.0,71.5,44,57,1645.5,Green,0.0463557243347168
59,80.5,30.0,35,8,150.0,Green,0.0463557243347168
59,90.5,50.0,65,100,2508.5,Red,0.0463557243347168
59,48.5,64.5,37,49,1484.5,Black,0.0463557243347168
59,153.0,44.0,14,24,188.5,Black,0.0463557243347168
59,121.0,12.0,78,24,740.5,Black,0.0463557243347168
59,33.5,12.5,67,25,839.0,Black,0.0463557243347168
60,40.5,96.5,33,11,182.0,Blue,0.059061527252197266
60,129.0,71.5,44,57,1645.5,Green,0.059061527252197266
60,80.5,30.0,35,8,150.0,Green,0.059061527252197266
60,90.5,50.0,65,100,2508.5,Red,0.059061527252197266
60,48.5,64.5,37,49,1484.5,Black,0.059061527252197266
60,153.0,44.0,14,24,188.5,Black,0.059061527252197266
60,121.0,12.0,78,24,740.5,Black,0.059061527252197266
60,33.5,12.5,67,25,839.0,Black,0.059061527252197266
61,149.0,110.5,22,19,195.5,Blue,0.05006670951843262
61,125.5,70.0,37,54,1867.5,Green,0.05006670951843262
61,47.5,27.0,29,28,187.5,Red,0.05006670951843262
61,85.0,48.5,40,97,2651.5,Red,0.05006670951843262
61,89.0,24.5,14,17,122.5,Red,0.05006670951843262
61,46.5,69.0,41,56,1744.0,Black,0.05006670951843262
61,123.5,28.0,73,56,1168.0,Black,0.05006670951843262
61,28.5,15.5,57,31,902.0,Black,0.05006670951843262
62,149.0,110.5,22,19,195.5,Blue,0.052008628845214844
62,125.5,70.0,37,54,1867.5,Green,0.052008628845214844
62,47.5,27.0,29,28,187.5,Red,0.052008628845214844
62,85.0,48.5,40,97,2651.5,Red,0.052008628845214844
62,89.0,24.5,14,17,122.5,Red,0.052008628845214844
62,46.5,69.0,41,56,1744.0,Black,0.052008628845214844
62,123.5,28.0,73,56,1168.0,Black,0.052008628845214844
62,28.5,15.5,57,31,902.0,Black,0.052008628845214844
63,146.5,111.0,27,18,230.0,Blue,0.048464298248291016
63,125.5,70.0,37,54,1854.5,Green,0.048464298248291016
63,46.0,31.0,26,20,185.0,Red,0.048464298248291016
63,87.0,48.5,38,97,2645.5,Red,0.048464298248291016
63,90.0,25.5,14,17,117.5,Red,0.048464298248291016
63,46.5,70.5,41,53,1726.0,Black,0.048464298248291016
63,129.0,28.0,62,56,1077.5,Black,0.048464298248291016
63,29.0,15.0,58,30,913.0,Black,0.048464298248291016
64,146.5,111.0,27,18,230.0,Blue,0.0357823371887207
64,125.5,70.0,37,54,1854.5,Green,0.0357823371887207
64,46.0,31.0,26,20,185.0,Red,0.0357823371887207
64,87.0,48.5,38,97,2645.5,Red,0.0357823371887207
64,90.0,25.5,14,17,117.5,Red,0.0357823371887207
64,46.5,70.5,41,53,1726.0,Black,0.0357823371887207
64,129.0,28.0,62,56,1077.5,Black,0.0357823371887207
64,29.0,15.0,58,30,913.0,Black,0.0357823371887207
65,125.5,70.0,37,54,1865.0,Green,0.04345536231994629
65,51.0,27.5,32,27,219.5,Red,0.04345536231994629
65,87.5,48.5,39,97,2638.5,Red,0.04345536231994629
65,47.5,70.0,39,54,1735.5,Black,0.04345536231994629
65,125.5,28.0,69,56,1125.5,Black,0.04345536231994629
65,30.0,14.5,60,29,964.5,Black,0.04345536231994629
66,125.5,70.0,37,54,1865.0,Green,0.05283403396606445
66,51.0,27.5,32,27,219.5,Red,0.05283403396606445
66,87.5,48.5,39,97,2638.5,Red,0.05283403396606445
66,47.5,70.0,39,54,1735.5,Black,0.05283403396606445
66,125.5,28.0,69,56,1125.5,Black,0.05283403396606445
66,30.0,14.5,60,29,964.5,Black,0.05283403396606445
67,147.0,110.5,26,19,213.0,Blue,0.041200876235961914
67,125.5,70.0,37,54,1859.5,Green,0.041200876235961914
67,48.5,30.0,27,22,214.5,Red,0.041200876235961914
67,87.5,48.5,39,97,2625.0,Red,0.041200876235961914
67,48.0,70.5,38,53,1731.0,Black,0.041200876235961914
67,132.0,28.0,56,56,1022.0,Black,0.041200876235961914
67,30.5,15.5,61,31,1022.5,Black,0.041200876235961914
68,147.0,110.5,26,19,213.0,Blue,0.05167245864868164
68,125.5,70.0,37,54,1859.5,Green,0.05167245864868164
68,48.5,30.0,27,22,214.5,Red,0.05167245864868164
68,87.5,48.5,39,97,2625.0,Red,0.05167245864868164
68,48.0,70.5,38,53,1731.0,Black,0.05167245864868164
68,132.0,28.0,56,56,1022.0,Black,0.05167245864868164
68,30.5,15.5,61,31,1022.5,Black,0.05167245864868164
69,150.5,112.5,19,15,131.5,Blue,0.06338620185852051
69,125.5,70.0,37,54,1866.0,Green,0.06338620185852051
69,52.5,27.5,31,27,196.5,Red,0.06338620185852051
69,88.0,48.5,40,97,2636.0,Red,0.06338620185852051
69,48.0,69.5,38,55,1732.0,Black,0.06338620185852051
69,125.5,28.0,69,56,1130.0,Black,0.06338620185852051
69,31.0,16.5,62,33,1033.0,Black,0.06338620185852051
70,150.5,112.5,19,15,131.5,Blue,0.04421114921569824
70,125.5,70.0,37,54,1866.0,Green,0.04421114921569824
70,52.5,27.5,31,27,196.5,Red,0.04421114921569824
70,88.0,48.5,40,97,2636.0,Red,0.04421114921569824
70,48.0,69.5,38,55,1732.0,Black,0.04421114921569824
70,125.5,28.0,69,56,1130.0,Black,0.04421114921569824
70,31.0,16.5,62,33,1033.0,Black,0.04421114921569824
71,148.5,111.0,23,18,290.0,Blue,0.04052615165710449
71,125.5,70.0,37,54,1855.5,Green,0.04052615165710449
71,52.5,29.0,27,24,169.0,Red,0.04052615165710449
71,89.0,48.5,42,97,2662.0,Red,0.04052615165710449
71,48.0,69.5,38,55,1712.0,Black,0.04052615165710449
71,131.0,28.0,58,56,1024.0,Black,0.04052615165710449
71,31.0,15.5,62,31,1009.5,Black,0.04052615165710449
72,148.5,111.0,23,18,290.0,Blue,0.053026676177978516
72,125.5,70.0,37,54,1855.5,Green,0.053026676177978516
72,52.5,29.0,27,24,169.0,Red,0.053026676177978516
72,89.0,48.5,42,97,2662.0,Red,0.053026676177978516
72,48.0,69.5,38,55,1712.0,Black,0.053026676177978516
72,131.0,28.0,58,56,1024.0,Black,0.053026676177978516
72,31.0,15.5,62,31,1009.5,Black,0.053026676177978516
73,125.5,70.0,37,54,1867.0,Green,0.04142284393310547
73,51.0,32.0,20,18,128.0,Red,0.04142284393310547
73,89.0,48.5,42,97,2712.5,Red,0.04142284393310547
73,89.5,29.0,17,22,203.0,Red,0.04142284393310547
73,48.0,69.0,38,56,1728.0,Black,0.04142284393310547
73,124.5,28.0,71,56,1069.5,Black,0.04142284393310547
73,36.0,15.5,72,31,1007.0,Black,0.04142284393310547
74,125.5,70.0,37,54,1867.0,Green,0.04982495307922363
74,51.0,32.0,20,18,128.0,Red,0.04982495307922363
74,89.0,48.5,42,97,2712.5,Red,0.04982495307922363
74,89.5,29.0,17,22,203.0,Red,0.04982495307922363
74,48.0,69.0,38,56,1728.0,Black,0.04982495307922363
74,124.5,28.0,71,56,1069.5,Black,0.04982495307922363
74,36.0,15.5,72,31,1007.0,Black,0.04982495307922363
75,148.0,111.5,24,17,250.0,Blue,0.040802717208862305
75,125.5,70.0,37,54,1862.5,Green,0.040802717208862305
75,19.5,55.5,17,13,106.0,Red,0.040802717208862305
75,87.5,48.5,41,97,2621.5,Red,0.040802717208862305
75,46.0,69.5,42,55,1752.5,Black,0.040802717208862305
75,122.0,28.0,76,56,942.0,Black,0.040802717208862305
75,37.0,14.5,74,29,981.5,Black,0.040802717208862305
76,148.0,111.5,24,17,250.0,Blue,0.044988155364990234
76,125.5,70.0,37,54,1862.5,Green,0.044988155364990234
76,19.5,55.5,17,13,106.0,Red,0.044988155364990234
76,87.5,48.5,41,97,2621.5,Red,0.044988155364990234
76,46.0,69.5,42,55,1752.5,Black,0.044988155364990234
76,122.0,28.0,76,56,942.0,Black,0.044988155364990234
76,37.0,14.5,74,29,981.5,Black,0.044988155364990234
77,125.5,70.0,37,54,1870.0,Green,0.05126214027404785
77,12.5,54.5,17,13,101.0,Red,0.05126214027404785
77,81.0,61.5,48,71,2274.5,Red,0.05126214027404785
77,44.5,20.0,33,40,396.5,Red,0.05126214027404785
77,42.5,67.0,49,60,1755.5,Black,0.05126214027404785
77,106.5,28.0,107,56,1050.5,Black,0.05126214027404785
77,21.5,12.0,43,24,377.5,Black,0.05126214027404785
78,125.5,70.0,37,54,1870.0,Green,0.04723310470581055
78,12.5,54.5,17,13,101.0,Red,0.04723310470581055
78,81.0,61.5,48,71,2274.5,Red,0.04723310470581055
78,44.5,20.0,33,40,396.5,Red,0.04723310470581055
78,42.5,67.0,49,60,1755.5,Black,0.04723310470581055
78,106.5,28.0,107,56,1050.5,Black,0.04723310470581055
78,21.5,12.0,43,24,377.5,Black,0.04723310470581055
79,149.0,113.5,22,13,137.0,Blue,0.03331112861633301
79,125.5,70.0,37,54,1867.0,Green,0.03331112861633301
79,69.5,54.5,71,85,2208.5,Red,0.03331112861633301
79,20.0,26.0,40,52,588.0,Red,0.03331112861633301
79,49.5,70.0,35,54,1711.5,Black,0.03331112861633301
79,120.5,28.0,79,56,1065.0,Black,0.03331112861633301
79,62.0,6.5,28,13,176.0,Black,0.03331112861633301
79,18.5,7.0,37,14,166.0,Black,0.03331112861633301
80,149.0,113.5,22,13,137.0,Blue,0.0486452579498291
80,125.5,70.0,37,54,1867.0,Green,0.0486452579498291
80,69.5,54.5,71,85,2208.5,Red,0.0486452579498291
80,20.0,26.0,40,52,588.0,Red,0.0486452579498291
80,49.5,70.0,35,54,1711.5,Black,0.0486452579498291
80,120.5,28.0,79,56,1065.0,Black,0.0486452579498291
80,62.0,6.5,28,13,176.0,Black,0.0486452579498291
80,18.5,7.0,37,14,166.0,Black,0.0486452579498291
81,150.0,113.5,20,13,167.0,Blue,0.04513072967529297
81,125.5,70.0,37,54,1866.0,Green,0.04513072967529297
81,86.5,69.5,37,55,1852.5,Red,0.04513072967529297
81,25.0,25.5,50,51,778.5,Red,0.04513072967529297
81,49.5,70.0,35,54,1721.0,Black,0.04513072967529297
81,120.5,28.0,79,56,1070.0,Black,0.04513072967529297
81,58.0,8.5,36,17,361.5,Black,0.04513072967529297
81,8.5,13.5,17,27,201.0,Black,0.04513072967529297
82,150.0,113.5,20,13,167.0,Blue,0.05600929260253906
82,125.5,70.0,37,54,1866.0,Green,0.05600929260253906
82,86.5,69.5,37,55,1852.5,Red,0.05600929260253906
82,25.0,25.5,50,51,778.5,Red,0.05600929260253906
82,49.5,70.0,35,54,1721.0,Black,0.05600929260253906
82,120.5,28.0,79,56,1070.0,Black,0.05600929260253906
82,58.0,8.5,36,17,361.5,Black,0.05600929260253906
82,8.5,13.5,17,27,201.0,Black,0.05600929260253906
83,147.5,110.5,25,19,278.0,Blue,0.0527956485748291
83,125.5,70.0,37,54,1860.0,Green,0.0527956485748291
83,86.5,69.5,37,55,1843.0,Red,0.0527956485748291
83,22.5,30.0,45,60,974.5,Red,0.0527956485748291
83,49.5,70.5,35,53,1709.0,Black,0.0527956485748291
83,97.5,28.0,125,56,1608.5,Black,0.0527956485748291
83,8.0,14.5,16,29,228.0,Black,0.0527956485748291
84,147.5,110.5,25,19,278.0,Blue,0.047957658767700195
84,125.5,70.0,37,54,1860.0,Green,0.047957658767700195
84,86.5,69.5,37,55,1843.0,Red,0.047957658767700195
84,22.5,30.0,45,60,974.5,Red,0.047957658767700195
84,49.5,70.5,35,53,1709.0,Black,0.047957658767700195
84,97.5,28.0,125,56,1608.5,Black,0.047957658767700195
84,8.0,14.5,16,29,228.0,Black,0.047957658767700195
85,148.0,114.5,24,11,120.0,Blue,0.03676176071166992
85,125.5,70.0,37,54,1865.0,Green,0.03676176071166992
85,86.5,69.5,37,55,1874.5,Red,0.03676176071166992
85,26.0,33.0,52,52,799.0,Red,0.03676176071166992
85,17.5,12.5,25,25,142.5,Red,0.03676176071166992
85,49.5,70.0,35,54,1714.0,Black,0.03676176071166992
85,101.5,28.0,117,56,1492.0,Black,0.03676176071166992
85,11.5,7.5,23,15,148.5,Black,0.03676176071166992
86,148.0,114.5,24,11,120.0,Blue,0.041629791259765625
86,125.5,70.0,37,54,1865.0,Green,0.041629791259765625
86,86.5,69.5,37,55,1874.5,Red,0.041629791259765625
86,26.0,33.0,52,52,799.0,Red,0.041629791259765625
86,17.5,12.5,25,25,142.5,Red,0.041629791259765625
86,49.5,70.0,35,54,1714.0,Black,0.041629791259765625
86,101.5,28.0,117,56,1492.0,Black,0.041629791259765625
86,11.5,7.5,23,15,148.5,Black,0.041629791259765625
87,147.0,110.0,26,20,367.5,Blue,0.04697299003601074
87,125.5,69.5,37,55,1850.0,Green,0.04697299003601074
87,86.5,69.5,37,55,1838.5,Red,0.04697299003601074
87,27.5,33.5,55,51,546.5,Red,0.04697299003601074
87,22.0,9.5,22,19,124.0,Red,0.04697299003601074
87,49.5,70.0,35,54,1715.5,Black,0.04697299003601074
87,102.0,28.0,116,56,1486.0,Black,0.04697299003601074
87,13.5,6.5,27,13,165.5,Black,0.04697299003601074
88,147.0,110.0,26,20,367.5,Blue,0.048760175704956055
88,125.5,69.5,37,55,1850.0,Green,0.048760175704956055
88,86.5,69.5,37,55,1838.5,Red,0.048760175704956055
88,27.5,33.5,55,51,546.5,Red,0.048760175704956055
88,22.0,9.5,22,19,124.0,Red,0.048760175704956055
88,49.5,70.0,35,54,1715.5,Black,0.048760175704956055
88,102.0,28.0,116,56,1486.0,Black,0.048760175704956055
88,13.5,6.5,27,13,165.5,Black,0.048760175704956055
89,149.0,112.0,22,16,126.5,Blue,0.051606178283691406
89,125.5,70.0,37,54,1880.5,Green,0.051606178283691406
89,78.0,55.0,54,84,2050.0,Red,0.051606178283691406
89,35.5,29.5,31,59,346.5,Red,0.051606178283691406
89,49.0,70.0,36,54,1720.0,Black,0.051606178283691406
89,101.5,28.0,117,56,1251.0,Black,0.051606178283691406
89,19.0,8.0,38,16,324.0,Black,0.051606178283691406
90,149.0,112.0,22,16,126.5,Blue,0.050028085708618164
90,125.5,70.0,37,54,1880.5,Green,0.050028085708618164
90,78.0,55.0,54,84,2050.0,Red,0.050028085708618164
90,35.5,29.5,31,59,346.5,Red,0.050028085708618164
90,49.0,70.0,36,54,1720.0,Black,0.050028085708618164
90,101.5,28.0,117,56,1251.0,Black,0.050028085708618164
90,19.0,8.0,38,16,324.0,Black,0.050028085708618164
91,148.5,112.0,23,16,236.0,Blue,0.05105781555175781
91,125.5,70.0,37,54,1855.5,Green,0.05105781555175781
91,81.5,62.0,47,70,1980.5,Red,0.05105781555175781
91,41.0,15.5,30,31,298.5,Red,0.05105781555175781
91,33.5,69.5,67,55,1786.5,Black,0.05105781555175781
91,104.0,28.0,112,56,1229.5,Black,0.05105781555175781
91,21.5,11.5,43,23,421.5,Black,0.05105781555175781
92,148.5,112.0,23,16,236.0,Blue,0.03947710990905762
92,125.5,70.0,37,54,1855.5,Green,0.03947710990905762
92,81.5,62.0,47,70,1980.5,Red,0.03947710990905762
92,41.0,15.5,30,31,298.5,Red,0.03947710990905762
92,33.5,69.5,67,55,1786.5,Black,0.03947710990905762
92,104.0,28.0,112,56,1229.5,Black,0.03947710990905762
92,21.5,11.5,43,23,421.5,Black,0.03947710990905762
93,148.5,114.0,23,12,159.0,Blue,0.057878971099853516
93,125.0,91.0,36,12,379.0,Green,0.057878971099853516
93,125.5,61.0,37,36,1115.5,Green,0.057878971099853516
93,86.0,91.0,36,12,383.0,Red,0.057878971099853516
93,84.0,51.5,42,51,1365.0,Red,0.057878971099853516
93,59.0,16.0,18,32,111.0,Red,0.057878971099853516
93,49.5,90.0,35,14,335.0,Black,0.057878971099853516
93,33.5,59.5,67,37,1098.0,Black,0.057878971099853516
93,113.5,28.0,93,56,1156.0,Black,0.057878971099853516
93,28.0,15.0,56,30,950.0,Black,0.057878971099853516
94,148.5,114.0,23,12,159.0,Blue,0.05992531776428223
94,125.0,91.0,36,12,379.0,Green,0.05992531776428223
94,125.5,61.0,37,36,1115.5,Green,0.05992531776428223
94,86.0,91.0,36,12,383.0,Red,0.05992531776428223
94,84.0,51.5,42,51,1365.0,Red,0.05992531776428223
94,59.0,16.0,18,32,111.0,Red,0.05992531776428223
94,49.5,90.0,35,14,335.0,Black,0.05992531776428223
94,33.5,59.5,67,37,1098.0,Black,0.05992531776428223
94,113.5,28.0,93,56,1156.0,Black,0.05992531776428223
94,28.0,15.0,56,30,950.0,Black,0.05992531776428223
95,149.5,115.0,21,10,104.5,Blue,0.05170083045959473
95,125.5,69.5,37,55,1864.0,Green,0.05170083045959473
95,86.5,55.0,37,84,2122.0,Red,0.05170083045959473
95,69.0,13.5,18,27,141.5,Red,0.05170083045959473
95,33.5,69.5,67,55,1779.5,Black,0.05170083045959473
95,117.5,28.0,85,56,1116.0,Black,0.05170083045959473
95,33.0,16.5,66,33,1086.5,Black,0.05170083045959473
96,149.5,115.0,21,10,104.5,Blue,0.04872274398803711
96,125.5,69.5,37,55,1864.0,Green,0.04872274398803711
96,86.5,55.0,37,84,2122.0,Red,0.04872274398803711
96,69.0,13.5,18,27,141.5,Red,0.04872274398803711
96,33.5,69.5,67,55,1779.5,Black,0.04872274398803711
96,117.5,28.0,85,56,1116.0,Black,0.04872274398803711
96,33.0,16.5,66,33,1086.5,Black,0.04872274398803711
97,149.0,112.5,22,15,161.5,Blue,0.041054725646972656
97,125.5,69.5,37,55,1863.5,Green,0.041054725646972656
97,80.5,51.0,49,92,2870.5,Red,0.041054725646972656
97,33.5,70.0,67,54,1778.5,Black,0.041054725646972656
97,80.0,28.0,160,56,2350.5,Black,0.041054725646972656
98,149.0,112.5,22,15,161.5,Blue,0.051686763763427734
98,125.5,69.5,37,55,1863.5,Green,0.051686763763427734
98,80.5,51.0,49,92,2870.5,Red,0.051686763763427734
98,33.5,70.0,67,54,1778.5,Black,0.051686763763427734
98,80.0,28.0,160,56,2350.5,Black,0.051686763763427734
99,150.0,112.5,20,15,146.5,Blue,0.0557856559753418
99,125.5,69.5,37,55,1874.0,Green,0.0557856559753418
99,82.0,52.0,46,90,2807.0,Red,0.0557856559753418
99,33.5,69.5,67,55,1775.0,Black,0.0557856559753418
99,80.0,28.0,160,56,2593.0,Black,0.0557856559753418
99,79.0,10.5,14,11,107.0,Black,0.0557856559753418
100,150.0,112.5,20,15,146.5,Blue,0.05014538764953613
100,125.5,69.5,37,55,1874.0,Green,0.05014538764953613
100,82.0,52.0,46,90,2807.0,Red,0.05014538764953613
100,33.5,69.5,67,55,1775.0,Black,0.05014538764953613
100,80.0,28.0,160,56,2593.0,Black,0.05014538764953613
100,79.0,10.5,14,11,107.0,Black,0.05014538764953613
101,125.5,69.5,37,55,1871.0,Green,0.05648612976074219
101,89.0,52.0,44,90,2691.5,Red,0.05648612976074219
101,33.5,70.0,67,54,1774.5,Black,0.05648612976074219
101,80.0,28.0,160,56,2680.0,Black,0.05648612976074219
102,125.5,69.5,37,55,1871.0,Green,0.04970812797546387
102,89.0,52.0,44,90,2691.5,Red,0.04970812797546387
102,33.5,70.0,67,54,1774.5,Black,0.04970812797546387
102,80.0,28.0,160,56,2680.0,Black,0.04970812797546387
103,125.5,70.0,37,54,1867.0,Green,0.05298662185668945
103,96.5,52.5,57,89,2337.0,Red,0.05298662185668945
103,33.5,70.0,67,54,1775.0,Black,0.05298662185668945
103,80.0,28.0,160,56,2854.5,Black,0.05298662185668945
104,125.5,70.0,37,54,1867.0,Green,0.051667213439941406
104,96.5,52.5,57,89,2337.0,Red,0.051667213439941406
104,33.5,70.0,67,54,1775.0,Black,0.051667213439941406
104,80.0,28.0,160,56,2854.5,Black,0.051667213439941406
105,125.5,69.5,37,55,1872.0,Green,0.03828835487365723
105,86.5,68.0,37,58,1861.5,Red,0.03828835487365723
105,126.5,29.0,23,22,205.0,Red,0.03828835487365723
105,33.5,70.0,67,54,1772.0,Black,0.03828835487365723
105,80.0,28.0,160,56,2664.0,Black,0.03828835487365723
106,125.5,69.5,37,55,1872.0,Green,0.04435610771179199
106,86.5,68.0,37,58,1861.5,Red,0.04435610771179199
106,126.5,29.0,23,22,205.0,Red,0.04435610771179199
106,33.5,70.0,67,54,1772.0,Black,0.04435610771179199
106,80.0,28.0,160,56,2664.0,Black,0.04435610771179199
107,125.5,69.5,37,55,1874.5,Green,0.04876065254211426
107,86.5,69.5,37,55,1862.0,Red,0.04876065254211426
107,33.5,70.0,67,54,1780.5,Black,0.04876065254211426
107,80.0,28.0,160,56,2271.0,Black,0.04876065254211426
108,125.5,69.5,37,55,1874.5,Green,0.05505967140197754
108,86.5,69.5,37,55,1862.0,Red,0.05505967140197754
108,33.5,70.0,67,54,1780.5,Black,0.05505967140197754
108,80.0,28.0,160,56,2271.0,Black,0.05505967140197754
109,125.5,70.0,37,54,1861.0,Green,0.04544329643249512
109,85.5,64.5,39,65,1895.0,Red,0.04544329643249512
109,33.5,68.0,67,58,1770.0,Black,0.04544329643249512
109,80.0,27.5,160,55,2275.5,Black,0.04544329643249512
110,125.5,70.0,37,54,1861.0,Green,0.034995079040527344
110,85.5,64.5,39,65,1895.0,Red,0.034995079040527344
110,33.5,68.0,67,58,1770.0,Black,0.034995079040527344
110,80.0,27.5,160,55,2275.5,Black,0.034995079040527344
111,125.5,70.0,37,54,1863.0,Green,0.037998199462890625
111,86.5,69.5,37,55,1861.5,Red,0.037998199462890625
111,33.5,70.0,67,54,1778.0,Black,0.037998199462890625
111,80.0,27.5,160,55,2294.5,Black,0.037998199462890625
112,125.5,70.0,37,54,1863.0,Green,0.04690074920654297
112,86.5,69.5,37,55,1861.5,Red,0.04690074920654297
112,33.5,70.0,67,54,1778.0,Black,0.04690074920654297
112,80.0,27.5,160,55,2294.5,Black,0.04690074920654297
113,125.5,69.5,37,55,1866.0,Green,0.05424904823303223
113,86.0,67.5,38,59,1850.5,Red,0.05424904823303223
113,33.5,70.0,67,54,1763.5,Black,0.05424904823303223
113,80.0,27.5,160,55,2279.0,Black,0.05424904823303223
114,125.5,69.5,37,55,1866.0,Green,0.05225872993469238
114,86.0,67.5,38,59,1850.5,Red,0.05225872993469238
114,33.5,70.0,67,54,1763.5,Black,0.05225872993469238
114,80.0,27.5,160,55,2279.0,Black,0.05225872993469238
115,125.5,70.5,37,55,1871.0,Green,0.04304671287536621
115,86.5,69.5,37,55,1869.5,Red,0.04304671287536621
115,33.5,69.0,67,56,1780.5,Black,0.04304671287536621
115,80.0,20.5,160,41,2101.0,Black,0.04304671287536621
116,125.5,70.5,37,55,1871.0,Green,0.052275657653808594
116,86.5,69.5,37,55,1869.5,Red,0.052275657653808594
116,33.5,69.0,67,56,1780.5,Black,0.052275657653808594
116,80.0,20.5,160,41,2101.0,Black,0.052275657653808594
117,125.5,70.0,37,54,1861.5,Green,0.04934406280517578
117,86.0,65.5,38,63,1873.5,Red,0.04934406280517578
117,33.5,70.0,67,54,1780.0,Black,0.04934406280517578
117,80.0,20.5,160,41,1996.0,Black,0.04934406280517578
118,125.5,70.0,37,54,1861.5,Green,0.0386049747467041
118,86.0,65.5,38,63,1873.5,Red,0.0386049747467041
118,33.5,70.0,67,54,1780.0,Black,0.0386049747467041
118,80.0,20.5,160,41,1996.0,Black,0.0386049747467041
119,125.5,69.5,37,55,1863.5,Green,0.048337697982788086
119,86.5,69.0,37,56,1874.5,Red,0.048337697982788086
119,33.5,69.0,67,56,1763.5,Black,0.048337697982788086
119,80.0,20.5,160,41,2111.0,Black,0.048337697982788086
120,125.5,69.5,37,55,1863.5,Green,0.049552202224731445
120,86.5,69.0,37,56,1874.5,Red,0.049552202224731445
120,33.5,69.0,67,56,1763.5,Black,0.049552202224731445
120,80.0,20.5,160,41,2111.0,Black,0.049552202224731445
121,125.5,70.0,37,54,1864.5,Green,0.041667938232421875
121,86.0,64.5,38,65,1888.5,Red,0.041667938232421875
121,33.5,70.0,67,54,1768.0,Black,0.041667938232421875
121,80.0,20.5,160,41,2031.5,Black,0.041667938232421875
122,125.5,70.0,37,54,1864.5,Green,0.04823017120361328
122,86.0,64.5,38,65,1888.5,Red,0.04823017120361328
122,33.5,70.0,67,54,1768.0,Black,0.04823017120361328
122,80.0,20.5,160,41,2031.5,Black,0.04823017120361328
123,125.5,70.5,37,57,1873.0,Green,0.049057960510253906
123,86.5,69.5,37,55,1877.0,Red,0.049057960510253906
123,33.5,70.0,67,54,1771.0,Black,0.049057960510253906
123,80.0,20.5,160,41,2024.0,Black,0.049057960510253906
124,125.5,70.5,37,57,1873.0,Green,0.055582284927368164
124,86.5,69.5,37,55,1877.0,Red,0.055582284927368164
124,33.5,70.0,67,54,1771.0,Black,0.055582284927368164
124,80.0,20.5,160,41,2024.0,Black,0.055582284927368164
125,125.5,69.5,37,55,1867.0,Green,0.05835318565368652
125,86.0,61.0,38,72,1908.5,Red,0.05835318565368652
125,33.5,70.0,67,54,1783.0,Black,0.05835318565368652
125,80.0,20.5,160,41,2055.0,Black,0.05835318565368652
126,125.5,69.5,37,55,1867.0,Green,0.053365468978881836
126,86.0,61.0,38,72,1908.5,Red,0.053365468978881836
126,33.5,70.0,67,54,1783.0,Black,0.053365468978881836
126,80.0,20.5,160,41,2055.0,Black,0.053365468978881836
127,125.5,69.5,37,55,1879.0,Green,0.054915666580200195
127,86.5,69.5,37,55,1858.0,Red,0.054915666580200195
127,33.5,70.0,67,54,1769.5,Black,0.054915666580200195
127,80.0,20.5,160,41,2006.5,Black,0.054915666580200195
128,125.5,69.5,37,55,1879.0,Green,0.04010009765625
128,86.5,69.5,37,55,1858.0,Red,0.04010009765625
128,33.5,70.0,67,54,1769.5,Black,0.04010009765625
128,80.0,20.5,160,41,2006.5,Black,0.04010009765625
129,125.0,92.0,36,10,280.5,Green,0.048851728439331055
129,52.5,83.5,35,11,274.5,Green,0.048851728439331055
129,125.5,59.5,37,33,1103.0,Green,0.048851728439331055
129,108.0,66.5,80,61,2117.0,Red,0.048851728439331055
129,49.0,93.0,34,8,204.5,Black,0.048851728439331055
129,33.5,59.5,67,33,1100.5,Black,0.048851728439331055
129,80.0,20.5,160,41,2079.5,Black,0.048851728439331055
130,125.0,92.0,36,10,280.5,Green,0.04449820518493652
130,52.5,83.5,35,11,274.5,Green,0.04449820518493652
130,125.5,59.5,37,33,1103.0,Green,0.04449820518493652
130,108.0,66.5,80,61,2117.0,Red,0.04449820518493652
130,49.0,93.0,34,8,204.5,Black,0.04449820518493652
130,33.5,59.5,67,33,1100.5,Black,0.04449820518493652
130,80.0,20.5,160,41,2079.5,Black,0.04449820518493652
131,142.5,112.0,17,16,110.0,Blue,0.05634355545043945
131,125.5,70.0,37,54,1850.5,Green,0.05634355545043945
131,86.5,68.0,37,58,1893.0,Red,0.05634355545043945
131,33.5,69.0,67,56,1758.0,Black,0.05634355545043945
131,80.0,20.5,160,41,1971.5,Black,0.05634355545043945
132,142.5,112.0,17,16,110.0,Blue,0.056181907653808594
132,125.5,70.0,37,54,1850.5,Green,0.056181907653808594
132,86.5,68.0,37,58,1893.0,Red,0.056181907653808594
132,33.5,69.0,67,56,1758.0,Black,0.056181907653808594
132,80.0,20.5,160,41,1971.5,Black,0.056181907653808594
133,125.5,69.5,37,55,1869.5,Green,0.05397367477416992
133,86.5,67.5,37,59,1874.0,Red,0.05397367477416992
133,33.5,70.0,67,54,1779.5,Black,0.05397367477416992
133,80.0,20.5,160,41,1994.0,Black,0.05397367477416992
134,125.5,69.5,37,55,1869.5,Green,0.05089902877807617
134,86.5,67.5,37,59,1874.0,Red,0.05089902877807617
134,33.5,70.0,67,54,1779.5,Black,0.05089902877807617
134,80.0,20.5,160,41,1994.0,Black,0.05089902877807617
135,125.5,70.0,37,54,1862.5,Green,0.049990177154541016
135,86.5,69.5,37,55,1864.5,Red,0.049990177154541016
135,33.5,70.0,67,54,1771.5,Black,0.049990177154541016
135,80.0,20.5,160,41,1973.0,Black,0.049990177154541016
136,125.5,70.0,37,54,1862.5,Green,0.04428720474243164
136,86.5,69.5,37,55,1864.5,Red,0.04428720474243164
136,33.5,70.0,67,54,1771.5,Black,0.04428720474243164
136,80.0,20.5,160,41,1973.0,Black,0.04428720474243164
137,125.5,69.5,37,55,1868.5,Green,0.05493736267089844
137,86.5,69.5,37,55,1877.5,Red,0.05493736267089844
137,33.5,69.0,67,56,1779.5,Black,0.05493736267089844
137,80.0,25.0,160,50,2224.5,Black,0.05493736267089844
138,125.5,69.5,37,55,1868.5,Green,0.049508094787597656
138,86.5,69.5,37,55,1877.5,Red,0.049508094787597656
138,33.5,69.0,67,56,1779.5,Black,0.049508094787597656
138,80.0,25.0,160,50,2224.5,Black,0.049508094787597656
139,125.5,69.5,37,55,1877.5,Green,0.037679433822631836
139,86.5,69.5,37,55,1874.5,Red,0.037679433822631836
139,33.5,70.0,67,54,1764.5,Black,0.037679433822631836
139,80.0,24.5,160,49,2215.5,Black,0.037679433822631836
140,125.5,69.5,37,55,1877.5,Green,0.04095172882080078
140,86.5,69.5,37,55,1874.5,Red,0.04095172882080078
140,33.5,70.0,67,54,1764.5,Black,0.04095172882080078
140,80.0,24.5,160,49,2215.5,Black,0.04095172882080078
141,125.5,69.5,37,55,1867.5,Green,0.04693794250488281
141,86.5,70.0,37,58,1880.5,Red,0.04693794250488281
141,33.5,69.0,67,56,1771.5,Black,0.04693794250488281
141,80.0,24.5,160,49,2236.0,Black,0.04693794250488281
142,125.5,69.5,37,55,1867.5,Green,0.03976702690124512
142,86.5,70.0,37,58,1880.5,Red,0.03976702690124512
142,33.5,69.0,67,56,1771.5,Black,0.03976702690124512
142,80.0,24.5,160,49,2236.0,Black,0.03976702690124512
143,125.5,69.5,37,55,1869.5,Green,0.04699134826660156
143,86.5,69.5,37,55,1871.5,Red,0.04699134826660156
143,33.5,69.0,67,56,1788.0,Black,0.04699134826660156
143,80.0,24.5,160,49,2212.0,Black,0.04699134826660156
144,125.5,69.5,37,55,1869.5,Green,0.04606747627258301
144,86.5,69.5,37,55,1871.5,Red,0.04606747627258301
144,33.5,69.0,67,56,1788.0,Black,0.04606747627258301
144,80.0,24.5,160,49,2212.0,Black,0.04606747627258301
145,125.5,69.5,37,55,1866.5,Green,0.051830291748046875
145,86.5,68.0,37,58,1884.0,Red,0.051830291748046875
145,33.5,70.0,67,54,1771.5,Black,0.051830291748046875
145,80.0,24.5,160,49,2231.5,Black,0.051830291748046875
146,125.5,69.5,37,55,1866.5,Green,0.05024552345275879
146,86.5,68.0,37,58,1884.0,Red,0.05024552345275879
146,33.5,70.0,67,54,1771.5,Black,0.05024552345275879
146,80.0,24.5,160,49,2231.5,Black,0.05024552345275879
147,125.5,70.0,37,54,1858.5,Green,0.0426177978515625
147,86.5,69.0,37,56,1871.0,Red,0.0426177978515625
147,33.5,69.0,67,56,1767.0,Black,0.0426177978515625
147,80.0,20.5,160,41,2053.5,Black,0.0426177978515625
148,125.5,70.0,37,54,1858.5,Green,0.04133296012878418
148,86.5,69.0,37,56,1871.0,Red,0.04133296012878418
148,33.5,69.0,67,56,1767.0,Black,0.04133296012878418
148,80.0,20.5,160,41,2053.5,Black,0.04133296012878418
149,125.5,69.5,37,55,1871.0,Green,0.054523468017578125
149,86.5,69.0,37,56,1849.5,Red,0.054523468017578125
149,33.5,70.0,67,54,1784.5,Black,0.054523468017578125
149,80.0,20.5,160,41,2128.5,Black,0.054523468017578125
150,125.5,69.5,37,55,1871.0,Green,0.052504539489746094
150,86.5,69.0,37,56,1849.5,Red,0.052504539489746094
150,33.5,70.0,67,54,1784.5,Black,0.052504539489746094
150,80.0,20.5,160,41,2128.5,Black,0.052504539489746094
151,125.5,70.0,37,54,1867.5,Green,0.049163818359375
151,86.5,69.5,37,55,1854.0,Red,0.049163818359375
151,33.5,70.0,67,54,1784.0,Black,0.049163818359375
151,120.5,20.5,79,41,729.0,Black,0.049163818359375
151,37.0,14.5,74,29,1147.0,Black,0.049163818359375
152,125.5,70.0,37,54,1867.5,Green,0.05274510383605957
152,86.5,69.5,37,55,1854.0,Red,0.05274510383605957
152,33.5,70.0,67,54,1784.0,Black,0.05274510383605957
152,120.5,20.5,79,41,729.0,Black,0.05274510383605957
152,37.0,14.5,74,29,1147.0,Black,0.05274510383605957
153,125.5,70.0,37,54,1867.5,Green,0.05025362968444824
153,86.0,62.0,38,70,1894.0,Red,0.05025362968444824
153,33.5,70.5,67,53,1749.0,Black,0.05025362968444824
153,120.5,20.5,79,41,705.5,Black,0.05025362968444824
153,37.0,14.0,74,28,1131.0,Black,0.05025362968444824
154,125.5,70.0,37,54,1867.5,Green,0.0546414852142334
154,86.0,62.0,38,70,1894.0,Red,0.0546414852142334
154,33.5,70.5,67,53,1749.0,Black,0.0546414852142334
154,120.5,20.5,79,41,705.5,Black,0.0546414852142334
154,37.0,14.0,74,28,1131.0,Black,0.0546414852142334
155,125.5,70.0,37,54,1868.0,Green,0.057135581970214844
155,86.0,67.0,38,60,1884.5,Red,0.057135581970214844
155,145.5,32.5,23,15,147.0,Red,0.057135581970214844
155,33.5,70.0,67,54,1774.0,Black,0.057135581970214844
155,153.0,46.0,14,20,210.5,Black,0.057135581970214844
155,120.5,16.0,79,32,693.0,Black,0.057135581970214844
155,38.0,14.0,76,28,1156.5,Black,0.057135581970214844
156,125.5,70.0,37,54,1868.0,Green,0.04247856140136719
156,86.0,67.0,38,60,1884.5,Red,0.04247856140136719
156,145.5,32.5,23,15,147.0,Red,0.04247856140136719
156,33.5,70.0,67,54,1774.0,Black,0.04247856140136719
156,153.0,46.0,14,20,210.5,Black,0.04247856140136719
156,120.5,16.0,79,32,693.0,Black,0.04247856140136719
156,38.0,14.0,76,28,1156.5,Black,0.04247856140136719
157,125.5,70.0,37,54,1866.5,Green,0.048676252365112305
157,86.5,69.5,37,55,1866.5,Red,0.048676252365112305
157,33.5,70.0,67,54,1771.5,Black,0.048676252365112305
157,80.0,28.0,160,56,2284.5,Black,0.048676252365112305
158,125.5,70.0,37,54,1866.5,Green,0.048102617263793945
158,86.5,69.5,37,55,1866.5,Red,0.048102617263793945
158,33.5,70.0,67,54,1771.5,Black,0.048102617263793945
158,80.0,28.0,160,56,2284.5,Black,0.048102617263793945
159,47.0,65.0,22,22,178.5,Green,0.04032444953918457
159,125.5,70.0,37,54,1863.0,Green,0.04032444953918457
159,86.5,69.5,37,55,1857.0,Red,0.04032444953918457
159,33.5,70.0,67,54,1784.5,Black,0.04032444953918457
159,80.0,28.0,160,56,2290.5,Black,0.04032444953918457
160,47.0,65.0,22,22,178.5,Green,0.04406929016113281
160,125.5,70.0,37,54,1863.0,Green,0.04406929016113281
160,86.5,69.5,37,55,1857.0,Red,0.04406929016113281
160,33.5,70.0,67,54,1784.5,Black,0.04406929016113281
160,80.0,28.0,160,56,2290.5,Black,0.04406929016113281
161,125.5,70.0,37,54,1861.5,Green,0.0441896915435791
161,86.5,68.0,37,58,1884.0,Red,0.0441896915435791
161,33.5,70.0,67,54,1760.0,Black,0.0441896915435791
161,80.0,28.0,160,56,2369.5,Black,0.0441896915435791
162,125.5,70.0,37,54,1861.5,Green,0.03447103500366211
162,86.5,68.0,37,58,1884.0,Red,0.03447103500366211
162,33.5,70.0,67,54,1760.0,Black,0.03447103500366211
162,80.0,28.0,160,56,2369.5,Black,0.03447103500366211
163,125.5,70.0,37,54,1866.5,Green,0.04008030891418457
163,86.5,68.5,37,57,1881.0,Red,0.04008030891418457
163,38.0,69.0,58,56,1778.5,Black,0.04008030891418457
163,80.0,28.0,160,56,2361.5,Black,0.04008030891418457
164,125.5,70.0,37,54,1866.5,Green,0.051941871643066406
164,86.5,68.5,37,57,1881.0,Red,0.051941871643066406
164,38.0,69.0,58,56,1778.5,Black,0.051941871643066406
164,80.0,28.0,160,56,2361.5,Black,0.051941871643066406
165,125.5,70.0,37,54,1865.0,Green,0.037046194076538086
165,86.5,68.0,37,58,1852.0,Red,0.037046194076538086
165,33.5,69.0,67,56,1794.5,Black,0.037046194076538086
165,80.0,28.0,160,56,2401.0,Black,0.037046194076538086
166,125.5,70.0,37,54,1865.0,Green,0.05196428298950195
166,86.5,68.0,37,58,1852.0,Red,0.05196428298950195
166,33.5,69.0,67,56,1794.5,Black,0.05196428298950195
166,80.0,28.0,160,56,2401.0,Black,0.05196428298950195
167,126.0,69.5,38,55,1867.5,Green,0.05100727081298828
167,86.5,70.0,37,58,1877.0,Red,0.05100727081298828
167,33.5,69.0,67,56,1776.5,Black,0.05100727081298828
167,80.0,28.0,160,56,2454.5,Black,0.05100727081298828
168,126.0,69.5,38,55,1867.5,Green,0.03971695899963379
168,86.5,70.0,37,58,1877.0,Red,0.03971695899963379
168,33.5,69.0,67,56,1776.5,Black,0.03971695899963379
168,80.0,28.0,160,56,2454.5,Black,0.03971695899963379
169,125.5,69.5,37,55,1869.0,Green,0.04250192642211914
169,86.5,69.5,37,55,1877.5,Red,0.04250192642211914
169,33.5,70.0,67,54,1764.0,Black,0.04250192642211914
169,80.0,28.0,160,56,2406.0,Black,0.04250192642211914
170,125.5,69.5,37,55,1869.0,Green,0.03988361358642578
170,86.5,69.5,37,55,1877.5,Red,0.03988361358642578
170,33.5,70.0,67,54,1764.0,Black,0.03988361358642578
170,80.0,28.0,160,56,2406.0,Black,0.03988361358642578
171,125.5,70.0,37,54,1861.5,Green,0.048058271408081055
171,86.0,60.0,38,74,1894.0,Red,0.048058271408081055
171,33.5,69.0,67,56,1756.0,Black,0.048058271408081055
171,80.0,28.0,160,56,2355.5,Black,0.048058271408081055
172,125.5,70.0,37,54,1861.5,Green,0.04073786735534668
172,86.0,60.0,38,74,1894.0,Red,0.04073786735534668
172,33.5,69.0,67,56,1756.0,Black,0.04073786735534668
172,80.0,28.0,160,56,2355.5,Black,0.04073786735534668
173,125.5,70.0,37,54,1866.5,Green,0.045943260192871094
173,86.5,68.5,37,57,1842.5,Red,0.045943260192871094
173,33.5,70.0,67,54,1789.5,Black,0.045943260192871094
173,121.0,28.0,78,56,1070.0,Black,0.045943260192871094
173,38.0,16.5,76,33,1131.0,Black,0.045943260192871094
174,125.5,70.0,37,54,1866.5,Green,0.04119706153869629
174,86.5,68.5,37,57,1842.5,Red,0.04119706153869629
174,33.5,70.0,67,54,1789.5,Black,0.04119706153869629
174,121.0,28.0,78,56,1070.0,Black,0.04119706153869629
174,38.0,16.5,76,33,1131.0,Black,0.04119706153869629
175,125.5,70.0,37,54,1865.0,Green,0.053560733795166016
175,86.0,56.0,38,82,1939.0,Red,0.053560733795166016
175,33.5,70.0,67,54,1765.0,Black,0.053560733795166016
175,80.0,28.0,160,56,2436.5,Black,0.053560733795166016
176,125.5,70.0,37,54,1865.0,Green,0.05630183219909668
176,86.0,56.0,38,82,1939.0,Red,0.05630183219909668
176,33.5,70.0,67,54,1765.0,Black,0.05630183219909668
176,80.0,28.0,160,56,2436.5,Black,0.05630183219909668
177,125.5,70.0,37,54,1865.0,Green,0.055126190185546875
177,90.5,61.5,45,71,1955.0,Red,0.055126190185546875
177,33.5,70.0,67,54,1775.5,Black,0.055126190185546875
177,80.0,28.0,160,56,2278.5,Black,0.055126190185546875
178,125.5,70.0,37,54,1865.0,Green,0.04252219200134277
178,90.5,61.5,45,71,1955.0,Red,0.04252219200134277
178,33.5,70.0,67,54,1775.5,Black,0.04252219200134277
178,80.0,28.0,160,56,2278.5,Black,0.04252219200134277
179,125.5,69.5,37,55,1862.5,Green,0.04756045341491699
179,86.0,61.0,38,72,2151.5,Red,0.04756045341491699
179,33.5,69.0,67,56,1767.5,Black,0.04756045341491699
179,80.0,28.0,160,56,2310.5,Black,0.04756045341491699
180,125.5,69.5,37,55,1862.5,Green,0.04494929313659668
180,86.0,61.0,38,72,2151.5,Red,0.04494929313659668
180,33.5,69.0,67,56,1767.5,Black,0.04494929313659668
180,80.0,28.0,160,56,2310.5,Black,0.04494929313659668
181,125.5,70.0,37,54,1867.5,Green,0.04999232292175293
181,86.5,68.5,37,57,1863.5,Red,0.04999232292175293
181,49.0,69.0,36,56,1721.0,Black,0.04999232292175293
181,80.0,28.0,160,56,2435.5,Black,0.04999232292175293
182,125.5,70.0,37,54,1867.5,Green,0.06016039848327637
182,86.5,68.5,37,57,1863.5,Red,0.06016039848327637
182,49.0,69.0,36,56,1721.0,Black,0.06016039848327637
182,80.0,28.0,160,56,2435.5,Black,0.06016039848327637
183,125.5,70.0,37,54,1862.0,Green,0.0443723201751709
183,86.0,63.0,38,68,1894.5,Red,0.0443723201751709
183,33.5,69.5,67,55,1850.0,Black,0.0443723201751709
183,80.0,28.0,160,56,2276.0,Black,0.0443723201751709
184,125.5,70.0,37,54,1862.0,Green,0.053442955017089844
184,86.0,63.0,38,68,1894.5,Red,0.053442955017089844
184,33.5,69.5,67,55,1850.0,Black,0.053442955017089844
184,80.0,28.0,160,56,2276.0,Black,0.053442955017089844
185,125.5,70.0,37,54,1863.0,Green,0.03900265693664551
185,85.0,56.5,40,81,1987.5,Red,0.03900265693664551
185,33.5,69.0,67,56,1774.0,Black,0.03900265693664551
185,80.0,28.0,160,56,2322.5,Black,0.03900265693664551
186,125.5,70.0,37,54,1863.0,Green,0.04504728317260742
186,85.0,56.5,40,81,1987.5,Red,0.04504728317260742
186,33.5,69.0,67,56,1774.0,Black,0.04504728317260742
186,80.0,28.0,160,56,2322.5,Black,0.04504728317260742
187,125.5,69.5,37,55,1873.5,Green,0.04525303840637207
187,86.5,67.5,37,59,1891.5,Red,0.04525303840637207
187,33.5,69.0,67,56,1759.0,Black,0.04525303840637207
187,80.0,28.0,160,56,2358.0,Black,0.04525303840637207
188,125.5,69.5,37,55,1873.5,Green,0.039778947830200195
188,86.5,67.5,37,59,1891.5,Red,0.039778947830200195
188,33.5,69.0,67,56,1759.0,Black,0.039778947830200195
188,80.0,28.0,160,56,2358.0,Black,0.039778947830200195
189,125.5,70.0,37,54,1867.5,Green,0.06065487861633301
189,86.5,68.5,37,57,1862.5,Red,0.06065487861633301
189,33.5,70.0,67,54,1761.5,Black,0.06065487861633301
189,80.0,28.0,160,56,2364.5,Black,0.06065487861633301
190,125.5,70.0,37,54,1867.5,Green,0.04986572265625
190,86.5,68.5,37,57,1862.5,Red,0.04986572265625
190,33.5,70.0,67,54,1761.5,Black,0.04986572265625
190,80.0,28.0,160,56,2364.5,Black,0.04986572265625
191,125.5,70.0,37,54,1863.5,Green,0.04811668395996094
191,86.5,69.5,37,55,1873.0,Red,0.04811668395996094
191,33.5,70.0,67,54,1760.5,Black,0.04811668395996094
191,80.0,28.0,160,56,2439.5,Black,0.04811668395996094
192,125.5,70.0,37,54,1863.5,Green,0.04594826698303223
192,86.5,69.5,37,55,1873.0,Red,0.04594826698303223
192,33.5,70.0,67,54,1760.5,Black,0.04594826698303223
192,80.0,28.0,160,56,2439.5,Black,0.04594826698303223
193,125.5,70.0,37,54,1863.0,Green,0.05243182182312012
193,85.5,66.0,39,62,1882.0,Red,0.05243182182312012
193,33.5,69.0,67,56,1750.0,Black,0.05243182182312012
193,80.0,28.0,160,56,2331.0,Black,0.05243182182312012
194,125.5,70.0,37,54,1863.0,Green,0.03820323944091797
194,85.5,66.0,39,62,1882.0,Red,0.03820323944091797
194,33.5,69.0,67,56,1750.0,Black,0.03820323944091797
194,80.0,28.0,160,56,2331.0,Black,0.03820323944091797
195,125.5,70.0,37,54,1866.0,Green,0.03767275810241699
195,86.5,66.0,37,62,1898.0,Red,0.03767275810241699
195,33.5,70.0,67,54,1759.0,Black,0.03767275810241699
195,80.0,28.0,160,56,2285.5,Black,0.03767275810241699
196,125.5,70.0,37,54,1866.0,Green,0.04071307182312012
196,86.5,66.0,37,62,1898.0,Red,0.04071307182312012
196,33.5,70.0,67,54,1759.0,Black,0.04071307182312012
196,80.0,28.0,160,56,2285.5,Black,0.04071307182312012
197,148.0,115.0,24,10,153.5,Blue,0.040866851806640625
197,125.5,70.0,37,54,1855.5,Green,0.040866851806640625
197,86.5,69.5,37,55,1867.5,Red,0.040866851806640625
197,33.5,70.0,67,54,1771.0,Black,0.040866851806640625
197,80.0,28.0,160,56,2231.0,Black,0.040866851806640625
198,148.0,115.0,24,10,153.5,Blue,0.03422737121582031
198,125.5,70.0,37,54,1855.5,Green,0.03422737121582031
198,86.5,69.5,37,55,1867.5,Red,0.03422737121582031
198,33.5,70.0,67,54,1771.0,Black,0.03422737121582031
198,80.0,28.0,160,56,2231.0,Black,0.03422737121582031
199,125.5,70.0,37,54,1860.0,Green,0.04762625694274902
199,86.0,61.0,38,76,1921.5,Red,0.04762625694274902
199,33.5,70.0,67,54,1783.5,Black,0.04762625694274902
199,80.0,28.0,160,56,2243.5,Black,0.04762625694274902
