step,x_center,y_center,width,height,conf,label,time
0,125.61357116699219,70.62065124511719,40.414581298828125,57.31224060058594,0.9710909128189087,Green Block,0.9542026519775391
0,48.8232421875,69.52120208740234,36.5892333984375,55.593597412109375,0.9631719589233398,Green Block,0.9542026519775391
0,86.17964935302734,70.39682006835938,40.67036437988281,58.57194519042969,0.9584373235702515,Red Block,0.9542026519775391
0,102.75757598876953,70.31480407714844,74.61137390136719,56.142391204833984,0.3801240026950836,Green Block,0.9542026519775391
1,125.63594055175781,70.41944122314453,40.473609924316406,57.08538818359375,0.9715726971626282,Green Block,0.16718244552612305
1,48.87793731689453,69.47322082519531,36.540802001953125,55.495243072509766,0.9629049897193909,Green Block,0.16718244552612305
1,86.1485824584961,70.42390441894531,40.67079162597656,58.19626235961914,0.954971194267273,Red Block,0.16718244552612305
1,103.7444839477539,70.22318267822266,75.29322814941406,55.9307975769043,0.3561231195926666,Green Block,0.16718244552612305
2,125.63594055175781,70.41944122314453,40.473609924316406,57.08538818359375,0.9715726971626282,Green Block,0.054823875427246094
2,48.87793731689453,69.47322082519531,36.540802001953125,55.495243072509766,0.9629049897193909,Green Block,0.054823875427246094
2,86.1485824584961,70.42390441894531,40.67079162597656,58.19626235961914,0.954971194267273,Red Block,0.054823875427246094
2,103.7444839477539,70.22318267822266,75.29322814941406,55.9307975769043,0.3561231195926666,Green Block,0.054823875427246094
3,125.55545043945312,70.48798370361328,40.525970458984375,57.15419006347656,0.9715903997421265,Green Block,0.5768802165985107
3,48.97490692138672,69.50956726074219,36.75252151489258,55.503170013427734,0.9654174447059631,Green Block,0.5768802165985107
3,86.21778106689453,70.37257385253906,40.71159362792969,58.2647705078125,0.9595336318016052,Red Block,0.5768802165985107
3,103.35305786132812,70.20989990234375,74.90988159179688,55.98934555053711,0.3740956783294678,Green Block,0.5768802165985107
4,125.55545043945312,70.48798370361328,40.525970458984375,57.15419006347656,0.9715903997421265,Green Block,0.0648794174194336
4,48.97490692138672,69.50956726074219,36.75252151489258,55.503170013427734,0.9654174447059631,Green Block,0.0648794174194336
4,86.21778106689453,70.37257385253906,40.71159362792969,58.2647705078125,0.9595336318016052,Red Block,0.0648794174194336
4,103.35305786132812,70.20989990234375,74.90988159179688,55.98934555053711,0.3740956783294678,Green Block,0.0648794174194336
5,125.57268524169922,70.48699951171875,40.55360412597656,57.15481948852539,0.9710585474967957,Green Block,0.030724525451660156
5,48.842838287353516,69.39346313476562,36.39167022705078,55.473628997802734,0.9652761220932007,Green Block,0.030724525451660156
5,86.228515625,70.29057312011719,40.76800537109375,58.31416320800781,0.9606063365936279,Red Block,0.030724525451660156
5,102.78215789794922,70.17034912109375,74.63258361816406,55.95858383178711,0.37984299659729004,Green Block,0.030724525451660156
6,125.57268524169922,70.48699951171875,40.55360412597656,57.15481948852539,0.9710585474967957,Green Block,0.06360816955566406
6,48.842838287353516,69.39346313476562,36.39167022705078,55.473628997802734,0.9652761220932007,Green Block,0.06360816955566406
6,86.228515625,70.29057312011719,40.76800537109375,58.31416320800781,0.9606063365936279,Red Block,0.06360816955566406
6,102.78215789794922,70.17034912109375,74.63258361816406,55.95858383178711,0.37984299659729004,Green Block,0.06360816955566406
7,125.62179565429688,70.44727325439453,40.571502685546875,57.057525634765625,0.9719668626785278,Green Block,0.49318909645080566
7,48.867774963378906,69.3399658203125,36.52534103393555,55.62750244140625,0.9629058241844177,Green Block,0.49318909645080566
7,86.31747436523438,70.3125,40.61590576171875,58.317596435546875,0.9596996903419495,Red Block,0.49318909645080566
8,125.62179565429688,70.44727325439453,40.571502685546875,57.057525634765625,0.9719668626785278,Green Block,0.05745577812194824
8,48.867774963378906,69.3399658203125,36.52534103393555,55.62750244140625,0.9629058241844177,Green Block,0.05745577812194824
8,86.31747436523438,70.3125,40.61590576171875,58.317596435546875,0.9596996903419495,Red Block,0.05745577812194824
9,125.67044067382812,70.67168426513672,40.2913818359375,57.31024169921875,0.9723812937736511,Green Block,0.08428788185119629
9,48.85760498046875,69.40769958496094,36.62506103515625,55.54156494140625,0.963932991027832,Green Block,0.08428788185119629
9,86.14007568359375,70.26496887207031,40.55998229980469,58.539485931396484,0.9600761532783508,Red Block,0.08428788185119629
9,103.54058074951172,70.2386245727539,75.01939392089844,56.19950866699219,0.37718552350997925,Green Block,0.08428788185119629
10,125.67044067382812,70.67168426513672,40.2913818359375,57.31024169921875,0.9723812937736511,Green Block,0.04952526092529297
10,48.85760498046875,69.40769958496094,36.62506103515625,55.54156494140625,0.963932991027832,Green Block,0.04952526092529297
10,86.14007568359375,70.26496887207031,40.55998229980469,58.539485931396484,0.9600761532783508,Red Block,0.04952526092529297
10,103.54058074951172,70.2386245727539,75.01939392089844,56.19950866699219,0.37718552350997925,Green Block,0.04952526092529297
11,125.66924285888672,70.5450439453125,40.48493957519531,57.27402114868164,0.9725586771965027,Green Block,0.2575204372406006
11,48.810245513916016,69.5078353881836,36.62743377685547,55.58158874511719,0.9656767845153809,Green Block,0.2575204372406006
11,86.2635726928711,70.33523559570312,40.55009460449219,58.39059066772461,0.9614400863647461,Red Block,0.2575204372406006
11,103.88499450683594,70.22821044921875,75.28250122070312,56.11166763305664,0.3698182702064514,Green Block,0.2575204372406006
12,125.66924285888672,70.5450439453125,40.48493957519531,57.27402114868164,0.9725586771965027,Green Block,0.06270146369934082
12,48.810245513916016,69.5078353881836,36.62743377685547,55.58158874511719,0.9656767845153809,Green Block,0.06270146369934082
12,86.2635726928711,70.33523559570312,40.55009460449219,58.39059066772461,0.9614400863647461,Red Block,0.06270146369934082
12,103.88499450683594,70.22821044921875,75.28250122070312,56.11166763305664,0.3698182702064514,Green Block,0.06270146369934082
13,125.70034790039062,70.52335357666016,40.19512939453125,56.8775520324707,0.9750725030899048,Green Block,0.7307183742523193
13,48.85260772705078,69.33061981201172,36.49305725097656,55.60029602050781,0.9678283333778381,Green Block,0.7307183742523193
13,86.18915557861328,70.20381164550781,40.466217041015625,58.23394775390625,0.9640249609947205,Red Block,0.7307183742523193
13,103.28153991699219,70.214599609375,74.50039672851562,55.86346435546875,0.34292685985565186,Green Block,0.7307183742523193
14,125.70034790039062,70.52335357666016,40.19512939453125,56.8775520324707,0.9750725030899048,Green Block,0.05657792091369629
14,48.85260772705078,69.33061981201172,36.49305725097656,55.60029602050781,0.9678283333778381,Green Block,0.05657792091369629
14,86.18915557861328,70.20381164550781,40.466217041015625,58.23394775390625,0.9640249609947205,Red Block,0.05657792091369629
14,103.28153991699219,70.214599609375,74.50039672851562,55.86346435546875,0.34292685985565186,Green Block,0.05657792091369629
15,125.66279602050781,70.19536590576172,40.2652587890625,57.5921745300293,0.9751491546630859,Green Block,0.34366893768310547
15,48.919700622558594,69.0692138671875,36.74324417114258,56.40406799316406,0.9667229652404785,Green Block,0.34366893768310547
15,86.21939086914062,69.89916229248047,40.54658508300781,58.76490783691406,0.9655112028121948,Red Block,0.34366893768310547
15,103.02144622802734,69.82118225097656,74.42002868652344,56.7998046875,0.3271641433238983,Green Block,0.34366893768310547
16,125.66279602050781,70.19536590576172,40.2652587890625,57.5921745300293,0.9751491546630859,Green Block,0.08705329895019531
16,48.919700622558594,69.0692138671875,36.74324417114258,56.40406799316406,0.9667229652404785,Green Block,0.08705329895019531
16,86.21939086914062,69.89916229248047,40.54658508300781,58.76490783691406,0.9655112028121948,Red Block,0.08705329895019531
16,103.02144622802734,69.82118225097656,74.42002868652344,56.7998046875,0.3271641433238983,Green Block,0.08705329895019531
17,85.79910278320312,80.88352966308594,39.433624267578125,37.07442855834961,0.9589582681655884,Red Block,0.39095020294189453
17,49.061309814453125,80.79107666015625,36.9964599609375,33.0684814453125,0.9584851264953613,Green Block,0.39095020294189453
17,125.78144836425781,80.14933013916016,38.833251953125,37.1063232421875,0.9522300362586975,Green Block,0.39095020294189453
18,85.79910278320312,80.88352966308594,39.433624267578125,37.07442855834961,0.9589582681655884,Red Block,0.0515141487121582
18,49.061309814453125,80.79107666015625,36.9964599609375,33.0684814453125,0.9584851264953613,Green Block,0.0515141487121582
18,125.78144836425781,80.14933013916016,38.833251953125,37.1063232421875,0.9522300362586975,Green Block,0.0515141487121582
19,125.57081604003906,70.50972747802734,40.439903259277344,57.13801956176758,0.9740158915519714,Green Block,0.3720710277557373
19,48.832763671875,69.28373718261719,36.51822280883789,55.73442077636719,0.9676735997200012,Green Block,0.3720710277557373
19,86.27820587158203,70.36958312988281,40.62248229980469,58.18287658691406,0.9647427201271057,Red Block,0.3720710277557373
19,102.76714324951172,70.23435974121094,74.15214538574219,56.04556655883789,0.3351258933544159,Green Block,0.3720710277557373
20,125.57081604003906,70.50972747802734,40.439903259277344,57.13801956176758,0.9740158915519714,Green Block,0.348003625869751
20,48.832763671875,69.28373718261719,36.51822280883789,55.73442077636719,0.9676735997200012,Green Block,0.348003625869751
20,86.27820587158203,70.36958312988281,40.62248229980469,58.18287658691406,0.9647427201271057,Red Block,0.348003625869751
20,102.76714324951172,70.23435974121094,74.15214538574219,56.04556655883789,0.3351258933544159,Green Block,0.348003625869751
21,125.69469451904297,70.4437026977539,40.38764953613281,57.3643684387207,0.9729464054107666,Green Block,0.05075836181640625
21,48.84058380126953,69.44490814208984,36.62925338745117,55.39789962768555,0.967129111289978,Green Block,0.05075836181640625
21,86.19596862792969,70.3945541381836,40.565032958984375,58.26872634887695,0.9588537812232971,Red Block,0.05075836181640625
21,103.93214416503906,70.15458679199219,75.25201416015625,56.10597229003906,0.3594988286495209,Green Block,0.05075836181640625
22,125.69469451904297,70.4437026977539,40.38764953613281,57.3643684387207,0.9729464054107666,Green Block,0.03806567192077637
22,48.84058380126953,69.44490814208984,36.62925338745117,55.39789962768555,0.967129111289978,Green Block,0.03806567192077637
22,86.19596862792969,70.3945541381836,40.565032958984375,58.26872634887695,0.9588537812232971,Red Block,0.03806567192077637
22,103.93214416503906,70.15458679199219,75.25201416015625,56.10597229003906,0.3594988286495209,Green Block,0.03806567192077637
23,125.61450958251953,70.63916015625,40.44471740722656,57.592254638671875,0.9716012477874756,Green Block,0.6674683094024658
23,48.90544128417969,69.40657043457031,36.478694915771484,55.509029388427734,0.9667413234710693,Green Block,0.6674683094024658
23,86.27040100097656,70.41580200195312,40.82611083984375,58.1834716796875,0.9620176553726196,Red Block,0.6674683094024658
23,102.81689453125,70.28653717041016,74.56463623046875,56.11578369140625,0.3699529469013214,Green Block,0.6674683094024658
24,125.61450958251953,70.63916015625,40.44471740722656,57.592254638671875,0.9716012477874756,Green Block,0.1165766716003418
24,48.90544128417969,69.40657043457031,36.478694915771484,55.509029388427734,0.9667413234710693,Green Block,0.1165766716003418
24,86.27040100097656,70.41580200195312,40.82611083984375,58.1834716796875,0.9620176553726196,Red Block,0.1165766716003418
24,102.81689453125,70.28653717041016,74.56463623046875,56.11578369140625,0.3699529469013214,Green Block,0.1165766716003418
25,125.65098571777344,70.42294311523438,40.3560791015625,57.09101867675781,0.9720818996429443,Green Block,0.9094083309173584
25,48.94999313354492,69.4439926147461,36.538368225097656,55.49186706542969,0.9664331674575806,Green Block,0.9094083309173584
25,86.22598266601562,70.51753234863281,40.58757019042969,58.160343170166016,0.9598218202590942,Red Block,0.9094083309173584
25,103.63948059082031,70.23970794677734,75.14382934570312,55.90431213378906,0.36427924036979675,Green Block,0.9094083309173584
26,125.65098571777344,70.42294311523438,40.3560791015625,57.09101867675781,0.9720818996429443,Green Block,0.08095049858093262
26,48.94999313354492,69.4439926147461,36.538368225097656,55.49186706542969,0.9664331674575806,Green Block,0.08095049858093262
26,86.22598266601562,70.51753234863281,40.58757019042969,58.160343170166016,0.9598218202590942,Red Block,0.08095049858093262
26,103.63948059082031,70.23970794677734,75.14382934570312,55.90431213378906,0.36427924036979675,Green Block,0.08095049858093262
27,125.60919189453125,70.36021423339844,40.31939697265625,57.01678466796875,0.9719155430793762,Green Block,0.5567231178283691
27,48.968963623046875,69.42341613769531,36.30445861816406,55.422637939453125,0.9666580557823181,Green Block,0.5567231178283691
27,86.22101593017578,70.43875122070312,40.79347229003906,58.11991882324219,0.9621990323066711,Red Block,0.5567231178283691
27,102.19758605957031,70.22808837890625,73.94913482666016,55.84832763671875,0.3765240013599396,Green Block,0.5567231178283691
28,125.60919189453125,70.36021423339844,40.31939697265625,57.01678466796875,0.9719155430793762,Green Block,0.5189905166625977
28,48.968963623046875,69.42341613769531,36.30445861816406,55.422637939453125,0.9666580557823181,Green Block,0.5189905166625977
28,86.22101593017578,70.43875122070312,40.79347229003906,58.11991882324219,0.9621990323066711,Red Block,0.5189905166625977
28,102.19758605957031,70.22808837890625,73.94913482666016,55.84832763671875,0.3765240013599396,Green Block,0.5189905166625977
29,125.6401596069336,70.59407806396484,40.50120544433594,57.56541061401367,0.9707500338554382,Green Block,0.04188346862792969
29,48.86930847167969,69.36824035644531,36.25502014160156,55.375125885009766,0.9664087891578674,Green Block,0.04188346862792969
29,86.15933227539062,70.37333679199219,40.69624328613281,58.100677490234375,0.9612665772438049,Red Block,0.04188346862792969
29,103.41767883300781,70.28697204589844,75.19580078125,56.143795013427734,0.38883575797080994,Green Block,0.04188346862792969
30,125.6401596069336,70.59407806396484,40.50120544433594,57.56541061401367,0.9707500338554382,Green Block,0.041231393814086914
30,48.86930847167969,69.36824035644531,36.25502014160156,55.375125885009766,0.9664087891578674,Green Block,0.041231393814086914
30,86.15933227539062,70.37333679199219,40.69624328613281,58.100677490234375,0.9612665772438049,Red Block,0.041231393814086914
30,103.41767883300781,70.28697204589844,75.19580078125,56.143795013427734,0.38883575797080994,Green Block,0.041231393814086914
31,125.65259552001953,70.52308654785156,40.42543029785156,57.38948059082031,0.972908079624176,Green Block,0.38243937492370605
31,48.77344512939453,69.53038024902344,36.304718017578125,55.2843017578125,0.9675109386444092,Green Block,0.38243937492370605
31,86.28883361816406,70.48360443115234,40.58349609375,57.992340087890625,0.9629548192024231,Red Block,0.38243937492370605
31,103.65373992919922,70.26156616210938,75.17424011230469,56.0186767578125,0.3763063848018646,Green Block,0.38243937492370605
32,125.65259552001953,70.52308654785156,40.42543029785156,57.38948059082031,0.972908079624176,Green Block,0.41184282302856445
32,48.77344512939453,69.53038024902344,36.304718017578125,55.2843017578125,0.9675109386444092,Green Block,0.41184282302856445
32,86.28883361816406,70.48360443115234,40.58349609375,57.992340087890625,0.9629548192024231,Red Block,0.41184282302856445
32,103.65373992919922,70.26156616210938,75.17424011230469,56.0186767578125,0.3763063848018646,Green Block,0.41184282302856445
33,125.65850830078125,70.52095031738281,40.502288818359375,57.345611572265625,0.9725803136825562,Green Block,0.08802318572998047
33,48.801422119140625,69.48429870605469,36.428531646728516,55.22257995605469,0.9675805568695068,Green Block,0.08802318572998047
33,86.23257446289062,70.41731262207031,40.72492980957031,57.970890045166016,0.9625350832939148,Red Block,0.08802318572998047
33,103.6890869140625,70.25479125976562,75.21930694580078,55.944976806640625,0.3645195960998535,Green Block,0.08802318572998047
34,125.65850830078125,70.52095031738281,40.502288818359375,57.345611572265625,0.9725803136825562,Green Block,0.07012486457824707
34,48.801422119140625,69.48429870605469,36.428531646728516,55.22257995605469,0.9675805568695068,Green Block,0.07012486457824707
34,86.23257446289062,70.41731262207031,40.72492980957031,57.970890045166016,0.9625350832939148,Red Block,0.07012486457824707
34,103.6890869140625,70.25479125976562,75.21930694580078,55.944976806640625,0.3645195960998535,Green Block,0.07012486457824707
35,125.72271728515625,70.4901351928711,40.293426513671875,57.12943649291992,0.973246693611145,Green Block,0.05813789367675781
35,48.7720947265625,69.49726104736328,36.3643798828125,55.20432662963867,0.9684059619903564,Green Block,0.05813789367675781
35,86.14488983154297,70.4767837524414,40.62800598144531,58.086456298828125,0.9618386030197144,Red Block,0.05813789367675781
35,102.7463150024414,70.26995849609375,74.52412414550781,55.86595153808594,0.3645709455013275,Green Block,0.05813789367675781
36,125.72271728515625,70.4901351928711,40.293426513671875,57.12943649291992,0.973246693611145,Green Block,0.03290605545043945
36,48.7720947265625,69.49726104736328,36.3643798828125,55.20432662963867,0.9684059619903564,Green Block,0.03290605545043945
36,86.14488983154297,70.4767837524414,40.62800598144531,58.086456298828125,0.9618386030197144,Red Block,0.03290605545043945
36,102.7463150024414,70.26995849609375,74.52412414550781,55.86595153808594,0.3645709455013275,Green Block,0.03290605545043945
37,125.66043853759766,70.42084503173828,40.33177185058594,57.01173782348633,0.9725163578987122,Green Block,0.034921884536743164
37,48.85099411010742,69.57537078857422,36.34624481201172,55.3337287902832,0.9674373269081116,Green Block,0.034921884536743164
37,86.22354125976562,70.4282455444336,40.8262939453125,57.91358947753906,0.964088499546051,Red Block,0.034921884536743164
37,102.07563781738281,70.24374389648438,73.71453857421875,55.866275787353516,0.377994179725647,Green Block,0.034921884536743164
38,125.66043853759766,70.42084503173828,40.33177185058594,57.01173782348633,0.9725163578987122,Green Block,0.049378395080566406
38,48.85099411010742,69.57537078857422,36.34624481201172,55.3337287902832,0.9674373269081116,Green Block,0.049378395080566406
38,86.22354125976562,70.4282455444336,40.8262939453125,57.91358947753906,0.964088499546051,Red Block,0.049378395080566406
38,102.07563781738281,70.24374389648438,73.71453857421875,55.866275787353516,0.377994179725647,Green Block,0.049378395080566406
39,125.66545104980469,70.3978271484375,40.37938690185547,57.01603698730469,0.9723749756813049,Green Block,0.39864110946655273
39,48.77283477783203,69.70445251464844,36.40980529785156,55.057796478271484,0.9682319760322571,Green Block,0.39864110946655273
39,86.26744079589844,70.46258544921875,40.6915283203125,58.00047302246094,0.962303638458252,Red Block,0.39864110946655273
39,102.946533203125,70.20707702636719,74.68624877929688,55.90321350097656,0.37147343158721924,Green Block,0.39864110946655273
40,125.66545104980469,70.3978271484375,40.37938690185547,57.01603698730469,0.9723749756813049,Green Block,0.06418514251708984
40,48.77283477783203,69.70445251464844,36.40980529785156,55.057796478271484,0.9682319760322571,Green Block,0.06418514251708984
40,86.26744079589844,70.46258544921875,40.6915283203125,58.00047302246094,0.962303638458252,Red Block,0.06418514251708984
40,102.946533203125,70.20707702636719,74.68624877929688,55.90321350097656,0.37147343158721924,Green Block,0.06418514251708984
41,125.66353607177734,70.5914535522461,40.36631774902344,57.46490478515625,0.9720492959022522,Green Block,0.028610944747924805
41,48.78227996826172,69.52706909179688,36.48692321777344,55.301700592041016,0.9667235612869263,Green Block,0.028610944747924805
41,86.1397705078125,70.49311828613281,40.7950439453125,58.101837158203125,0.9596177339553833,Red Block,0.028610944747924805
41,103.21305084228516,70.30966186523438,74.96522521972656,56.071475982666016,0.37921062111854553,Green Block,0.028610944747924805
42,125.66353607177734,70.5914535522461,40.36631774902344,57.46490478515625,0.9720492959022522,Green Block,0.4702320098876953
42,48.78227996826172,69.52706909179688,36.48692321777344,55.301700592041016,0.9667235612869263,Green Block,0.4702320098876953
42,86.1397705078125,70.49311828613281,40.7950439453125,58.101837158203125,0.9596177339553833,Red Block,0.4702320098876953
42,103.21305084228516,70.30966186523438,74.96522521972656,56.071475982666016,0.37921062111854553,Green Block,0.4702320098876953
43,125.5957260131836,70.60523986816406,40.48619079589844,57.20663070678711,0.972194492816925,Green Block,0.35919737815856934
43,48.74970245361328,69.41382598876953,36.473236083984375,55.17555236816406,0.9682926535606384,Green Block,0.35919737815856934
43,86.19115447998047,70.49723815917969,40.72149658203125,57.953369140625,0.9615967273712158,Red Block,0.35919737815856934
43,103.6160888671875,70.30561065673828,75.12771606445312,55.92613220214844,0.3679085373878479,Green Block,0.35919737815856934
44,125.5957260131836,70.60523986816406,40.48619079589844,57.20663070678711,0.972194492816925,Green Block,0.06466412544250488
44,48.74970245361328,69.41382598876953,36.473236083984375,55.17555236816406,0.9682926535606384,Green Block,0.06466412544250488
44,86.19115447998047,70.49723815917969,40.72149658203125,57.953369140625,0.9615967273712158,Red Block,0.06466412544250488
44,103.6160888671875,70.30561065673828,75.12771606445312,55.92613220214844,0.3679085373878479,Green Block,0.06466412544250488
45,125.58085632324219,70.51042938232422,40.529640197753906,57.17118835449219,0.9719412922859192,Green Block,0.040122032165527344
45,48.822296142578125,69.44709014892578,36.420166015625,55.26007080078125,0.967223048210144,Green Block,0.040122032165527344
45,86.21260070800781,70.49837493896484,40.688568115234375,58.1131477355957,0.9616962671279907,Red Block,0.040122032165527344
45,103.69869995117188,70.28538513183594,75.24594116210938,55.88908386230469,0.3756958246231079,Green Block,0.040122032165527344
46,125.58085632324219,70.51042938232422,40.529640197753906,57.17118835449219,0.9719412922859192,Green Block,0.06954717636108398
46,48.822296142578125,69.44709014892578,36.420166015625,55.26007080078125,0.967223048210144,Green Block,0.06954717636108398
46,86.21260070800781,70.49837493896484,40.688568115234375,58.1131477355957,0.9616962671279907,Red Block,0.06954717636108398
46,103.69869995117188,70.28538513183594,75.24594116210938,55.88908386230469,0.3756958246231079,Green Block,0.06954717636108398
47,125.57807922363281,70.44923400878906,40.470176696777344,57.16469955444336,0.9713038206100464,Green Block,0.028098344802856445
47,48.8424072265625,69.43500518798828,36.32577133178711,55.5333251953125,0.9668371677398682,Green Block,0.028098344802856445
47,86.21272277832031,70.50587463378906,40.833282470703125,58.03759765625,0.9627644419670105,Red Block,0.028098344802856445
47,102.05349731445312,70.25856018066406,73.817626953125,55.92300033569336,0.36844679713249207,Green Block,0.028098344802856445
48,125.57807922363281,70.44923400878906,40.470176696777344,57.16469955444336,0.9713038206100464,Green Block,0.05899477005004883
48,48.8424072265625,69.43500518798828,36.32577133178711,55.5333251953125,0.9668371677398682,Green Block,0.05899477005004883
48,86.21272277832031,70.50587463378906,40.833282470703125,58.03759765625,0.9627644419670105,Red Block,0.05899477005004883
48,102.05349731445312,70.25856018066406,73.817626953125,55.92300033569336,0.36844679713249207,Green Block,0.05899477005004883
49,125.61012268066406,70.4305191040039,40.510093688964844,57.123199462890625,0.9713243842124939,Green Block,0.4594688415527344
49,48.80524444580078,69.58506774902344,36.46577453613281,55.250244140625,0.9662256836891174,Green Block,0.4594688415527344
49,86.21087646484375,70.46682739257812,40.72996520996094,58.10205078125,0.960925281047821,Red Block,0.4594688415527344
49,103.24353790283203,70.20433807373047,74.95893859863281,55.92597961425781,0.37484362721443176,Green Block,0.4594688415527344
50,125.61012268066406,70.4305191040039,40.510093688964844,57.123199462890625,0.9713243842124939,Green Block,0.18422293663024902
50,48.80524444580078,69.58506774902344,36.46577453613281,55.250244140625,0.9662256836891174,Green Block,0.18422293663024902
50,86.21087646484375,70.46682739257812,40.72996520996094,58.10205078125,0.960925281047821,Red Block,0.18422293663024902
50,103.24353790283203,70.20433807373047,74.95893859863281,55.92597961425781,0.37484362721443176,Green Block,0.18422293663024902
51,125.65010833740234,70.52751159667969,40.39057922363281,57.423099517822266,0.9725955128669739,Green Block,0.030095577239990234
51,48.91554260253906,69.4962387084961,36.47873306274414,54.96498107910156,0.9668907523155212,Green Block,0.030095577239990234
51,86.19012451171875,70.43065643310547,40.70417785644531,57.977325439453125,0.9601383805274963,Red Block,0.030095577239990234
51,103.53600311279297,70.2497787475586,75.06193542480469,56.0461311340332,0.3779236376285553,Green Block,0.030095577239990234
52,125.65010833740234,70.52751159667969,40.39057922363281,57.423099517822266,0.9725955128669739,Green Block,0.035111427307128906
52,48.91554260253906,69.4962387084961,36.47873306274414,54.96498107910156,0.9668907523155212,Green Block,0.035111427307128906
52,86.19012451171875,70.43065643310547,40.70417785644531,57.977325439453125,0.9601383805274963,Red Block,0.035111427307128906
52,103.53600311279297,70.2497787475586,75.06193542480469,56.0461311340332,0.3779236376285553,Green Block,0.035111427307128906
53,125.60269927978516,70.44064331054688,40.41111755371094,57.02707290649414,0.9715493321418762,Green Block,0.21393108367919922
53,48.820987701416016,69.44271087646484,36.35277557373047,55.3572998046875,0.965559720993042,Green Block,0.21393108367919922
53,86.19347381591797,70.40882110595703,40.70289611816406,58.26933670043945,0.9630745649337769,Red Block,0.21393108367919922
53,102.51385498046875,70.24610900878906,74.35851287841797,55.88993835449219,0.38896092772483826,Green Block,0.21393108367919922
54,125.60269927978516,70.44064331054688,40.41111755371094,57.02707290649414,0.9715493321418762,Green Block,0.301072359085083
54,48.820987701416016,69.44271087646484,36.35277557373047,55.3572998046875,0.965559720993042,Green Block,0.301072359085083
54,86.19347381591797,70.40882110595703,40.70289611816406,58.26933670043945,0.9630745649337769,Red Block,0.301072359085083
54,102.51385498046875,70.24610900878906,74.35851287841797,55.88993835449219,0.38896092772483826,Green Block,0.301072359085083
55,125.69710540771484,70.36467742919922,40.34172058105469,56.90478515625,0.9714663028717041,Green Block,0.4524073600769043
55,48.89105987548828,69.40203857421875,36.60209655761719,55.50955581665039,0.9658200144767761,Green Block,0.4524073600769043
55,86.17701721191406,70.43263244628906,40.47784423828125,58.340091705322266,0.9592397809028625,Red Block,0.4524073600769043
55,103.77597045898438,70.16542053222656,75.20901489257812,55.88278579711914,0.34916287660598755,Green Block,0.4524073600769043
56,125.69710540771484,70.36467742919922,40.34172058105469,56.90478515625,0.9714663028717041,Green Block,0.0466766357421875
56,48.89105987548828,69.40203857421875,36.60209655761719,55.50955581665039,0.9658200144767761,Green Block,0.0466766357421875
56,86.17701721191406,70.43263244628906,40.47784423828125,58.340091705322266,0.9592397809028625,Red Block,0.0466766357421875
56,103.77597045898438,70.16542053222656,75.20901489257812,55.88278579711914,0.34916287660598755,Green Block,0.0466766357421875
57,125.65774536132812,70.4814453125,40.22930908203125,57.029544830322266,0.9723105430603027,Green Block,0.264024019241333
57,48.76927185058594,69.2596206665039,36.54458999633789,55.76698303222656,0.964651346206665,Green Block,0.264024019241333
57,86.27839660644531,70.26866149902344,40.55751037597656,58.31135559082031,0.9586293697357178,Red Block,0.264024019241333
58,125.65774536132812,70.4814453125,40.22930908203125,57.029544830322266,0.9723105430603027,Green Block,0.07546663284301758
58,48.76927185058594,69.2596206665039,36.54458999633789,55.76698303222656,0.964651346206665,Green Block,0.07546663284301758
58,86.27839660644531,70.26866149902344,40.55751037597656,58.31135559082031,0.9586293697357178,Red Block,0.07546663284301758
59,125.2628173828125,66.85967254638672,39.964202880859375,50.46354675292969,0.9462504982948303,Green Block,0.7473640441894531
59,86.137939453125,69.06526184082031,40.39778137207031,59.119380950927734,0.9323751330375671,Red Block,0.7473640441894531
59,48.643333435058594,65.97352600097656,36.79254150390625,49.75715637207031,0.9284363985061646,Green Block,0.7473640441894531
59,99.7042007446289,69.22465515136719,70.09037780761719,57.005489349365234,0.27191850543022156,Green Block,0.7473640441894531
60,125.2628173828125,66.85967254638672,39.964202880859375,50.46354675292969,0.9462504982948303,Green Block,0.42816901206970215
60,86.137939453125,69.06526184082031,40.39778137207031,59.119380950927734,0.9323751330375671,Red Block,0.42816901206970215
60,48.643333435058594,65.97352600097656,36.79254150390625,49.75715637207031,0.9284363985061646,Green Block,0.42816901206970215
60,99.7042007446289,69.22465515136719,70.09037780761719,57.005489349365234,0.27191850543022156,Green Block,0.42816901206970215
61,125.78072357177734,70.35165405273438,40.13047790527344,57.09529113769531,0.973114013671875,Green Block,0.06777834892272949
61,48.80010986328125,69.08859252929688,36.832275390625,55.822845458984375,0.9678629636764526,Green Block,0.06777834892272949
61,86.20897674560547,70.27070617675781,40.545166015625,57.9315185546875,0.9583789706230164,Red Block,0.06777834892272949
61,103.7979507446289,70.12763977050781,75.19383239746094,55.996429443359375,0.34931403398513794,Green Block,0.06777834892272949
62,125.78072357177734,70.35165405273438,40.13047790527344,57.09529113769531,0.973114013671875,Green Block,0.47052836418151855
62,48.80010986328125,69.08859252929688,36.832275390625,55.822845458984375,0.9678629636764526,Green Block,0.47052836418151855
62,86.20897674560547,70.27070617675781,40.545166015625,57.9315185546875,0.9583789706230164,Red Block,0.47052836418151855
62,103.7979507446289,70.12763977050781,75.19383239746094,55.996429443359375,0.34931403398513794,Green Block,0.47052836418151855
63,125.69619750976562,70.33280181884766,40.15808868408203,57.10881042480469,0.9733180999755859,Green Block,0.5546832084655762
63,48.81388854980469,69.05839538574219,36.59855651855469,55.84651184082031,0.9678575992584229,Green Block,0.5546832084655762
63,86.25675964355469,70.38121795654297,40.59367370605469,58.198394775390625,0.961408257484436,Red Block,0.5546832084655762
63,102.80720520019531,70.1342544555664,74.47135162353516,56.006195068359375,0.3520399332046509,Green Block,0.5546832084655762
64,125.69619750976562,70.33280181884766,40.15808868408203,57.10881042480469,0.9733180999755859,Green Block,0.035782814025878906
64,48.81388854980469,69.05839538574219,36.59855651855469,55.84651184082031,0.9678575992584229,Green Block,0.035782814025878906
64,86.25675964355469,70.38121795654297,40.59367370605469,58.198394775390625,0.961408257484436,Red Block,0.035782814025878906
64,102.80720520019531,70.1342544555664,74.47135162353516,56.006195068359375,0.3520399332046509,Green Block,0.035782814025878906
65,125.82691192626953,70.44646453857422,40.13594055175781,57.29618835449219,0.9725473523139954,Green Block,0.13089799880981445
65,48.88597869873047,68.87013244628906,36.62623977661133,56.122222900390625,0.967195451259613,Green Block,0.13089799880981445
65,86.2226333618164,70.35348510742188,40.67930603027344,58.22370910644531,0.9576042294502258,Red Block,0.13089799880981445
65,103.82456970214844,70.20227813720703,75.31405639648438,56.10972595214844,0.350850373506546,Green Block,0.13089799880981445
66,125.82691192626953,70.44646453857422,40.13594055175781,57.29618835449219,0.9725473523139954,Green Block,0.341644287109375
66,48.88597869873047,68.87013244628906,36.62623977661133,56.122222900390625,0.967195451259613,Green Block,0.341644287109375
66,86.2226333618164,70.35348510742188,40.67930603027344,58.22370910644531,0.9576042294502258,Red Block,0.341644287109375
66,103.82456970214844,70.20227813720703,75.31405639648438,56.10972595214844,0.350850373506546,Green Block,0.341644287109375
67,125.89283752441406,70.36222076416016,39.976898193359375,57.15592956542969,0.9735201597213745,Green Block,0.03363323211669922
67,48.832740783691406,69.06846618652344,36.49298095703125,56.228153228759766,0.9661065936088562,Green Block,0.03363323211669922
67,86.26473236083984,70.4244384765625,40.55216979980469,58.127620697021484,0.9576922655105591,Red Block,0.03363323211669922
67,103.5429916381836,70.18321990966797,75.16764831542969,55.94194030761719,0.3316609263420105,Green Block,0.03363323211669922
68,125.89283752441406,70.36222076416016,39.976898193359375,57.15592956542969,0.9735201597213745,Green Block,0.14818978309631348
68,48.832740783691406,69.06846618652344,36.49298095703125,56.228153228759766,0.9661065936088562,Green Block,0.14818978309631348
68,86.26473236083984,70.4244384765625,40.55216979980469,58.127620697021484,0.9576922655105591,Red Block,0.14818978309631348
68,103.5429916381836,70.18321990966797,75.16764831542969,55.94194030761719,0.3316609263420105,Green Block,0.14818978309631348
69,125.811279296875,70.45671081542969,40.087913513183594,57.40202331542969,0.9732871651649475,Green Block,0.6602189540863037
69,48.89539337158203,68.93721008300781,36.71080017089844,55.67744445800781,0.9681521058082581,Green Block,0.6602189540863037
69,86.27734375,70.42761993408203,40.66136169433594,57.95881652832031,0.9591354131698608,Red Block,0.6602189540863037
69,103.15360260009766,70.20831298828125,74.68061828613281,56.11159896850586,0.3446061909198761,Green Block,0.6602189540863037
70,125.811279296875,70.45671081542969,40.087913513183594,57.40202331542969,0.9732871651649475,Green Block,0.3395516872406006
70,48.89539337158203,68.93721008300781,36.71080017089844,55.67744445800781,0.9681521058082581,Green Block,0.3395516872406006
70,86.27734375,70.42761993408203,40.66136169433594,57.95881652832031,0.9591354131698608,Red Block,0.3395516872406006
70,103.15360260009766,70.20831298828125,74.68061828613281,56.11159896850586,0.3446061909198761,Green Block,0.3395516872406006
71,125.77696228027344,70.23503112792969,40.33453369140625,57.28521728515625,0.972266435623169,Green Block,0.04874539375305176
71,48.73065185546875,69.1082992553711,36.750423431396484,55.6840705871582,0.9666246175765991,Green Block,0.04874539375305176
71,86.34918975830078,70.37128448486328,40.83189392089844,57.96250534057617,0.961499035358429,Red Block,0.04874539375305176
72,125.77696228027344,70.23503112792969,40.33453369140625,57.28521728515625,0.972266435623169,Green Block,0.07732224464416504
72,48.73065185546875,69.1082992553711,36.750423431396484,55.6840705871582,0.9666246175765991,Green Block,0.07732224464416504
72,86.34918975830078,70.37128448486328,40.83189392089844,57.96250534057617,0.961499035358429,Red Block,0.07732224464416504
73,125.69017028808594,70.3268814086914,40.20911407470703,57.52248001098633,0.9720631837844849,Green Block,0.033571481704711914
73,48.800514221191406,69.3918228149414,36.75429153442383,55.45069885253906,0.9668777585029602,Green Block,0.033571481704711914
73,86.30338287353516,70.49205017089844,40.74504089355469,57.91023254394531,0.9579005837440491,Red Block,0.033571481704711914
73,103.49664306640625,70.15169525146484,74.98487091064453,56.19563293457031,0.33213114738464355,Green Block,0.033571481704711914
74,125.69017028808594,70.3268814086914,40.20911407470703,57.52248001098633,0.9720631837844849,Green Block,0.03819751739501953
74,48.800514221191406,69.3918228149414,36.75429153442383,55.45069885253906,0.9668777585029602,Green Block,0.03819751739501953
74,86.30338287353516,70.49205017089844,40.74504089355469,57.91023254394531,0.9579005837440491,Red Block,0.03819751739501953
74,103.49664306640625,70.15169525146484,74.98487091064453,56.19563293457031,0.33213114738464355,Green Block,0.03819751739501953
75,125.76586151123047,70.38983154296875,40.20860290527344,57.39390563964844,0.9722595810890198,Green Block,0.10903191566467285
75,48.692047119140625,69.6097640991211,36.78524398803711,55.327056884765625,0.9657783508300781,Green Block,0.10903191566467285
75,86.2267074584961,69.92338562011719,40.48089599609375,58.87825012207031,0.9599761366844177,Red Block,0.10903191566467285
75,103.45793151855469,69.91336822509766,74.91268157958984,56.482940673828125,0.32297271490097046,Green Block,0.10903191566467285
76,125.76586151123047,70.38983154296875,40.20860290527344,57.39390563964844,0.9722595810890198,Green Block,0.048827409744262695
76,48.692047119140625,69.6097640991211,36.78524398803711,55.327056884765625,0.9657783508300781,Green Block,0.048827409744262695
76,86.2267074584961,69.92338562011719,40.48089599609375,58.87825012207031,0.9599761366844177,Red Block,0.048827409744262695
76,103.45793151855469,69.91336822509766,74.91268157958984,56.482940673828125,0.32297271490097046,Green Block,0.048827409744262695
77,125.64764404296875,70.48213195800781,40.35425567626953,57.349761962890625,0.9722321033477783,Green Block,0.44651317596435547
77,48.868446350097656,69.30325317382812,36.9030876159668,55.34498596191406,0.9680590629577637,Green Block,0.44651317596435547
77,86.23188781738281,69.895751953125,40.41365051269531,59.2279052734375,0.9574999213218689,Red Block,0.44651317596435547
78,125.64764404296875,70.48213195800781,40.35425567626953,57.349761962890625,0.9722321033477783,Green Block,0.056838274002075195
78,48.868446350097656,69.30325317382812,36.9030876159668,55.34498596191406,0.9680590629577637,Green Block,0.056838274002075195
78,86.23188781738281,69.895751953125,40.41365051269531,59.2279052734375,0.9574999213218689,Red Block,0.056838274002075195
79,125.61740112304688,70.41387939453125,40.37506866455078,57.02975082397461,0.9727414846420288,Green Block,0.06893038749694824
79,48.74671936035156,69.30099487304688,36.865779876708984,55.667388916015625,0.9690248966217041,Green Block,0.06893038749694824
79,86.27312469482422,70.48629760742188,40.62388610839844,58.191280364990234,0.9622018337249756,Red Block,0.06893038749694824
79,103.20158386230469,70.15383911132812,74.62881469726562,55.99354553222656,0.37332090735435486,Green Block,0.06893038749694824
80,125.61740112304688,70.41387939453125,40.37506866455078,57.02975082397461,0.9727414846420288,Green Block,0.04217672348022461
80,48.74671936035156,69.30099487304688,36.865779876708984,55.667388916015625,0.9690248966217041,Green Block,0.04217672348022461
80,86.27312469482422,70.48629760742188,40.62388610839844,58.191280364990234,0.9622018337249756,Red Block,0.04217672348022461
80,103.20158386230469,70.15383911132812,74.62881469726562,55.99354553222656,0.37332090735435486,Green Block,0.04217672348022461
81,125.652099609375,70.40763854980469,40.59105682373047,57.40058898925781,0.9722142815589905,Green Block,0.04572248458862305
81,48.85228729248047,69.57530975341797,36.76869201660156,55.34294128417969,0.9659149050712585,Green Block,0.04572248458862305
81,86.26792907714844,70.58165740966797,40.58172607421875,57.839935302734375,0.9594433307647705,Red Block,0.04572248458862305
82,125.652099609375,70.40763854980469,40.59105682373047,57.40058898925781,0.9722142815589905,Green Block,0.06648635864257812
82,48.85228729248047,69.57530975341797,36.76869201660156,55.34294128417969,0.9659149050712585,Green Block,0.06648635864257812
82,86.26792907714844,70.58165740966797,40.58172607421875,57.839935302734375,0.9594433307647705,Red Block,0.06648635864257812
83,125.64253234863281,70.37826538085938,40.623138427734375,56.824310302734375,0.971644937992096,Green Block,0.4277782440185547
83,48.91092300415039,69.64119720458984,36.61052703857422,55.53118896484375,0.9652456045150757,Green Block,0.4277782440185547
83,86.28428649902344,70.57404327392578,40.67120361328125,57.860687255859375,0.9635952711105347,Red Block,0.4277782440185547
83,103.32524108886719,70.18272399902344,75.00089263916016,55.762969970703125,0.3753582537174225,Green Block,0.4277782440185547
84,125.64253234863281,70.37826538085938,40.623138427734375,56.824310302734375,0.971644937992096,Green Block,0.09337735176086426
84,48.91092300415039,69.64119720458984,36.61052703857422,55.53118896484375,0.9652456045150757,Green Block,0.09337735176086426
84,86.28428649902344,70.57404327392578,40.67120361328125,57.860687255859375,0.9635952711105347,Red Block,0.09337735176086426
84,103.32524108886719,70.18272399902344,75.00089263916016,55.762969970703125,0.3753582537174225,Green Block,0.09337735176086426
85,125.60317993164062,70.55792999267578,40.55347442626953,57.25689697265625,0.9718776345252991,Green Block,0.07196402549743652
85,48.87568664550781,69.42982482910156,36.83357238769531,55.90119934082031,0.9683811068534851,Green Block,0.07196402549743652
85,86.27545166015625,70.4665756225586,40.751953125,57.995330810546875,0.9624781608581543,Red Block,0.07196402549743652
85,103.60755157470703,70.23867797851562,75.17543029785156,55.99251937866211,0.3808337152004242,Green Block,0.07196402549743652
86,125.60317993164062,70.55792999267578,40.55347442626953,57.25689697265625,0.9718776345252991,Green Block,0.049627065658569336
86,48.87568664550781,69.42982482910156,36.83357238769531,55.90119934082031,0.9683811068534851,Green Block,0.049627065658569336
86,86.27545166015625,70.4665756225586,40.751953125,57.995330810546875,0.9624781608581543,Red Block,0.049627065658569336
86,103.60755157470703,70.23867797851562,75.17543029785156,55.99251937866211,0.3808337152004242,Green Block,0.049627065658569336
87,125.61418151855469,70.35157012939453,40.471885681152344,56.83384704589844,0.972378134727478,Green Block,0.05376768112182617
87,48.756980895996094,69.465576171875,36.49482727050781,56.1490478515625,0.9680521488189697,Green Block,0.05376768112182617
87,86.23017120361328,70.51557922363281,40.644317626953125,57.94270324707031,0.9640151262283325,Red Block,0.05376768112182617
87,103.17678833007812,70.20256805419922,74.86223602294922,55.735992431640625,0.37472960352897644,Green Block,0.05376768112182617
88,125.61418151855469,70.35157012939453,40.471885681152344,56.83384704589844,0.972378134727478,Green Block,0.0354611873626709
88,48.756980895996094,69.465576171875,36.49482727050781,56.1490478515625,0.9680521488189697,Green Block,0.0354611873626709
88,86.23017120361328,70.51557922363281,40.644317626953125,57.94270324707031,0.9640151262283325,Red Block,0.0354611873626709
88,103.17678833007812,70.20256805419922,74.86223602294922,55.735992431640625,0.37472960352897644,Green Block,0.0354611873626709
89,125.62525177001953,70.4939193725586,40.52519226074219,57.2264404296875,0.9726532101631165,Green Block,0.5552382469177246
89,48.708885192871094,69.20472717285156,37.04522705078125,55.78291320800781,0.9693154096603394,Green Block,0.5552382469177246
89,86.24308013916016,70.4190902709961,40.6973876953125,58.19999313354492,0.9603922367095947,Red Block,0.5552382469177246
90,125.62525177001953,70.4939193725586,40.52519226074219,57.2264404296875,0.9726532101631165,Green Block,0.5106067657470703
90,48.708885192871094,69.20472717285156,37.04522705078125,55.78291320800781,0.9693154096603394,Green Block,0.5106067657470703
90,86.24308013916016,70.4190902709961,40.6973876953125,58.19999313354492,0.9603922367095947,Red Block,0.5106067657470703
91,125.71672058105469,70.436767578125,40.283477783203125,57.101837158203125,0.972381591796875,Green Block,0.4245176315307617
91,48.89725875854492,69.26715087890625,36.854835510253906,55.59782409667969,0.9685068130493164,Green Block,0.4245176315307617
91,86.1670150756836,70.49091339111328,40.60252380371094,58.14723587036133,0.9559139013290405,Red Block,0.4245176315307617
92,125.71672058105469,70.436767578125,40.283477783203125,57.101837158203125,0.972381591796875,Green Block,0.061980485916137695
92,48.89725875854492,69.26715087890625,36.854835510253906,55.59782409667969,0.9685068130493164,Green Block,0.061980485916137695
92,86.1670150756836,70.49091339111328,40.60252380371094,58.14723587036133,0.9559139013290405,Red Block,0.061980485916137695
93,86.26778411865234,59.74359130859375,39.83360290527344,37.98944091796875,0.9545087814331055,Red Block,0.2943694591522217
93,125.23275756835938,58.84424591064453,39.886260986328125,33.97890090942383,0.9412100315093994,Green Block,0.2943694591522217
93,49.077552795410156,61.611488342285156,36.90317916870117,39.66932678222656,0.905183732509613,Green Block,0.2943694591522217
93,86.09586334228516,90.85047149658203,38.95872497558594,17.4698486328125,0.4769164025783539,Red Block,0.2943694591522217
93,129.86740112304688,90.88457489013672,29.41197967529297,15.599990844726562,0.3705677092075348,Green Block,0.2943694591522217
94,86.26778411865234,59.74359130859375,39.83360290527344,37.98944091796875,0.9545087814331055,Red Block,0.8120758533477783
94,125.23275756835938,58.84424591064453,39.886260986328125,33.97890090942383,0.9412100315093994,Green Block,0.8120758533477783
94,49.077552795410156,61.611488342285156,36.90317916870117,39.66932678222656,0.905183732509613,Green Block,0.8120758533477783
94,86.09586334228516,90.85047149658203,38.95872497558594,17.4698486328125,0.4769164025783539,Red Block,0.8120758533477783
94,129.86740112304688,90.88457489013672,29.41197967529297,15.599990844726562,0.3705677092075348,Green Block,0.8120758533477783
95,125.64701843261719,70.43331146240234,40.413063049316406,57.15446090698242,0.9717749357223511,Green Block,0.5270910263061523
95,48.931358337402344,69.59886169433594,36.73264694213867,55.40596008300781,0.9647533297538757,Green Block,0.5270910263061523
95,86.27132415771484,70.34992980957031,40.693878173828125,58.56302261352539,0.961747407913208,Red Block,0.5270910263061523
95,102.75770568847656,70.18095397949219,74.72653198242188,56.10362243652344,0.3671187162399292,Green Block,0.5270910263061523
96,125.64701843261719,70.43331146240234,40.413063049316406,57.15446090698242,0.9717749357223511,Green Block,0.07336020469665527
96,48.931358337402344,69.59886169433594,36.73264694213867,55.40596008300781,0.9647533297538757,Green Block,0.07336020469665527
96,86.27132415771484,70.34992980957031,40.693878173828125,58.56302261352539,0.961747407913208,Red Block,0.07336020469665527
96,102.75770568847656,70.18095397949219,74.72653198242188,56.10362243652344,0.3671187162399292,Green Block,0.07336020469665527
97,125.71107482910156,70.51319885253906,40.286949157714844,57.29841613769531,0.9707263112068176,Green Block,0.5689241886138916
97,49.040977478027344,69.50912475585938,37.19970703125,55.223968505859375,0.9616049528121948,Green Block,0.5689241886138916
97,86.2634048461914,70.04820251464844,40.55778503417969,58.587215423583984,0.9587740898132324,Red Block,0.5689241886138916
97,103.19595336914062,70.11862182617188,74.96926879882812,56.195255279541016,0.35638514161109924,Green Block,0.5689241886138916
98,125.71107482910156,70.51319885253906,40.286949157714844,57.29841613769531,0.9707263112068176,Green Block,0.257004976272583
98,49.040977478027344,69.50912475585938,37.19970703125,55.223968505859375,0.9616049528121948,Green Block,0.257004976272583
98,86.2634048461914,70.04820251464844,40.55778503417969,58.587215423583984,0.9587740898132324,Red Block,0.257004976272583
98,103.19595336914062,70.11862182617188,74.96926879882812,56.195255279541016,0.35638514161109924,Green Block,0.257004976272583
99,125.65380859375,70.4393081665039,40.38983154296875,57.236419677734375,0.9729945063591003,Green Block,0.06953048706054688
99,86.3348617553711,70.33798217773438,40.46806335449219,58.48360824584961,0.9631761312484741,Red Block,0.06953048706054688
99,48.84783172607422,69.62842559814453,36.63322448730469,55.64857864379883,0.962104856967926,Green Block,0.06953048706054688
99,103.58027648925781,70.15789794921875,75.1107177734375,56.123416900634766,0.3478483259677887,Green Block,0.06953048706054688
100,125.65380859375,70.4393081665039,40.38983154296875,57.236419677734375,0.9729945063591003,Green Block,0.0368804931640625
100,86.3348617553711,70.33798217773438,40.46806335449219,58.48360824584961,0.9631761312484741,Red Block,0.0368804931640625
100,48.84783172607422,69.62842559814453,36.63322448730469,55.64857864379883,0.962104856967926,Green Block,0.0368804931640625
100,103.58027648925781,70.15789794921875,75.1107177734375,56.123416900634766,0.3478483259677887,Green Block,0.0368804931640625
101,125.70332336425781,70.45167541503906,40.261436462402344,57.376617431640625,0.9724010825157166,Green Block,0.47377443313598633
101,49.032691955566406,69.63350677490234,37.19472122192383,54.98735046386719,0.963525652885437,Green Block,0.47377443313598633
101,86.3941879272461,70.48616027832031,40.84010314941406,57.841888427734375,0.9594879746437073,Red Block,0.47377443313598633
101,102.51699829101562,70.25135803222656,74.21485137939453,56.011226654052734,0.3537718653678894,Green Block,0.47377443313598633
102,125.70332336425781,70.45167541503906,40.261436462402344,57.376617431640625,0.9724010825157166,Green Block,0.25030088424682617
102,49.032691955566406,69.63350677490234,37.19472122192383,54.98735046386719,0.963525652885437,Green Block,0.25030088424682617
102,86.3941879272461,70.48616027832031,40.84010314941406,57.841888427734375,0.9594879746437073,Red Block,0.25030088424682617
102,102.51699829101562,70.25135803222656,74.21485137939453,56.011226654052734,0.3537718653678894,Green Block,0.25030088424682617
103,125.80743408203125,70.25202178955078,39.889251708984375,57.60700988769531,0.9737745523452759,Green Block,0.04331254959106445
103,48.87477111816406,69.56112670898438,36.75035095214844,55.59246826171875,0.96339350938797,Green Block,0.04331254959106445
103,86.23357391357422,70.46479797363281,40.52458190917969,58.00103759765625,0.9598434567451477,Red Block,0.04331254959106445
103,102.32046508789062,70.15861511230469,73.9365234375,56.19557189941406,0.3715662658214569,Green Block,0.04331254959106445
104,125.80743408203125,70.25202178955078,39.889251708984375,57.60700988769531,0.9737745523452759,Green Block,0.4537069797515869
104,48.87477111816406,69.56112670898438,36.75035095214844,55.59246826171875,0.96339350938797,Green Block,0.4537069797515869
104,86.23357391357422,70.46479797363281,40.52458190917969,58.00103759765625,0.9598434567451477,Red Block,0.4537069797515869
104,102.32046508789062,70.15861511230469,73.9365234375,56.19557189941406,0.3715662658214569,Green Block,0.4537069797515869
105,125.62784576416016,70.1989974975586,40.40211486816406,57.62117004394531,0.9722736477851868,Green Block,0.03427553176879883
105,48.9388427734375,69.57550048828125,37.2354736328125,55.06155014038086,0.9632672071456909,Green Block,0.03427553176879883
105,86.35674285888672,70.61970520019531,40.78694152832031,58.08506774902344,0.9610099196434021,Red Block,0.03427553176879883
105,102.51019287109375,70.14236450195312,74.23233032226562,56.21113586425781,0.39452192187309265,Green Block,0.03427553176879883
106,125.62784576416016,70.1989974975586,40.40211486816406,57.62117004394531,0.9722736477851868,Green Block,0.05298638343811035
106,48.9388427734375,69.57550048828125,37.2354736328125,55.06155014038086,0.9632672071456909,Green Block,0.05298638343811035
106,86.35674285888672,70.61970520019531,40.78694152832031,58.08506774902344,0.9610099196434021,Red Block,0.05298638343811035
106,102.51019287109375,70.14236450195312,74.23233032226562,56.21113586425781,0.39452192187309265,Green Block,0.05298638343811035
107,125.51209259033203,70.56110382080078,40.36869812011719,57.309661865234375,0.9717196822166443,Green Block,0.042516231536865234
107,48.99648666381836,69.60690307617188,37.177467346191406,55.105438232421875,0.9633063673973083,Green Block,0.042516231536865234
107,86.23974609375,70.62637329101562,40.597869873046875,58.298038482666016,0.9624471664428711,Red Block,0.042516231536865234
107,103.00639343261719,70.25121307373047,74.66719818115234,56.1091194152832,0.42199191451072693,Green Block,0.042516231536865234
108,125.51209259033203,70.56110382080078,40.36869812011719,57.309661865234375,0.9717196822166443,Green Block,0.05905413627624512
108,48.99648666381836,69.60690307617188,37.177467346191406,55.105438232421875,0.9633063673973083,Green Block,0.05905413627624512
108,86.23974609375,70.62637329101562,40.597869873046875,58.298038482666016,0.9624471664428711,Red Block,0.05905413627624512
108,103.00639343261719,70.25121307373047,74.66719818115234,56.1091194152832,0.42199191451072693,Green Block,0.05905413627624512
109,125.54263305664062,70.51029205322266,40.358489990234375,57.11376953125,0.9717038869857788,Green Block,0.7088985443115234
109,86.29354095458984,70.43277740478516,40.79109191894531,58.10935592651367,0.9645871520042419,Red Block,0.7088985443115234
109,48.78428649902344,69.52757263183594,36.52035140991211,55.56103515625,0.9645682573318481,Green Block,0.7088985443115234
109,101.67105102539062,70.23291778564453,73.41067504882812,56.02736282348633,0.41892534494400024,Green Block,0.7088985443115234
110,125.54263305664062,70.51029205322266,40.358489990234375,57.11376953125,0.9717038869857788,Green Block,0.044373273849487305
110,86.29354095458984,70.43277740478516,40.79109191894531,58.10935592651367,0.9645871520042419,Red Block,0.044373273849487305
110,48.78428649902344,69.52757263183594,36.52035140991211,55.56103515625,0.9645682573318481,Green Block,0.044373273849487305
110,101.67105102539062,70.23291778564453,73.41067504882812,56.02736282348633,0.41892534494400024,Green Block,0.044373273849487305
111,125.45964050292969,70.4988784790039,40.331878662109375,57.1753044128418,0.9729872345924377,Green Block,0.038394927978515625
111,48.849822998046875,69.5844497680664,36.654422760009766,55.447021484375,0.9642003774642944,Green Block,0.038394927978515625
111,86.24675750732422,70.51829528808594,40.616302490234375,57.98146057128906,0.9636328816413879,Red Block,0.038394927978515625
111,102.70944213867188,70.23823547363281,74.42957305908203,56.04661560058594,0.4051068127155304,Green Block,0.038394927978515625
112,125.45964050292969,70.4988784790039,40.331878662109375,57.1753044128418,0.9729872345924377,Green Block,0.059737443923950195
112,48.849822998046875,69.5844497680664,36.654422760009766,55.447021484375,0.9642003774642944,Green Block,0.059737443923950195
112,86.24675750732422,70.51829528808594,40.616302490234375,57.98146057128906,0.9636328816413879,Red Block,0.059737443923950195
112,102.70944213867188,70.23823547363281,74.42957305908203,56.04661560058594,0.4051068127155304,Green Block,0.059737443923950195
113,125.511474609375,70.46810150146484,40.35791015625,57.19367980957031,0.9728538393974304,Green Block,0.5045185089111328
113,49.0111198425293,69.55724334716797,37.22643280029297,54.87754821777344,0.9643595218658447,Green Block,0.5045185089111328
113,86.31072998046875,70.55752563476562,40.719635009765625,58.02537536621094,0.9629625082015991,Red Block,0.5045185089111328
113,102.82904052734375,70.25495147705078,74.56021118164062,56.009063720703125,0.39684629440307617,Green Block,0.5045185089111328
114,125.511474609375,70.46810150146484,40.35791015625,57.19367980957031,0.9728538393974304,Green Block,0.6367261409759521
114,49.0111198425293,69.55724334716797,37.22643280029297,54.87754821777344,0.9643595218658447,Green Block,0.6367261409759521
114,86.31072998046875,70.55752563476562,40.719635009765625,58.02537536621094,0.9629625082015991,Red Block,0.6367261409759521
114,102.82904052734375,70.25495147705078,74.56021118164062,56.009063720703125,0.39684629440307617,Green Block,0.6367261409759521
115,125.56255340576172,70.58138275146484,40.36735534667969,57.2609977722168,0.9732284545898438,Green Block,0.03977608680725098
115,86.28684997558594,70.52392578125,40.65504455566406,58.137481689453125,0.9635279178619385,Red Block,0.03977608680725098
115,48.95220947265625,69.54413604736328,37.126495361328125,54.99568176269531,0.9630445241928101,Green Block,0.03977608680725098
115,102.6510009765625,70.25048828125,74.33462524414062,56.080535888671875,0.41640597581863403,Green Block,0.03977608680725098
116,125.56255340576172,70.58138275146484,40.36735534667969,57.2609977722168,0.9732284545898438,Green Block,0.0552220344543457
116,86.28684997558594,70.52392578125,40.65504455566406,58.137481689453125,0.9635279178619385,Red Block,0.0552220344543457
116,48.95220947265625,69.54413604736328,37.126495361328125,54.99568176269531,0.9630445241928101,Green Block,0.0552220344543457
116,102.6510009765625,70.25048828125,74.33462524414062,56.080535888671875,0.41640597581863403,Green Block,0.0552220344543457
117,125.46908569335938,70.40869140625,40.31061553955078,57.04792785644531,0.9731295704841614,Green Block,0.4325563907623291
117,86.23313903808594,70.52268981933594,40.58477783203125,57.9388427734375,0.963739275932312,Red Block,0.4325563907623291
117,48.97854232788086,69.55076599121094,36.998817443847656,55.212738037109375,0.9630658030509949,Green Block,0.4325563907623291
117,102.54830932617188,70.19984436035156,74.23949432373047,56.00566101074219,0.4090162515640259,Green Block,0.4325563907623291
118,125.46908569335938,70.40869140625,40.31061553955078,57.04792785644531,0.9731295704841614,Green Block,0.07957601547241211
118,86.23313903808594,70.52268981933594,40.58477783203125,57.9388427734375,0.963739275932312,Red Block,0.07957601547241211
118,48.97854232788086,69.55076599121094,36.998817443847656,55.212738037109375,0.9630658030509949,Green Block,0.07957601547241211
118,102.54830932617188,70.19984436035156,74.23949432373047,56.00566101074219,0.4090162515640259,Green Block,0.07957601547241211
119,125.51420593261719,70.38227081298828,40.33245849609375,56.79493713378906,0.9721464514732361,Green Block,0.043572425842285156
119,86.2473373413086,70.52484893798828,40.57661437988281,57.87331008911133,0.9628582000732422,Red Block,0.043572425842285156
119,48.93492126464844,69.65396118164062,37.165252685546875,55.02940368652344,0.9624896049499512,Green Block,0.043572425842285156
119,102.87451171875,70.2172622680664,74.56580352783203,55.8441162109375,0.3905167877674103,Green Block,0.043572425842285156
120,125.51420593261719,70.38227081298828,40.33245849609375,56.79493713378906,0.9721464514732361,Green Block,0.050894975662231445
120,86.2473373413086,70.52484893798828,40.57661437988281,57.87331008911133,0.9628582000732422,Red Block,0.050894975662231445
120,48.93492126464844,69.65396118164062,37.165252685546875,55.02940368652344,0.9624896049499512,Green Block,0.050894975662231445
120,102.87451171875,70.2172622680664,74.56580352783203,55.8441162109375,0.3905167877674103,Green Block,0.050894975662231445
121,125.48927307128906,70.4305191040039,40.315773010253906,57.0566291809082,0.9728857278823853,Green Block,0.38124704360961914
121,86.26806640625,70.54549407958984,40.63032531738281,57.92523193359375,0.9629247784614563,Red Block,0.38124704360961914
121,48.843196868896484,69.63278198242188,36.57903289794922,55.60538101196289,0.9627491235733032,Green Block,0.38124704360961914
121,102.13097381591797,70.2251205444336,73.80177307128906,55.977203369140625,0.41214287281036377,Green Block,0.38124704360961914
122,125.48927307128906,70.4305191040039,40.315773010253906,57.0566291809082,0.9728857278823853,Green Block,0.06078052520751953
122,86.26806640625,70.54549407958984,40.63032531738281,57.92523193359375,0.9629247784614563,Red Block,0.06078052520751953
122,48.843196868896484,69.63278198242188,36.57903289794922,55.60538101196289,0.9627491235733032,Green Block,0.06078052520751953
122,102.13097381591797,70.2251205444336,73.80177307128906,55.977203369140625,0.41214287281036377,Green Block,0.06078052520751953
123,125.49642944335938,70.52854919433594,40.30573272705078,57.104705810546875,0.9736863374710083,Green Block,0.506232500076294
123,48.97629928588867,69.43203735351562,37.038429260253906,55.37104797363281,0.9631968140602112,Green Block,0.506232500076294
123,86.2658462524414,70.40413665771484,40.58660888671875,58.26939392089844,0.9629690647125244,Red Block,0.506232500076294
123,102.54458618164062,70.222900390625,74.17819213867188,56.07319641113281,0.410348117351532,Green Block,0.506232500076294
124,125.49642944335938,70.52854919433594,40.30573272705078,57.104705810546875,0.9736863374710083,Green Block,0.05353593826293945
124,48.97629928588867,69.43203735351562,37.038429260253906,55.37104797363281,0.9631968140602112,Green Block,0.05353593826293945
124,86.2658462524414,70.40413665771484,40.58660888671875,58.26939392089844,0.9629690647125244,Red Block,0.05353593826293945
124,102.54458618164062,70.222900390625,74.17819213867188,56.07319641113281,0.410348117351532,Green Block,0.05353593826293945
125,125.47601318359375,70.51043701171875,40.319671630859375,57.36961364746094,0.9725423455238342,Green Block,0.5336921215057373
125,86.26248931884766,70.52263641357422,40.72413635253906,58.15168762207031,0.9639443159103394,Red Block,0.5336921215057373
125,48.9443359375,69.55838775634766,36.98048400878906,54.958892822265625,0.963346540927887,Green Block,0.5336921215057373
125,101.64146423339844,70.25431060791016,73.2592544555664,56.211212158203125,0.42684462666511536,Green Block,0.5336921215057373
126,125.47601318359375,70.51043701171875,40.319671630859375,57.36961364746094,0.9725423455238342,Green Block,0.06521439552307129
126,86.26248931884766,70.52263641357422,40.72413635253906,58.15168762207031,0.9639443159103394,Red Block,0.06521439552307129
126,48.9443359375,69.55838775634766,36.98048400878906,54.958892822265625,0.963346540927887,Green Block,0.06521439552307129
126,101.64146423339844,70.25431060791016,73.2592544555664,56.211212158203125,0.42684462666511536,Green Block,0.06521439552307129
127,125.56793212890625,70.48445129394531,40.31501007080078,57.167938232421875,0.9726548790931702,Green Block,0.2333812713623047
127,48.75730895996094,69.63436126708984,36.554931640625,55.46742248535156,0.9619544148445129,Green Block,0.2333812713623047
127,86.2245864868164,70.46927642822266,40.67240905761719,58.04206848144531,0.9591700434684753,Red Block,0.2333812713623047
127,102.99409484863281,70.21688842773438,74.69974517822266,56.097660064697266,0.3831137418746948,Green Block,0.2333812713623047
128,125.56793212890625,70.48445129394531,40.31501007080078,57.167938232421875,0.9726548790931702,Green Block,0.08090567588806152
128,48.75730895996094,69.63436126708984,36.554931640625,55.46742248535156,0.9619544148445129,Green Block,0.08090567588806152
128,86.2245864868164,70.46927642822266,40.67240905761719,58.04206848144531,0.9591700434684753,Red Block,0.08090567588806152
128,102.99409484863281,70.21688842773438,74.69974517822266,56.097660064697266,0.3831137418746948,Green Block,0.08090567588806152
129,125.634033203125,65.48945617675781,40.40753936767578,46.986419677734375,0.901401937007904,Green Block,0.06050562858581543
129,49.6540412902832,65.00178527832031,37.598106384277344,45.24974060058594,0.8965901136398315,Green Block,0.06050562858581543
129,86.64120483398438,69.03154754638672,39.8343505859375,56.98429870605469,0.893374502658844,Red Block,0.06050562858581543
129,96.21170043945312,68.08694458007812,62.647796630859375,55.01371765136719,0.4523918032646179,Green Block,0.06050562858581543
130,125.634033203125,65.48945617675781,40.40753936767578,46.986419677734375,0.901401937007904,Green Block,0.06623673439025879
130,49.6540412902832,65.00178527832031,37.598106384277344,45.24974060058594,0.8965901136398315,Green Block,0.06623673439025879
130,86.64120483398438,69.03154754638672,39.8343505859375,56.98429870605469,0.893374502658844,Red Block,0.06623673439025879
130,96.21170043945312,68.08694458007812,62.647796630859375,55.01371765136719,0.4523918032646179,Green Block,0.06623673439025879
131,125.41432189941406,70.47821807861328,40.131385803222656,56.936553955078125,0.9726644158363342,Green Block,0.03518557548522949
131,48.79677963256836,69.55425262451172,36.54962921142578,55.590484619140625,0.9632551074028015,Green Block,0.03518557548522949
131,86.2973861694336,70.56507873535156,40.67460632324219,58.219486236572266,0.9622706174850464,Red Block,0.03518557548522949
131,100.69036865234375,70.22905731201172,71.79814910888672,56.00160217285156,0.37974855303764343,Green Block,0.03518557548522949
132,125.41432189941406,70.47821807861328,40.131385803222656,56.936553955078125,0.9726644158363342,Green Block,0.2791454792022705
132,48.79677963256836,69.55425262451172,36.54962921142578,55.590484619140625,0.9632551074028015,Green Block,0.2791454792022705
132,86.2973861694336,70.56507873535156,40.67460632324219,58.219486236572266,0.9622706174850464,Red Block,0.2791454792022705
132,100.69036865234375,70.22905731201172,71.79814910888672,56.00160217285156,0.37974855303764343,Green Block,0.2791454792022705
133,125.49604034423828,70.51690673828125,40.17396545410156,57.25262451171875,0.973107099533081,Green Block,0.8250887393951416
133,48.99803161621094,69.50150299072266,37.058441162109375,55.0299072265625,0.9647073745727539,Green Block,0.8250887393951416
133,86.28268432617188,70.56205749511719,40.568511962890625,58.248321533203125,0.9628716707229614,Red Block,0.8250887393951416
133,101.96829223632812,70.24771881103516,73.51797485351562,56.15171813964844,0.41027915477752686,Green Block,0.8250887393951416
134,125.49604034423828,70.51690673828125,40.17396545410156,57.25262451171875,0.973107099533081,Green Block,0.7035925388336182
134,48.99803161621094,69.50150299072266,37.058441162109375,55.0299072265625,0.9647073745727539,Green Block,0.7035925388336182
134,86.28268432617188,70.56205749511719,40.568511962890625,58.248321533203125,0.9628716707229614,Red Block,0.7035925388336182
134,101.96829223632812,70.24771881103516,73.51797485351562,56.15171813964844,0.41027915477752686,Green Block,0.7035925388336182
135,125.53489685058594,70.43936920166016,40.27375030517578,57.03924560546875,0.9725699424743652,Green Block,0.0473942756652832
135,48.80868911743164,69.49456787109375,36.59033966064453,55.38798522949219,0.9641975164413452,Green Block,0.0473942756652832
135,86.2884521484375,70.47599792480469,40.72102355957031,57.987789154052734,0.962033748626709,Red Block,0.0473942756652832
135,102.39759826660156,70.21365356445312,74.17449951171875,55.92854309082031,0.3971352279186249,Green Block,0.0473942756652832
136,125.53489685058594,70.43936920166016,40.27375030517578,57.03924560546875,0.9725699424743652,Green Block,0.3476707935333252
136,48.80868911743164,69.49456787109375,36.59033966064453,55.38798522949219,0.9641975164413452,Green Block,0.3476707935333252
136,86.2884521484375,70.47599792480469,40.72102355957031,57.987789154052734,0.962033748626709,Red Block,0.3476707935333252
136,102.39759826660156,70.21365356445312,74.17449951171875,55.92854309082031,0.3971352279186249,Green Block,0.3476707935333252
137,125.58499145507812,70.49710083007812,40.344505310058594,57.41192626953125,0.9729635119438171,Green Block,0.6061933040618896
137,48.98778533935547,69.63471221923828,37.24951171875,54.98101806640625,0.9647818207740784,Green Block,0.6061933040618896
137,86.28580474853516,70.48546600341797,40.62745666503906,58.09324645996094,0.964717447757721,Red Block,0.6061933040618896
137,103.24748229980469,70.20530700683594,74.98410034179688,56.18412780761719,0.41324612498283386,Green Block,0.6061933040618896
138,125.58499145507812,70.49710083007812,40.344505310058594,57.41192626953125,0.9729635119438171,Green Block,0.07181763648986816
138,48.98778533935547,69.63471221923828,37.24951171875,54.98101806640625,0.9647818207740784,Green Block,0.07181763648986816
138,86.28580474853516,70.48546600341797,40.62745666503906,58.09324645996094,0.964717447757721,Red Block,0.07181763648986816
138,103.24748229980469,70.20530700683594,74.98410034179688,56.18412780761719,0.41324612498283386,Green Block,0.07181763648986816
139,125.50608825683594,70.44984436035156,40.33594512939453,57.53738021850586,0.9738069176673889,Green Block,0.04830026626586914
139,49.04741668701172,69.5537338256836,37.12324523925781,55.024658203125,0.964864194393158,Green Block,0.04830026626586914
139,86.2975082397461,70.40636444091797,40.71870422363281,57.95024108886719,0.9624630212783813,Red Block,0.04830026626586914
139,103.31340026855469,70.17159271240234,74.96341705322266,56.183074951171875,0.4123189151287079,Green Block,0.04830026626586914
140,125.50608825683594,70.44984436035156,40.33594512939453,57.53738021850586,0.9738069176673889,Green Block,0.036292314529418945
140,49.04741668701172,69.5537338256836,37.12324523925781,55.024658203125,0.964864194393158,Green Block,0.036292314529418945
140,86.2975082397461,70.40636444091797,40.71870422363281,57.95024108886719,0.9624630212783813,Red Block,0.036292314529418945
140,103.31340026855469,70.17159271240234,74.96341705322266,56.183074951171875,0.4123189151287079,Green Block,0.036292314529418945
141,125.4674301147461,70.5516357421875,40.30799865722656,57.257171630859375,0.9719523191452026,Green Block,0.037451744079589844
141,48.85435104370117,69.53917694091797,36.59558868408203,55.78204345703125,0.9627943634986877,Green Block,0.037451744079589844
141,86.2623519897461,70.50299072265625,40.67860412597656,58.00909423828125,0.9623390436172485,Red Block,0.037451744079589844
141,102.35686492919922,70.22836303710938,74.08143615722656,56.08125305175781,0.42378219962120056,Green Block,0.037451744079589844
142,125.4674301147461,70.5516357421875,40.30799865722656,57.257171630859375,0.9719523191452026,Green Block,0.0621647834777832
142,48.85435104370117,69.53917694091797,36.59558868408203,55.78204345703125,0.9627943634986877,Green Block,0.0621647834777832
142,86.2623519897461,70.50299072265625,40.67860412597656,58.00909423828125,0.9623390436172485,Red Block,0.0621647834777832
142,102.35686492919922,70.22836303710938,74.08143615722656,56.08125305175781,0.42378219962120056,Green Block,0.0621647834777832
143,125.58316040039062,70.5840072631836,40.429344177246094,57.31620788574219,0.9725879430770874,Green Block,0.3424854278564453
143,48.97865295410156,69.54399871826172,37.11637878417969,55.147369384765625,0.9625808000564575,Green Block,0.3424854278564453
143,86.2153091430664,70.48411560058594,40.71824645996094,57.95036315917969,0.961396336555481,Red Block,0.3424854278564453
143,103.22096252441406,70.24070739746094,74.99688720703125,56.11491394042969,0.4308350384235382,Green Block,0.3424854278564453
144,125.58316040039062,70.5840072631836,40.429344177246094,57.31620788574219,0.9725879430770874,Green Block,0.08733773231506348
144,48.97865295410156,69.54399871826172,37.11637878417969,55.147369384765625,0.9625808000564575,Green Block,0.08733773231506348
144,86.2153091430664,70.48411560058594,40.71824645996094,57.95036315917969,0.961396336555481,Red Block,0.08733773231506348
144,103.22096252441406,70.24070739746094,74.99688720703125,56.11491394042969,0.4308350384235382,Green Block,0.08733773231506348
145,125.55137634277344,70.46200561523438,40.375953674316406,57.43177795410156,0.9724395871162415,Green Block,1.0633950233459473
145,48.76923370361328,69.52178955078125,36.529083251953125,55.51609802246094,0.9639782905578613,Green Block,1.0633950233459473
145,86.29247283935547,70.43657684326172,40.660491943359375,58.080108642578125,0.9623507857322693,Red Block,1.0633950233459473
145,102.92323303222656,70.14170837402344,74.64242553710938,56.16072082519531,0.41094085574150085,Green Block,1.0633950233459473
146,125.55137634277344,70.46200561523438,40.375953674316406,57.43177795410156,0.9724395871162415,Green Block,0.4667012691497803
146,48.76923370361328,69.52178955078125,36.529083251953125,55.51609802246094,0.9639782905578613,Green Block,0.4667012691497803
146,86.29247283935547,70.43657684326172,40.660491943359375,58.080108642578125,0.9623507857322693,Red Block,0.4667012691497803
146,102.92323303222656,70.14170837402344,74.64242553710938,56.16072082519531,0.41094085574150085,Green Block,0.4667012691497803
147,125.49484252929688,70.45040893554688,40.399749755859375,56.83245849609375,0.9715306162834167,Green Block,0.6515457630157471
147,49.00230026245117,69.5851821899414,37.027671813964844,55.09001159667969,0.9641191959381104,Green Block,0.6515457630157471
147,86.34974670410156,70.61222839355469,40.61033630371094,57.94219970703125,0.9623119235038757,Red Block,0.6515457630157471
147,102.78643798828125,70.22684478759766,74.44906616210938,55.78578567504883,0.40478411316871643,Green Block,0.6515457630157471
148,125.49484252929688,70.45040893554688,40.399749755859375,56.83245849609375,0.9715306162834167,Green Block,0.05212879180908203
148,49.00230026245117,69.5851821899414,37.027671813964844,55.09001159667969,0.9641191959381104,Green Block,0.05212879180908203
148,86.34974670410156,70.61222839355469,40.61033630371094,57.94219970703125,0.9623119235038757,Red Block,0.05212879180908203
148,102.78643798828125,70.22684478759766,74.44906616210938,55.78578567504883,0.40478411316871643,Green Block,0.05212879180908203
149,125.63170623779297,70.2274169921875,40.38417053222656,56.869415283203125,0.9730990529060364,Green Block,0.44445180892944336
149,48.798377990722656,69.60066986083984,36.7945556640625,55.41975021362305,0.9641200304031372,Green Block,0.44445180892944336
149,86.232421875,70.52299499511719,40.78514099121094,57.89271545410156,0.961604118347168,Red Block,0.44445180892944336
149,103.14642333984375,70.17306518554688,74.88518524169922,56.108856201171875,0.38739341497421265,Green Block,0.44445180892944336
150,125.63170623779297,70.2274169921875,40.38417053222656,56.869415283203125,0.9730990529060364,Green Block,0.06812310218811035
150,48.798377990722656,69.60066986083984,36.7945556640625,55.41975021362305,0.9641200304031372,Green Block,0.06812310218811035
150,86.232421875,70.52299499511719,40.78514099121094,57.89271545410156,0.961604118347168,Red Block,0.06812310218811035
150,103.14642333984375,70.17306518554688,74.88518524169922,56.108856201171875,0.38739341497421265,Green Block,0.06812310218811035
151,125.53618621826172,70.53963470458984,40.33232116699219,57.20295715332031,0.9731780886650085,Green Block,0.3187739849090576
151,48.98457336425781,69.58890533447266,37.182315826416016,55.17195510864258,0.9638279676437378,Green Block,0.3187739849090576
151,86.21513366699219,70.58470916748047,40.69688415527344,58.019073486328125,0.9620546698570251,Red Block,0.3187739849090576
151,103.1656494140625,70.285400390625,74.8837890625,56.07081604003906,0.3960340917110443,Green Block,0.3187739849090576
152,125.53618621826172,70.53963470458984,40.33232116699219,57.20295715332031,0.9731780886650085,Green Block,0.1909177303314209
152,48.98457336425781,69.58890533447266,37.182315826416016,55.17195510864258,0.9638279676437378,Green Block,0.1909177303314209
152,86.21513366699219,70.58470916748047,40.69688415527344,58.019073486328125,0.9620546698570251,Red Block,0.1909177303314209
152,103.1656494140625,70.285400390625,74.8837890625,56.07081604003906,0.3960340917110443,Green Block,0.1909177303314209
153,125.42062377929688,70.51893615722656,40.148681640625,57.48989486694336,0.9728530049324036,Green Block,0.08927702903747559
153,86.29096221923828,70.5293197631836,40.66789245605469,57.85247802734375,0.9634472131729126,Red Block,0.08927702903747559
153,48.804325103759766,69.45741271972656,36.70624542236328,55.77878189086914,0.9627766609191895,Green Block,0.08927702903747559
153,101.79534912109375,70.2825927734375,73.28469848632812,56.20526123046875,0.39499416947364807,Green Block,0.08927702903747559
154,125.42062377929688,70.51893615722656,40.148681640625,57.48989486694336,0.9728530049324036,Green Block,0.5028820037841797
154,86.29096221923828,70.5293197631836,40.66789245605469,57.85247802734375,0.9634472131729126,Red Block,0.5028820037841797
154,48.804325103759766,69.45741271972656,36.70624542236328,55.77878189086914,0.9627766609191895,Green Block,0.5028820037841797
154,101.79534912109375,70.2825927734375,73.28469848632812,56.20526123046875,0.39499416947364807,Green Block,0.5028820037841797
155,125.49176788330078,70.42848205566406,40.12403869628906,57.660892486572266,0.9726269245147705,Green Block,0.4835929870605469
155,48.964054107666016,69.44974517822266,37.064125061035156,55.270965576171875,0.9620286226272583,Green Block,0.4835929870605469
155,86.2688980102539,70.56219482421875,40.67173767089844,58.017574310302734,0.9606220126152039,Red Block,0.4835929870605469
155,102.31816864013672,70.23675537109375,73.99461364746094,56.21266174316406,0.402194619178772,Green Block,0.4835929870605469
156,125.49176788330078,70.42848205566406,40.12403869628906,57.660892486572266,0.9726269245147705,Green Block,0.05495858192443848
156,48.964054107666016,69.44974517822266,37.064125061035156,55.270965576171875,0.9620286226272583,Green Block,0.05495858192443848
156,86.2688980102539,70.56219482421875,40.67173767089844,58.017574310302734,0.9606220126152039,Red Block,0.05495858192443848
156,102.31816864013672,70.23675537109375,73.99461364746094,56.21266174316406,0.402194619178772,Green Block,0.05495858192443848
157,125.52180480957031,70.61920928955078,40.342926025390625,57.1542854309082,0.971687912940979,Green Block,0.3312819004058838
157,48.80717468261719,69.49466705322266,36.727848052978516,55.64849853515625,0.9632954001426697,Green Block,0.3312819004058838
157,86.24720001220703,70.57878875732422,40.6573486328125,57.8996696472168,0.9626598358154297,Red Block,0.3312819004058838
157,102.46188354492188,70.31671905517578,74.15139770507812,55.9840202331543,0.4032922089099884,Green Block,0.3312819004058838
158,125.52180480957031,70.61920928955078,40.342926025390625,57.1542854309082,0.971687912940979,Green Block,0.17170333862304688
158,48.80717468261719,69.49466705322266,36.727848052978516,55.64849853515625,0.9632954001426697,Green Block,0.17170333862304688
158,86.24720001220703,70.57878875732422,40.6573486328125,57.8996696472168,0.9626598358154297,Red Block,0.17170333862304688
158,102.46188354492188,70.31671905517578,74.15139770507812,55.9840202331543,0.4032922089099884,Green Block,0.17170333862304688
159,125.45494079589844,70.51274108886719,40.171905517578125,57.33642578125,0.9735895395278931,Green Block,0.034616947174072266
159,49.000640869140625,69.47332763671875,37.23299789428711,54.997623443603516,0.9640955328941345,Green Block,0.034616947174072266
159,86.26104736328125,70.43738555908203,40.745025634765625,58.11775207519531,0.96186363697052,Red Block,0.034616947174072266
159,102.23541259765625,70.21913146972656,73.87347412109375,56.15242004394531,0.4006083905696869,Green Block,0.034616947174072266
160,125.45494079589844,70.51274108886719,40.171905517578125,57.33642578125,0.9735895395278931,Green Block,0.0769503116607666
160,49.000640869140625,69.47332763671875,37.23299789428711,54.997623443603516,0.9640955328941345,Green Block,0.0769503116607666
160,86.26104736328125,70.43738555908203,40.745025634765625,58.11775207519531,0.96186363697052,Red Block,0.0769503116607666
160,102.23541259765625,70.21913146972656,73.87347412109375,56.15242004394531,0.4006083905696869,Green Block,0.0769503116607666
161,125.47384643554688,70.38037109375,40.5867919921875,57.40031433105469,0.9728384613990784,Green Block,0.027913808822631836
161,48.979122161865234,69.61279296875,37.09832000732422,54.98759460449219,0.96425461769104,Green Block,0.027913808822631836
161,86.18583679199219,70.47583770751953,40.605804443359375,58.044158935546875,0.9639425873756409,Red Block,0.027913808822631836
161,103.1868896484375,70.17202758789062,75.03958129882812,56.05072021484375,0.426494836807251,Green Block,0.027913808822631836
162,125.47384643554688,70.38037109375,40.5867919921875,57.40031433105469,0.9728384613990784,Green Block,0.04315590858459473
162,48.979122161865234,69.61279296875,37.09832000732422,54.98759460449219,0.96425461769104,Green Block,0.04315590858459473
162,86.18583679199219,70.47583770751953,40.605804443359375,58.044158935546875,0.9639425873756409,Red Block,0.04315590858459473
162,103.1868896484375,70.17202758789062,75.03958129882812,56.05072021484375,0.426494836807251,Green Block,0.04315590858459473
163,125.58537292480469,70.41072845458984,40.503944396972656,57.321746826171875,0.9731475710868835,Green Block,0.03977513313293457
163,48.99066925048828,69.50820922851562,37.07975769042969,54.98887634277344,0.9646190404891968,Green Block,0.03977513313293457
163,86.20873260498047,70.57537078857422,40.62376403808594,58.17058181762695,0.9619036912918091,Red Block,0.03977513313293457
163,103.52078247070312,70.19564056396484,75.30517578125,56.04972839355469,0.40078750252723694,Green Block,0.03977513313293457
164,125.58537292480469,70.41072845458984,40.503944396972656,57.321746826171875,0.9731475710868835,Green Block,0.07622265815734863
164,48.99066925048828,69.50820922851562,37.07975769042969,54.98887634277344,0.9646190404891968,Green Block,0.07622265815734863
164,86.20873260498047,70.57537078857422,40.62376403808594,58.17058181762695,0.9619036912918091,Red Block,0.07622265815734863
164,103.52078247070312,70.19564056396484,75.30517578125,56.04972839355469,0.40078750252723694,Green Block,0.07622265815734863
165,125.58049011230469,70.48766326904297,40.441444396972656,57.2484245300293,0.9723970293998718,Green Block,0.05439925193786621
165,49.03010940551758,69.51084899902344,37.235496520996094,55.003387451171875,0.9650530219078064,Green Block,0.05439925193786621
165,86.21310424804688,70.48873138427734,40.65870666503906,58.050750732421875,0.9613897800445557,Red Block,0.05439925193786621
165,103.59234619140625,70.22218322753906,75.24472045898438,56.05851745605469,0.4054461121559143,Green Block,0.05439925193786621
166,125.58049011230469,70.48766326904297,40.441444396972656,57.2484245300293,0.9723970293998718,Green Block,0.0383760929107666
166,49.03010940551758,69.51084899902344,37.235496520996094,55.003387451171875,0.9650530219078064,Green Block,0.0383760929107666
166,86.21310424804688,70.48873138427734,40.65870666503906,58.050750732421875,0.9613897800445557,Red Block,0.0383760929107666
166,103.59234619140625,70.22218322753906,75.24472045898438,56.05851745605469,0.4054461121559143,Green Block,0.0383760929107666
167,125.56375885009766,70.54037475585938,40.48246765136719,57.30975341796875,0.972382128238678,Green Block,0.6309010982513428
167,48.94534683227539,69.51615142822266,37.289405822753906,55.107177734375,0.9640604257583618,Green Block,0.6309010982513428
167,86.24283599853516,70.5158920288086,40.68476867675781,58.12611389160156,0.9630725383758545,Red Block,0.6309010982513428
167,102.44544219970703,70.26216125488281,74.26448059082031,56.079097747802734,0.4121530055999756,Green Block,0.6309010982513428
168,125.56375885009766,70.54037475585938,40.48246765136719,57.30975341796875,0.972382128238678,Green Block,0.056047916412353516
168,48.94534683227539,69.51615142822266,37.289405822753906,55.107177734375,0.9640604257583618,Green Block,0.056047916412353516
168,86.24283599853516,70.5158920288086,40.68476867675781,58.12611389160156,0.9630725383758545,Red Block,0.056047916412353516
168,102.44544219970703,70.26216125488281,74.26448059082031,56.079097747802734,0.4121530055999756,Green Block,0.056047916412353516
169,125.54534912109375,70.48502349853516,40.418182373046875,57.42781066894531,0.9721470475196838,Green Block,0.29111170768737793
169,48.94337844848633,69.56909942626953,36.974281311035156,55.077911376953125,0.9635483026504517,Green Block,0.29111170768737793
169,86.21007537841797,70.60670471191406,40.66175842285156,57.909637451171875,0.9618766903877258,Red Block,0.29111170768737793
169,102.7929458618164,70.25260925292969,74.66133117675781,56.06236267089844,0.4141010642051697,Green Block,0.29111170768737793
170,125.54534912109375,70.48502349853516,40.418182373046875,57.42781066894531,0.9721470475196838,Green Block,0.09620380401611328
170,48.94337844848633,69.56909942626953,36.974281311035156,55.077911376953125,0.9635483026504517,Green Block,0.09620380401611328
170,86.21007537841797,70.60670471191406,40.66175842285156,57.909637451171875,0.9618766903877258,Red Block,0.09620380401611328
170,102.7929458618164,70.25260925292969,74.66133117675781,56.06236267089844,0.4141010642051697,Green Block,0.09620380401611328
171,125.59632873535156,70.49720764160156,40.33892059326172,57.40538024902344,0.972446858882904,Green Block,0.1752786636352539
171,48.98129653930664,69.51298522949219,37.121131896972656,55.07560729980469,0.962851345539093,Green Block,0.1752786636352539
171,86.20873260498047,70.54923248291016,40.713836669921875,57.932525634765625,0.9624742865562439,Red Block,0.1752786636352539
171,102.5810317993164,70.25434875488281,74.49552917480469,56.13099670410156,0.41860488057136536,Green Block,0.1752786636352539
172,125.59632873535156,70.49720764160156,40.33892059326172,57.40538024902344,0.972446858882904,Green Block,0.04649519920349121
172,48.98129653930664,69.51298522949219,37.121131896972656,55.07560729980469,0.962851345539093,Green Block,0.04649519920349121
172,86.20873260498047,70.54923248291016,40.713836669921875,57.932525634765625,0.9624742865562439,Red Block,0.04649519920349121
172,102.5810317993164,70.25434875488281,74.49552917480469,56.13099670410156,0.41860488057136536,Green Block,0.04649519920349121
173,125.50069427490234,70.44327545166016,40.34388732910156,56.97761535644531,0.9729300141334534,Green Block,0.28844594955444336
173,48.94744873046875,69.56098175048828,37.12202453613281,55.006561279296875,0.9630420804023743,Green Block,0.28844594955444336
173,86.2516860961914,70.59550476074219,40.79327392578125,58.03924560546875,0.961933970451355,Red Block,0.28844594955444336
173,102.21920013427734,70.23252868652344,74.04911804199219,55.86209487915039,0.4106162190437317,Green Block,0.28844594955444336
174,125.50069427490234,70.44327545166016,40.34388732910156,56.97761535644531,0.9729300141334534,Green Block,0.08698391914367676
174,48.94744873046875,69.56098175048828,37.12202453613281,55.006561279296875,0.9630420804023743,Green Block,0.08698391914367676
174,86.2516860961914,70.59550476074219,40.79327392578125,58.03924560546875,0.961933970451355,Red Block,0.08698391914367676
174,102.21920013427734,70.23252868652344,74.04911804199219,55.86209487915039,0.4106162190437317,Green Block,0.08698391914367676
175,125.55267333984375,70.34253692626953,40.31127166748047,57.40275573730469,0.9726592898368835,Green Block,0.5341687202453613
175,86.29231262207031,70.52672576904297,40.87060546875,57.98445129394531,0.9637037515640259,Red Block,0.5341687202453613
175,48.861751556396484,69.5235595703125,36.63512420654297,55.74018859863281,0.9632944464683533,Green Block,0.5341687202453613
175,100.55909729003906,70.19744873046875,71.81149291992188,56.075557708740234,0.41266191005706787,Green Block,0.5341687202453613
176,125.55267333984375,70.34253692626953,40.31127166748047,57.40275573730469,0.9726592898368835,Green Block,0.06300711631774902
176,86.29231262207031,70.52672576904297,40.87060546875,57.98445129394531,0.9637037515640259,Red Block,0.06300711631774902
176,48.861751556396484,69.5235595703125,36.63512420654297,55.74018859863281,0.9632944464683533,Green Block,0.06300711631774902
176,100.55909729003906,70.19744873046875,71.81149291992188,56.075557708740234,0.41266191005706787,Green Block,0.06300711631774902
177,125.64305114746094,70.59705352783203,40.366600036621094,57.33833694458008,0.9713488817214966,Green Block,0.510845422744751
177,49.09648132324219,69.51056671142578,37.06296157836914,55.231903076171875,0.9644827246665955,Green Block,0.510845422744751
177,86.28694152832031,70.4570083618164,40.8800048828125,58.31219482421875,0.9634767174720764,Red Block,0.510845422744751
177,102.04158020019531,70.23096466064453,73.95126342773438,56.231231689453125,0.3874538242816925,Green Block,0.510845422744751
178,125.64305114746094,70.59705352783203,40.366600036621094,57.33833694458008,0.9713488817214966,Green Block,0.07225346565246582
178,49.09648132324219,69.51056671142578,37.06296157836914,55.231903076171875,0.9644827246665955,Green Block,0.07225346565246582
178,86.28694152832031,70.4570083618164,40.8800048828125,58.31219482421875,0.9634767174720764,Red Block,0.07225346565246582
178,102.04158020019531,70.23096466064453,73.95126342773438,56.231231689453125,0.3874538242816925,Green Block,0.07225346565246582
179,125.58418273925781,70.51347351074219,40.370269775390625,57.16590881347656,0.972926914691925,Green Block,0.07087469100952148
179,49.00621795654297,69.52359771728516,37.16144943237305,55.182830810546875,0.9643536806106567,Green Block,0.07087469100952148
179,86.16573333740234,70.41470336914062,40.77027893066406,58.31806945800781,0.9614776372909546,Red Block,0.07087469100952148
179,102.19602966308594,70.21720123291016,74.2066421508789,56.18245315551758,0.4047567844390869,Green Block,0.07087469100952148
180,125.58418273925781,70.51347351074219,40.370269775390625,57.16590881347656,0.972926914691925,Green Block,0.05899667739868164
180,49.00621795654297,69.52359771728516,37.16144943237305,55.182830810546875,0.9643536806106567,Green Block,0.05899667739868164
180,86.16573333740234,70.41470336914062,40.77027893066406,58.31806945800781,0.9614776372909546,Red Block,0.05899667739868164
180,102.19602966308594,70.21720123291016,74.2066421508789,56.18245315551758,0.4047567844390869,Green Block,0.05899667739868164
181,125.55638885498047,70.53520965576172,40.55317687988281,57.462310791015625,0.9728422164916992,Green Block,0.05150151252746582
181,48.813812255859375,69.28399658203125,36.657257080078125,55.85647201538086,0.9658440351486206,Green Block,0.05150151252746582
181,86.25662994384766,70.48851776123047,40.73553466796875,58.06748962402344,0.962761640548706,Red Block,0.05150151252746582
181,102.83219909667969,70.24690246582031,74.63443756103516,56.05198669433594,0.4129134714603424,Green Block,0.05150151252746582
182,125.55638885498047,70.53520965576172,40.55317687988281,57.462310791015625,0.9728422164916992,Green Block,0.5230495929718018
182,48.813812255859375,69.28399658203125,36.657257080078125,55.85647201538086,0.9658440351486206,Green Block,0.5230495929718018
182,86.25662994384766,70.48851776123047,40.73553466796875,58.06748962402344,0.962761640548706,Red Block,0.5230495929718018
182,102.83219909667969,70.24690246582031,74.63443756103516,56.05198669433594,0.4129134714603424,Green Block,0.5230495929718018
183,125.62672424316406,70.44908905029297,40.36297607421875,57.334381103515625,0.9713032841682434,Green Block,0.04110431671142578
183,48.765602111816406,69.57844543457031,36.665313720703125,55.658199310302734,0.9644744992256165,Green Block,0.04110431671142578
183,86.29487609863281,70.55985260009766,40.81462097167969,57.85551452636719,0.9635746479034424,Red Block,0.04110431671142578
183,101.83792114257812,70.2564697265625,73.67697143554688,56.00959777832031,0.40351739525794983,Green Block,0.04110431671142578
184,125.62672424316406,70.44908905029297,40.36297607421875,57.334381103515625,0.9713032841682434,Green Block,0.2520716190338135
184,48.765602111816406,69.57844543457031,36.665313720703125,55.658199310302734,0.9644744992256165,Green Block,0.2520716190338135
184,86.29487609863281,70.55985260009766,40.81462097167969,57.85551452636719,0.9635746479034424,Red Block,0.2520716190338135
184,101.83792114257812,70.2564697265625,73.67697143554688,56.00959777832031,0.40351739525794983,Green Block,0.2520716190338135
185,125.56726837158203,70.6391830444336,40.45896911621094,57.47694396972656,0.9722066521644592,Green Block,0.07242774963378906
185,49.05007553100586,69.50566101074219,36.963706970214844,55.184871673583984,0.9642205238342285,Green Block,0.07242774963378906
185,86.227294921875,70.52230072021484,40.598297119140625,58.17352294921875,0.9628305435180664,Red Block,0.07242774963378906
185,102.7718505859375,70.31700897216797,74.57898712158203,56.0631217956543,0.41315051913261414,Green Block,0.07242774963378906
186,125.56726837158203,70.6391830444336,40.45896911621094,57.47694396972656,0.9722066521644592,Green Block,0.05217289924621582
186,49.05007553100586,69.50566101074219,36.963706970214844,55.184871673583984,0.9642205238342285,Green Block,0.05217289924621582
186,86.227294921875,70.52230072021484,40.598297119140625,58.17352294921875,0.9628305435180664,Red Block,0.05217289924621582
186,102.7718505859375,70.31700897216797,74.57898712158203,56.0631217956543,0.41315051913261414,Green Block,0.05217289924621582
187,125.52328491210938,70.60775756835938,40.36186981201172,57.28410339355469,0.973574161529541,Green Block,0.5374600887298584
187,86.2062759399414,70.51577758789062,40.58403015136719,58.07730484008789,0.964009165763855,Red Block,0.5374600887298584
187,48.959136962890625,69.60933685302734,37.12205505371094,55.07244873046875,0.963344156742096,Green Block,0.5374600887298584
187,102.47686004638672,70.28569793701172,74.18733215332031,56.03523254394531,0.40138962864875793,Green Block,0.5374600887298584
188,125.52328491210938,70.60775756835938,40.36186981201172,57.28410339355469,0.973574161529541,Green Block,0.05517315864562988
188,86.2062759399414,70.51577758789062,40.58403015136719,58.07730484008789,0.964009165763855,Red Block,0.05517315864562988
188,48.959136962890625,69.60933685302734,37.12205505371094,55.07244873046875,0.963344156742096,Green Block,0.05517315864562988
188,102.47686004638672,70.28569793701172,74.18733215332031,56.03523254394531,0.40138962864875793,Green Block,0.05517315864562988
189,125.61648559570312,70.68307495117188,40.50750732421875,57.288177490234375,0.9726003408432007,Green Block,0.24550557136535645
189,48.7973747253418,69.45684051513672,36.61412811279297,55.51774978637695,0.9650186896324158,Green Block,0.24550557136535645
189,86.19662475585938,70.57247924804688,40.578826904296875,57.924346923828125,0.9616391062736511,Red Block,0.24550557136535645
189,103.53242492675781,70.33567810058594,75.2362060546875,55.90757751464844,0.39411136507987976,Green Block,0.24550557136535645
190,125.61648559570312,70.68307495117188,40.50750732421875,57.288177490234375,0.9726003408432007,Green Block,0.07005190849304199
190,48.7973747253418,69.45684051513672,36.61412811279297,55.51774978637695,0.9650186896324158,Green Block,0.07005190849304199
190,86.19662475585938,70.57247924804688,40.578826904296875,57.924346923828125,0.9616391062736511,Red Block,0.07005190849304199
190,103.53242492675781,70.33567810058594,75.2362060546875,55.90757751464844,0.39411136507987976,Green Block,0.07005190849304199
191,125.5845947265625,70.42664337158203,40.405860900878906,57.3703498840332,0.9723843932151794,Green Block,0.5867440700531006
191,48.977291107177734,69.54791259765625,37.16394805908203,55.224735260009766,0.964721143245697,Green Block,0.5867440700531006
191,86.2694091796875,70.50936126708984,40.710784912109375,58.02247619628906,0.9616844654083252,Red Block,0.5867440700531006
191,102.40511322021484,70.18963623046875,74.34465026855469,56.115081787109375,0.41559624671936035,Green Block,0.5867440700531006
192,125.5845947265625,70.42664337158203,40.405860900878906,57.3703498840332,0.9723843932151794,Green Block,0.09190702438354492
192,48.977291107177734,69.54791259765625,37.16394805908203,55.224735260009766,0.964721143245697,Green Block,0.09190702438354492
192,86.2694091796875,70.50936126708984,40.710784912109375,58.02247619628906,0.9616844654083252,Red Block,0.09190702438354492
192,102.40511322021484,70.18963623046875,74.34465026855469,56.115081787109375,0.41559624671936035,Green Block,0.09190702438354492
193,125.58914184570312,70.47380065917969,40.54418182373047,57.286041259765625,0.9724709391593933,Green Block,0.06381082534790039
193,48.97408676147461,69.5383529663086,37.039634704589844,55.17449951171875,0.9638358354568481,Green Block,0.06381082534790039
193,86.20962524414062,70.49787139892578,40.689208984375,58.088897705078125,0.9627543091773987,Red Block,0.06381082534790039
193,103.30685424804688,70.2463607788086,75.17029571533203,56.03163146972656,0.41361281275749207,Green Block,0.06381082534790039
194,125.58914184570312,70.47380065917969,40.54418182373047,57.286041259765625,0.9724709391593933,Green Block,0.036036014556884766
194,48.97408676147461,69.5383529663086,37.039634704589844,55.17449951171875,0.9638358354568481,Green Block,0.036036014556884766
194,86.20962524414062,70.49787139892578,40.689208984375,58.088897705078125,0.9627543091773987,Red Block,0.036036014556884766
194,103.30685424804688,70.2463607788086,75.17029571533203,56.03163146972656,0.41361281275749207,Green Block,0.036036014556884766
195,125.54977416992188,70.52669525146484,40.41663360595703,57.33354187011719,0.9724954962730408,Green Block,0.037081003189086914
195,48.93019104003906,69.56513977050781,37.09208679199219,54.87039566040039,0.9639003276824951,Green Block,0.037081003189086914
195,86.1876220703125,70.50434112548828,40.646087646484375,58.1220703125,0.9618626832962036,Red Block,0.037081003189086914
195,102.50501251220703,70.23153686523438,74.33793640136719,56.06095886230469,0.41815322637557983,Green Block,0.037081003189086914
196,125.54977416992188,70.52669525146484,40.41663360595703,57.33354187011719,0.9724954962730408,Green Block,0.0487668514251709
196,48.93019104003906,69.56513977050781,37.09208679199219,54.87039566040039,0.9639003276824951,Green Block,0.0487668514251709
196,86.1876220703125,70.50434112548828,40.646087646484375,58.1220703125,0.9618626832962036,Red Block,0.0487668514251709
196,102.50501251220703,70.23153686523438,74.33793640136719,56.06095886230469,0.41815322637557983,Green Block,0.0487668514251709
197,125.59664154052734,70.4717025756836,40.52931213378906,57.07142639160156,0.9719638824462891,Green Block,0.5443353652954102
197,86.31195068359375,70.62068176269531,40.77923583984375,58.156497955322266,0.965313732624054,Red Block,0.5443353652954102
197,48.79448318481445,69.60902404785156,36.50890350341797,55.647613525390625,0.9639325141906738,Green Block,0.5443353652954102
197,101.79157257080078,70.28276062011719,73.50984191894531,55.94972229003906,0.3939928412437439,Green Block,0.5443353652954102
198,125.59664154052734,70.4717025756836,40.52931213378906,57.07142639160156,0.9719638824462891,Green Block,0.052588462829589844
198,86.31195068359375,70.62068176269531,40.77923583984375,58.156497955322266,0.965313732624054,Red Block,0.052588462829589844
198,48.79448318481445,69.60902404785156,36.50890350341797,55.647613525390625,0.9639325141906738,Green Block,0.052588462829589844
198,101.79157257080078,70.28276062011719,73.50984191894531,55.94972229003906,0.3939928412437439,Green Block,0.052588462829589844
199,125.64484405517578,70.55122375488281,40.48832702636719,57.32212829589844,0.9733688235282898,Green Block,0.2031562328338623
199,49.016178131103516,69.488037109375,37.09326934814453,55.11058044433594,0.9647269248962402,Green Block,0.2031562328338623
199,86.2583999633789,70.5687255859375,40.54518127441406,58.10475158691406,0.9625397324562073,Red Block,0.2031562328338623
199,103.34246063232422,70.29841613769531,75.03611755371094,55.975982666015625,0.3956400156021118,Green Block,0.2031562328338623
