step,x_center,y_center,width,height,area,label,time
0,39.0,47.5,62,19,939.0,Blue,0.04029059410095215
0,40.0,68.5,58,19,903.0,Green,0.04029059410095215
0,35.0,90.0,56,20,941.5,Red,0.04029059410095215
0,84.0,74.5,152,71,5632.0,Black,0.04029059410095215
0,138.5,15.5,43,31,654.5,Black,0.04029059410095215
0,20.0,13.5,40,27,528.5,Black,0.04029059410095215
1,39.0,47.5,62,19,939.0,Blue,0.034096717834472656
1,40.0,68.5,58,19,903.0,Green,0.034096717834472656
1,35.0,90.0,56,20,941.5,Red,0.034096717834472656
1,84.0,74.5,152,71,5632.0,Black,0.034096717834472656
1,138.5,15.5,43,31,654.5,Black,0.034096717834472656
1,20.0,13.5,40,27,528.5,Black,0.034096717834472656
2,39.0,47.5,62,19,947.5,Blue,0.034445762634277344
2,40.5,68.0,61,18,885.5,Green,0.034445762634277344
2,34.5,90.5,55,21,958.0,Red,0.034445762634277344
2,84.0,74.5,152,71,5678.5,Black,0.034445762634277344
2,140.0,15.0,40,30,600.0,Black,0.034445762634277344
2,19.0,13.5,38,27,530.5,Black,0.034445762634277344
3,39.0,47.5,62,19,947.5,Blue,0.042783260345458984
3,40.5,68.0,61,18,885.5,Green,0.042783260345458984
3,34.5,90.5,55,21,958.0,Red,0.042783260345458984
3,84.0,74.5,152,71,5678.5,Black,0.042783260345458984
3,140.0,15.0,40,30,600.0,Black,0.042783260345458984
3,19.0,13.5,38,27,530.5,Black,0.042783260345458984
4,39.0,47.5,62,19,974.5,Blue,0.04762864112854004
4,40.5,68.5,57,19,751.0,Green,0.04762864112854004
4,34.5,90.0,55,20,954.0,Red,0.04762864112854004
4,84.0,74.5,152,71,5636.0,Black,0.04762864112854004
4,140.5,15.0,39,30,616.5,Black,0.04762864112854004
4,20.0,13.5,40,27,529.5,Black,0.04762864112854004
5,39.0,47.5,62,19,974.5,Blue,0.037563323974609375
5,40.5,68.5,57,19,751.0,Green,0.037563323974609375
5,34.5,90.0,55,20,954.0,Red,0.037563323974609375
5,84.0,74.5,152,71,5636.0,Black,0.037563323974609375
5,140.5,15.0,39,30,616.5,Black,0.037563323974609375
5,20.0,13.5,40,27,529.5,Black,0.037563323974609375
6,39.0,47.5,62,19,936.5,Blue,0.03483080863952637
6,40.5,68.5,59,19,880.0,Green,0.03483080863952637
6,34.5,90.0,55,20,953.0,Red,0.03483080863952637
6,84.5,74.5,151,71,5860.5,Black,0.03483080863952637
6,139.0,15.5,42,31,611.5,Black,0.03483080863952637
6,18.5,14.0,37,28,542.0,Black,0.03483080863952637
7,39.0,47.5,62,19,936.5,Blue,0.03357291221618652
7,40.5,68.5,59,19,880.0,Green,0.03357291221618652
7,34.5,90.0,55,20,953.0,Red,0.03357291221618652
7,84.5,74.5,151,71,5860.5,Black,0.03357291221618652
7,139.0,15.5,42,31,611.5,Black,0.03357291221618652
7,18.5,14.0,37,28,542.0,Black,0.03357291221618652
8,39.0,47.5,62,19,959.0,Blue,0.03490853309631348
8,40.0,68.5,58,19,718.5,Green,0.03490853309631348
8,35.0,90.5,56,21,967.5,Red,0.03490853309631348
8,84.0,75.0,152,70,5428.5,Black,0.03490853309631348
8,138.5,15.0,43,30,600.0,Black,0.03490853309631348
8,20.0,13.5,40,27,542.5,Black,0.03490853309631348
9,39.0,47.5,62,19,959.0,Blue,0.04055929183959961
9,40.0,68.5,58,19,718.5,Green,0.04055929183959961
9,35.0,90.5,56,21,967.5,Red,0.04055929183959961
9,84.0,75.0,152,70,5428.5,Black,0.04055929183959961
9,138.5,15.0,43,30,600.0,Black,0.04055929183959961
9,20.0,13.5,40,27,542.5,Black,0.04055929183959961
10,39.0,47.5,62,19,959.5,Blue,0.03494119644165039
10,40.0,68.0,60,18,802.0,Green,0.03494119644165039
10,35.0,90.5,56,21,977.5,Red,0.03494119644165039
10,84.0,74.5,152,71,5706.0,Black,0.03494119644165039
10,139.5,15.5,41,31,603.5,Black,0.03494119644165039
10,20.5,13.5,41,27,542.0,Black,0.03494119644165039
11,39.0,47.5,62,19,959.5,Blue,0.03860211372375488
11,40.0,68.0,60,18,802.0,Green,0.03860211372375488
11,35.0,90.5,56,21,977.5,Red,0.03860211372375488
11,84.0,74.5,152,71,5706.0,Black,0.03860211372375488
11,139.5,15.5,41,31,603.5,Black,0.03860211372375488
11,20.5,13.5,41,27,542.0,Black,0.03860211372375488
12,39.0,47.5,62,19,948.5,Blue,0.03572249412536621
12,41.5,68.0,57,18,769.0,Green,0.03572249412536621
12,34.5,90.5,55,21,956.0,Red,0.03572249412536621
12,84.0,75.0,152,70,5622.0,Black,0.03572249412536621
12,140.0,15.5,40,31,604.0,Black,0.03572249412536621
12,18.5,14.0,37,28,525.5,Black,0.03572249412536621
13,39.0,47.5,62,19,948.5,Blue,0.03667140007019043
13,41.5,68.0,57,18,769.0,Green,0.03667140007019043
13,34.5,90.5,55,21,956.0,Red,0.03667140007019043
13,84.0,75.0,152,70,5622.0,Black,0.03667140007019043
13,140.0,15.5,40,31,604.0,Black,0.03667140007019043
13,18.5,14.0,37,28,525.5,Black,0.03667140007019043
14,39.0,47.5,62,19,952.5,Blue,0.03543233871459961
14,40.0,68.5,60,19,934.5,Green,0.03543233871459961
14,34.5,90.0,55,20,952.0,Red,0.03543233871459961
14,84.0,75.0,152,70,5645.0,Black,0.03543233871459961
14,138.5,15.5,43,31,650.5,Black,0.03543233871459961
14,19.0,14.0,38,28,542.5,Black,0.03543233871459961
15,39.0,47.5,62,19,952.5,Blue,0.03681302070617676
15,40.0,68.5,60,19,934.5,Green,0.03681302070617676
15,34.5,90.0,55,20,952.0,Red,0.03681302070617676
15,84.0,75.0,152,70,5645.0,Black,0.03681302070617676
15,138.5,15.5,43,31,650.5,Black,0.03681302070617676
15,19.0,14.0,38,28,542.5,Black,0.03681302070617676
16,39.0,47.5,62,19,955.5,Blue,0.037949562072753906
16,40.0,68.5,58,19,865.0,Green,0.037949562072753906
16,34.5,90.0,55,20,955.0,Red,0.037949562072753906
16,84.0,75.0,152,70,5809.0,Black,0.037949562072753906
16,140.0,15.0,40,30,572.0,Black,0.037949562072753906
16,20.5,14.0,41,28,541.0,Black,0.037949562072753906
17,39.0,47.5,62,19,955.5,Blue,0.03534817695617676
17,40.0,68.5,58,19,865.0,Green,0.03534817695617676
17,34.5,90.0,55,20,955.0,Red,0.03534817695617676
17,84.0,75.0,152,70,5809.0,Black,0.03534817695617676
17,140.0,15.0,40,30,572.0,Black,0.03534817695617676
17,20.5,14.0,41,28,541.0,Black,0.03534817695617676
18,39.0,47.5,62,19,959.5,Blue,0.03513479232788086
18,41.0,68.0,60,18,655.5,Green,0.03513479232788086
18,34.5,90.0,55,20,941.0,Red,0.03513479232788086
18,84.0,75.0,152,70,5412.5,Black,0.03513479232788086
18,142.5,15.5,35,31,593.0,Black,0.03513479232788086
18,17.5,14.0,35,28,531.0,Black,0.03513479232788086
19,39.0,47.5,62,19,959.5,Blue,0.0384674072265625
19,41.0,68.0,60,18,655.5,Green,0.0384674072265625
19,34.5,90.0,55,20,941.0,Red,0.0384674072265625
19,84.0,75.0,152,70,5412.5,Black,0.0384674072265625
19,142.5,15.5,35,31,593.0,Black,0.0384674072265625
19,17.5,14.0,35,28,531.0,Black,0.0384674072265625
20,39.0,47.5,62,19,934.5,Blue,0.03729128837585449
20,40.0,68.5,60,19,861.5,Green,0.03729128837585449
20,35.0,90.0,56,20,945.5,Red,0.03729128837585449
20,84.5,74.5,151,71,5559.5,Black,0.03729128837585449
20,139.5,15.5,41,31,619.0,Black,0.03729128837585449
20,19.0,14.0,38,28,560.5,Black,0.03729128837585449
21,39.0,47.5,62,19,934.5,Blue,0.035344839096069336
21,40.0,68.5,60,19,861.5,Green,0.035344839096069336
21,35.0,90.0,56,20,945.5,Red,0.035344839096069336
21,84.5,74.5,151,71,5559.5,Black,0.035344839096069336
21,139.5,15.5,41,31,619.0,Black,0.035344839096069336
21,19.0,14.0,38,28,560.5,Black,0.035344839096069336
22,39.0,47.5,62,19,963.5,Blue,0.03763604164123535
22,40.5,68.5,59,19,728.5,Green,0.03763604164123535
22,34.5,90.5,55,21,966.5,Red,0.03763604164123535
22,84.0,74.5,152,71,5480.5,Black,0.03763604164123535
22,140.0,15.5,40,31,599.5,Black,0.03763604164123535
22,21.0,14.0,42,28,535.5,Black,0.03763604164123535
23,39.0,47.5,62,19,963.5,Blue,0.03668212890625
23,40.5,68.5,59,19,728.5,Green,0.03668212890625
23,34.5,90.5,55,21,966.5,Red,0.03668212890625
23,84.0,74.5,152,71,5480.5,Black,0.03668212890625
23,140.0,15.5,40,31,599.5,Black,0.03668212890625
23,21.0,14.0,42,28,535.5,Black,0.03668212890625
24,39.0,47.5,62,19,940.0,Blue,0.03692483901977539
24,40.5,68.5,59,19,709.0,Green,0.03692483901977539
24,34.5,90.0,55,20,945.0,Red,0.03692483901977539
24,84.0,74.5,152,71,5477.0,Black,0.03692483901977539
24,139.5,15.5,41,31,590.5,Black,0.03692483901977539
24,20.0,13.5,40,27,529.5,Black,0.03692483901977539
25,39.0,47.5,62,19,940.0,Blue,0.037506103515625
25,40.5,68.5,59,19,709.0,Green,0.037506103515625
25,34.5,90.0,55,20,945.0,Red,0.037506103515625
25,84.0,74.5,152,71,5477.0,Black,0.037506103515625
25,139.5,15.5,41,31,590.5,Black,0.037506103515625
25,20.0,13.5,40,27,529.5,Black,0.037506103515625
26,39.0,47.5,62,19,969.0,Blue,0.03875112533569336
26,40.5,68.5,59,19,823.0,Green,0.03875112533569336
26,34.5,90.5,55,21,954.5,Red,0.03875112533569336
26,84.0,75.0,152,70,5517.5,Black,0.03875112533569336
26,139.5,15.0,41,30,600.5,Black,0.03875112533569336
26,19.5,13.5,39,27,531.0,Black,0.03875112533569336
27,39.0,47.5,62,19,969.0,Blue,0.04123663902282715
27,40.5,68.5,59,19,823.0,Green,0.04123663902282715
27,34.5,90.5,55,21,954.5,Red,0.04123663902282715
27,84.0,75.0,152,70,5517.5,Black,0.04123663902282715
27,139.5,15.0,41,30,600.5,Black,0.04123663902282715
27,19.5,13.5,39,27,531.0,Black,0.04123663902282715
28,144.5,110.0,31,20,169.0,Blue,0.03584647178649902
28,39.0,47.5,62,19,959.5,Blue,0.03584647178649902
28,42.0,68.5,58,19,689.5,Green,0.03584647178649902
28,35.0,90.0,56,20,940.5,Red,0.03584647178649902
28,84.5,74.5,151,71,5438.0,Black,0.03584647178649902
28,140.5,15.5,39,31,572.5,Black,0.03584647178649902
28,19.0,13.5,38,27,529.0,Black,0.03584647178649902
29,144.5,110.0,31,20,169.0,Blue,0.03671407699584961
29,39.0,47.5,62,19,959.5,Blue,0.03671407699584961
29,42.0,68.5,58,19,689.5,Green,0.03671407699584961
29,35.0,90.0,56,20,940.5,Red,0.03671407699584961
29,84.5,74.5,151,71,5438.0,Black,0.03671407699584961
29,140.5,15.5,39,31,572.5,Black,0.03671407699584961
29,19.0,13.5,38,27,529.0,Black,0.03671407699584961
30,39.0,47.5,62,19,960.5,Blue,0.03579211235046387
30,40.5,68.5,59,19,788.5,Green,0.03579211235046387
30,34.5,90.0,55,20,945.0,Red,0.03579211235046387
30,84.0,75.0,152,70,5712.0,Black,0.03579211235046387
30,140.0,15.0,40,30,565.5,Black,0.03579211235046387
30,19.0,13.5,38,27,516.5,Black,0.03579211235046387
31,39.0,47.5,62,19,960.5,Blue,0.035928964614868164
31,40.5,68.5,59,19,788.5,Green,0.035928964614868164
31,34.5,90.0,55,20,945.0,Red,0.035928964614868164
31,84.0,75.0,152,70,5712.0,Black,0.035928964614868164
31,140.0,15.0,40,30,565.5,Black,0.035928964614868164
31,19.0,13.5,38,27,516.5,Black,0.035928964614868164
32,147.0,109.5,26,21,146.0,Blue,0.031374216079711914
32,39.0,47.5,62,19,970.5,Blue,0.031374216079711914
32,40.5,68.5,57,19,482.0,Green,0.031374216079711914
32,34.5,90.0,55,20,955.0,Red,0.031374216079711914
32,84.5,75.0,151,70,5460.0,Black,0.031374216079711914
32,139.5,15.5,41,31,584.5,Black,0.031374216079711914
32,20.0,13.5,40,27,524.5,Black,0.031374216079711914
33,147.0,109.5,26,21,146.0,Blue,0.03703188896179199
33,39.0,47.5,62,19,970.5,Blue,0.03703188896179199
33,40.5,68.5,57,19,482.0,Green,0.03703188896179199
33,34.5,90.0,55,20,955.0,Red,0.03703188896179199
33,84.5,75.0,151,70,5460.0,Black,0.03703188896179199
33,139.5,15.5,41,31,584.5,Black,0.03703188896179199
33,20.0,13.5,40,27,524.5,Black,0.03703188896179199
34,39.0,47.5,62,19,945.0,Blue,0.0376887321472168
34,40.5,68.5,59,19,715.5,Green,0.0376887321472168
34,35.0,90.0,56,20,959.5,Red,0.0376887321472168
34,84.0,75.0,152,70,5573.5,Black,0.0376887321472168
34,140.5,15.5,39,31,590.0,Black,0.0376887321472168
34,20.0,14.0,40,28,533.0,Black,0.0376887321472168
35,39.0,47.5,62,19,945.0,Blue,0.03610563278198242
35,40.5,68.5,59,19,715.5,Green,0.03610563278198242
35,35.0,90.0,56,20,959.5,Red,0.03610563278198242
35,84.0,75.0,152,70,5573.5,Black,0.03610563278198242
35,140.5,15.5,39,31,590.0,Black,0.03610563278198242
35,20.0,14.0,40,28,533.0,Black,0.03610563278198242
36,148.5,56.5,23,9,111.0,Blue,0.03582882881164551
36,35.0,50.0,70,24,924.5,Blue,0.03582882881164551
36,117.0,5.0,86,10,634.0,Blue,0.03582882881164551
36,12.0,5.5,24,11,168.0,Blue,0.03582882881164551
36,41.5,70.0,57,14,511.0,Green,0.03582882881164551
36,48.5,5.0,41,10,227.0,Green,0.03582882881164551
36,34.5,90.5,55,21,981.0,Red,0.03582882881164551
36,84.5,86.5,151,47,3681.5,Black,0.03582882881164551
36,131.0,45.0,58,10,275.5,Black,0.03582882881164551
36,149.0,21.0,22,18,225.5,Black,0.03582882881164551
36,11.0,19.5,22,15,158.0,Black,0.03582882881164551
37,148.5,56.5,23,9,111.0,Blue,0.0391085147857666
37,35.0,50.0,70,24,924.5,Blue,0.0391085147857666
37,117.0,5.0,86,10,634.0,Blue,0.0391085147857666
37,12.0,5.5,24,11,168.0,Blue,0.0391085147857666
37,41.5,70.0,57,14,511.0,Green,0.0391085147857666
37,48.5,5.0,41,10,227.0,Green,0.0391085147857666
37,34.5,90.5,55,21,981.0,Red,0.0391085147857666
37,84.5,86.5,151,47,3681.5,Black,0.0391085147857666
37,131.0,45.0,58,10,275.5,Black,0.0391085147857666
37,149.0,21.0,22,18,225.5,Black,0.0391085147857666
37,11.0,19.5,22,15,158.0,Black,0.0391085147857666
38,144.0,110.5,32,19,273.5,Blue,0.03683733940124512
38,39.0,47.5,62,19,976.0,Blue,0.03683733940124512
38,41.0,67.5,58,17,624.5,Green,0.03683733940124512
38,34.5,90.0,55,20,952.0,Red,0.03683733940124512
38,84.0,75.0,152,70,5365.0,Black,0.03683733940124512
38,139.5,15.0,41,30,574.0,Black,0.03683733940124512
38,18.5,13.5,37,27,519.0,Black,0.03683733940124512
39,144.0,110.5,32,19,273.5,Blue,0.036238908767700195
39,39.0,47.5,62,19,976.0,Blue,0.036238908767700195
39,41.0,67.5,58,17,624.5,Green,0.036238908767700195
39,34.5,90.0,55,20,952.0,Red,0.036238908767700195
39,84.0,75.0,152,70,5365.0,Black,0.036238908767700195
39,139.5,15.0,41,30,574.0,Black,0.036238908767700195
39,18.5,13.5,37,27,519.0,Black,0.036238908767700195
40,39.0,47.5,62,19,964.5,Blue,0.03600025177001953
40,42.0,68.5,56,19,581.0,Green,0.03600025177001953
40,35.0,90.0,56,20,951.5,Red,0.03600025177001953
40,84.5,75.0,151,70,5378.5,Black,0.03600025177001953
40,141.0,15.0,38,30,548.0,Black,0.03600025177001953
40,19.5,14.0,39,28,533.5,Black,0.03600025177001953
41,39.0,47.5,62,19,964.5,Blue,0.04333925247192383
41,42.0,68.5,56,19,581.0,Green,0.04333925247192383
41,35.0,90.0,56,20,951.5,Red,0.04333925247192383
41,84.5,75.0,151,70,5378.5,Black,0.04333925247192383
41,141.0,15.0,38,30,548.0,Black,0.04333925247192383
41,19.5,14.0,39,28,533.5,Black,0.04333925247192383
42,39.0,47.5,62,19,940.5,Blue,0.04331159591674805
42,41.0,68.5,58,19,747.0,Green,0.04331159591674805
42,34.5,90.0,55,20,956.0,Red,0.04331159591674805
42,84.0,75.0,152,70,5605.5,Black,0.04331159591674805
42,140.0,15.0,40,30,575.0,Black,0.04331159591674805
42,20.0,14.0,40,28,529.5,Black,0.04331159591674805
43,39.0,47.5,62,19,940.5,Blue,0.03830146789550781
43,41.0,68.5,58,19,747.0,Green,0.03830146789550781
43,34.5,90.0,55,20,956.0,Red,0.03830146789550781
43,84.0,75.0,152,70,5605.5,Black,0.03830146789550781
43,140.0,15.0,40,30,575.0,Black,0.03830146789550781
43,20.0,14.0,40,28,529.5,Black,0.03830146789550781
44,39.0,47.5,62,19,961.5,Blue,0.049803972244262695
44,43.0,68.5,54,19,625.5,Green,0.049803972244262695
44,34.5,90.5,55,21,959.0,Red,0.049803972244262695
44,84.0,75.0,152,70,5335.0,Black,0.049803972244262695
44,140.5,15.0,39,30,564.0,Black,0.049803972244262695
44,18.0,14.0,36,28,524.0,Black,0.049803972244262695
45,39.0,47.5,62,19,961.5,Blue,0.03559088706970215
45,43.0,68.5,54,19,625.5,Green,0.03559088706970215
45,34.5,90.5,55,21,959.0,Red,0.03559088706970215
45,84.0,75.0,152,70,5335.0,Black,0.03559088706970215
45,140.5,15.0,39,30,564.0,Black,0.03559088706970215
45,18.0,14.0,36,28,524.0,Black,0.03559088706970215
46,71.5,107.5,87,9,328.0,Blue,0.03680157661437988
46,143.5,110.0,33,20,213.0,Blue,0.03680157661437988
46,39.0,47.5,62,19,962.5,Blue,0.03680157661437988
46,41.0,68.5,58,19,596.0,Green,0.03680157661437988
46,35.0,91.5,56,23,946.0,Red,0.03680157661437988
46,84.0,70.5,152,61,5208.5,Black,0.03680157661437988
46,139.5,15.5,41,31,585.5,Black,0.03680157661437988
46,20.0,14.0,40,28,528.0,Black,0.03680157661437988
47,71.5,107.5,87,9,328.0,Blue,0.03602933883666992
47,143.5,110.0,33,20,213.0,Blue,0.03602933883666992
47,39.0,47.5,62,19,962.5,Blue,0.03602933883666992
47,41.0,68.5,58,19,596.0,Green,0.03602933883666992
47,35.0,91.5,56,23,946.0,Red,0.03602933883666992
47,84.0,70.5,152,61,5208.5,Black,0.03602933883666992
47,139.5,15.5,41,31,585.5,Black,0.03602933883666992
47,20.0,14.0,40,28,528.0,Black,0.03602933883666992
48,39.0,47.5,62,19,935.5,Blue,0.035430192947387695
48,43.0,68.5,54,19,771.5,Green,0.035430192947387695
48,34.5,90.0,55,20,945.0,Red,0.035430192947387695
48,84.0,75.0,152,70,5591.0,Black,0.035430192947387695
48,139.0,15.0,42,30,596.0,Black,0.035430192947387695
48,19.5,14.0,39,28,529.0,Black,0.035430192947387695
49,39.0,47.5,62,19,935.5,Blue,0.03949403762817383
49,43.0,68.5,54,19,771.5,Green,0.03949403762817383
49,34.5,90.0,55,20,945.0,Red,0.03949403762817383
49,84.0,75.0,152,70,5591.0,Black,0.03949403762817383
49,139.0,15.0,42,30,596.0,Black,0.03949403762817383
49,19.5,14.0,39,28,529.0,Black,0.03949403762817383
50,39.0,47.5,62,19,974.5,Blue,0.04432320594787598
50,41.5,68.5,57,19,682.5,Green,0.04432320594787598
50,34.5,90.0,55,20,951.0,Red,0.04432320594787598
50,84.5,75.0,151,70,5377.0,Black,0.04432320594787598
50,141.0,15.0,38,30,584.5,Black,0.04432320594787598
50,18.5,13.5,37,27,525.0,Black,0.04432320594787598
51,39.0,47.5,62,19,974.5,Blue,0.037148475646972656
51,41.5,68.5,57,19,682.5,Green,0.037148475646972656
51,34.5,90.0,55,20,951.0,Red,0.037148475646972656
51,84.5,75.0,151,70,5377.0,Black,0.037148475646972656
51,141.0,15.0,38,30,584.5,Black,0.037148475646972656
51,18.5,13.5,37,27,525.0,Black,0.037148475646972656
52,39.0,47.5,62,19,937.0,Blue,0.041311025619506836
52,40.5,68.5,61,19,897.0,Green,0.041311025619506836
52,34.5,90.5,55,21,969.5,Red,0.041311025619506836
52,84.0,74.5,152,71,5638.5,Black,0.041311025619506836
52,139.0,15.5,42,31,627.5,Black,0.041311025619506836
52,18.5,13.5,37,27,535.5,Black,0.041311025619506836
53,39.0,47.5,62,19,937.0,Blue,0.03775668144226074
53,40.5,68.5,61,19,897.0,Green,0.03775668144226074
53,34.5,90.5,55,21,969.5,Red,0.03775668144226074
53,84.0,74.5,152,71,5638.5,Black,0.03775668144226074
53,139.0,15.5,42,31,627.5,Black,0.03775668144226074
53,18.5,13.5,37,27,535.5,Black,0.03775668144226074
54,39.0,47.5,62,19,939.5,Blue,0.0422208309173584
54,40.0,68.5,60,19,786.0,Green,0.0422208309173584
54,35.0,90.5,56,21,962.5,Red,0.0422208309173584
54,84.0,74.5,152,71,5689.5,Black,0.0422208309173584
54,141.5,15.5,37,31,615.5,Black,0.0422208309173584
54,19.5,14.0,39,28,539.0,Black,0.0422208309173584
55,39.0,47.5,62,19,939.5,Blue,0.03448081016540527
55,40.0,68.5,60,19,786.0,Green,0.03448081016540527
55,35.0,90.5,56,21,962.5,Red,0.03448081016540527
55,84.0,74.5,152,71,5689.5,Black,0.03448081016540527
55,141.5,15.5,37,31,615.5,Black,0.03448081016540527
55,19.5,14.0,39,28,539.0,Black,0.03448081016540527
56,39.0,47.5,62,19,958.0,Blue,0.04059481620788574
56,43.0,68.5,54,19,650.5,Green,0.04059481620788574
56,35.0,90.0,56,20,953.5,Red,0.04059481620788574
56,84.0,75.0,152,70,5350.0,Black,0.04059481620788574
56,140.0,15.0,40,30,569.0,Black,0.04059481620788574
56,18.5,13.5,37,27,531.0,Black,0.04059481620788574
57,39.0,47.5,62,19,958.0,Blue,0.03902173042297363
57,43.0,68.5,54,19,650.5,Green,0.03902173042297363
57,35.0,90.0,56,20,953.5,Red,0.03902173042297363
57,84.0,75.0,152,70,5350.0,Black,0.03902173042297363
57,140.0,15.0,40,30,569.0,Black,0.03902173042297363
57,18.5,13.5,37,27,531.0,Black,0.03902173042297363
58,39.0,47.5,62,19,968.0,Blue,0.04583549499511719
58,41.5,68.5,59,19,861.0,Green,0.04583549499511719
58,35.0,90.0,56,20,959.5,Red,0.04583549499511719
58,84.0,74.5,152,71,5651.5,Black,0.04583549499511719
58,140.5,15.5,39,31,585.5,Black,0.04583549499511719
58,18.5,14.0,37,28,529.0,Black,0.04583549499511719
59,39.0,47.5,62,19,968.0,Blue,0.035129547119140625
59,41.5,68.5,59,19,861.0,Green,0.035129547119140625
59,35.0,90.0,56,20,959.5,Red,0.035129547119140625
59,84.0,74.5,152,71,5651.5,Black,0.035129547119140625
59,140.5,15.5,39,31,585.5,Black,0.035129547119140625
59,18.5,14.0,37,28,529.0,Black,0.035129547119140625
60,39.0,47.5,62,19,934.0,Blue,0.03714132308959961
60,41.0,68.5,58,19,750.0,Green,0.03714132308959961
60,34.5,90.0,55,20,938.0,Red,0.03714132308959961
60,84.0,75.0,152,70,5672.5,Black,0.03714132308959961
60,141.0,15.5,38,31,594.0,Black,0.03714132308959961
60,19.5,14.0,39,28,546.5,Black,0.03714132308959961
61,39.0,47.5,62,19,934.0,Blue,0.03976583480834961
61,41.0,68.5,58,19,750.0,Green,0.03976583480834961
61,34.5,90.0,55,20,938.0,Red,0.03976583480834961
61,84.0,75.0,152,70,5672.5,Black,0.03976583480834961
61,141.0,15.5,38,31,594.0,Black,0.03976583480834961
61,19.5,14.0,39,28,546.5,Black,0.03976583480834961
62,39.0,47.5,62,19,952.0,Blue,0.039086103439331055
62,40.5,68.5,59,19,901.0,Green,0.039086103439331055
62,34.5,90.0,55,20,940.5,Red,0.039086103439331055
62,84.0,75.0,152,70,5650.0,Black,0.039086103439331055
62,141.0,15.0,38,30,603.5,Black,0.039086103439331055
62,19.0,14.0,38,28,535.5,Black,0.039086103439331055
63,39.0,47.5,62,19,952.0,Blue,0.04735302925109863
63,40.5,68.5,59,19,901.0,Green,0.04735302925109863
63,34.5,90.0,55,20,940.5,Red,0.04735302925109863
63,84.0,75.0,152,70,5650.0,Black,0.04735302925109863
63,141.0,15.0,38,30,603.5,Black,0.04735302925109863
63,19.0,14.0,38,28,535.5,Black,0.04735302925109863
64,39.0,47.5,62,19,913.5,Blue,0.04312276840209961
64,40.0,68.5,60,19,890.0,Green,0.04312276840209961
64,35.0,90.0,56,20,956.0,Red,0.04312276840209961
64,84.0,74.5,152,71,5653.5,Black,0.04312276840209961
64,139.5,15.0,41,30,593.5,Black,0.04312276840209961
64,19.0,14.0,38,28,531.5,Black,0.04312276840209961
65,39.0,47.5,62,19,913.5,Blue,0.04417157173156738
65,40.0,68.5,60,19,890.0,Green,0.04417157173156738
65,35.0,90.0,56,20,956.0,Red,0.04417157173156738
65,84.0,74.5,152,71,5653.5,Black,0.04417157173156738
65,139.5,15.0,41,30,593.5,Black,0.04417157173156738
65,19.0,14.0,38,28,531.5,Black,0.04417157173156738
66,149.5,115.5,21,9,104.5,Blue,0.039886474609375
66,39.0,47.5,62,19,958.5,Blue,0.039886474609375
66,42.0,68.0,58,18,657.0,Green,0.039886474609375
66,34.5,90.0,55,20,948.0,Red,0.039886474609375
66,84.0,75.0,152,70,5334.0,Black,0.039886474609375
66,140.0,15.5,40,31,595.0,Black,0.039886474609375
66,18.0,14.0,36,28,520.5,Black,0.039886474609375
67,149.5,115.5,21,9,104.5,Blue,0.037603139877319336
67,39.0,47.5,62,19,958.5,Blue,0.037603139877319336
67,42.0,68.0,58,18,657.0,Green,0.037603139877319336
67,34.5,90.0,55,20,948.0,Red,0.037603139877319336
67,84.0,75.0,152,70,5334.0,Black,0.037603139877319336
67,140.0,15.5,40,31,595.0,Black,0.037603139877319336
67,18.0,14.0,36,28,520.5,Black,0.037603139877319336
68,39.0,47.5,62,19,943.5,Blue,0.035932064056396484
68,40.5,68.5,59,19,779.0,Green,0.035932064056396484
68,35.0,90.0,56,20,967.5,Red,0.035932064056396484
68,84.0,74.5,152,71,5644.5,Black,0.035932064056396484
68,141.5,15.5,37,31,568.0,Black,0.035932064056396484
68,19.0,13.5,38,27,518.5,Black,0.035932064056396484
69,39.0,47.5,62,19,943.5,Blue,0.033747196197509766
69,40.5,68.5,59,19,779.0,Green,0.033747196197509766
69,35.0,90.0,56,20,967.5,Red,0.033747196197509766
69,84.0,74.5,152,71,5644.5,Black,0.033747196197509766
69,141.5,15.5,37,31,568.0,Black,0.033747196197509766
69,19.0,13.5,38,27,518.5,Black,0.033747196197509766
70,39.0,47.5,62,19,965.0,Blue,0.036346435546875
70,42.0,68.0,54,18,658.0,Green,0.036346435546875
70,35.0,90.0,56,20,952.5,Red,0.036346435546875
70,84.0,74.5,152,71,5837.5,Black,0.036346435546875
70,140.0,15.5,40,31,588.5,Black,0.036346435546875
70,20.5,13.5,41,27,522.0,Black,0.036346435546875
71,39.0,47.5,62,19,965.0,Blue,0.046419620513916016
71,42.0,68.0,54,18,658.0,Green,0.046419620513916016
71,35.0,90.0,56,20,952.5,Red,0.046419620513916016
71,84.0,74.5,152,71,5837.5,Black,0.046419620513916016
71,140.0,15.5,40,31,588.5,Black,0.046419620513916016
71,20.5,13.5,41,27,522.0,Black,0.046419620513916016
72,39.0,47.5,62,19,931.5,Blue,0.03764677047729492
72,41.5,68.5,59,19,792.5,Green,0.03764677047729492
72,34.5,90.0,55,20,948.0,Red,0.03764677047729492
72,84.0,74.5,152,71,5803.5,Black,0.03764677047729492
72,140.0,15.0,40,30,615.5,Black,0.03764677047729492
72,19.0,14.0,38,28,561.5,Black,0.03764677047729492
73,39.0,47.5,62,19,931.5,Blue,0.03846335411071777
73,41.5,68.5,59,19,792.5,Green,0.03846335411071777
73,34.5,90.0,55,20,948.0,Red,0.03846335411071777
73,84.0,74.5,152,71,5803.5,Black,0.03846335411071777
73,140.0,15.0,40,30,615.5,Black,0.03846335411071777
73,19.0,14.0,38,28,561.5,Black,0.03846335411071777
74,39.0,47.5,62,19,943.5,Blue,0.0359649658203125
74,40.0,68.0,60,18,879.0,Green,0.0359649658203125
74,35.0,90.5,56,21,967.5,Red,0.0359649658203125
74,84.0,75.0,152,70,5598.5,Black,0.0359649658203125
74,138.0,15.5,44,31,596.5,Black,0.0359649658203125
74,21.0,13.5,42,27,554.5,Black,0.0359649658203125
75,39.0,47.5,62,19,943.5,Blue,0.0356440544128418
75,40.0,68.0,60,18,879.0,Green,0.0356440544128418
75,35.0,90.5,56,21,967.5,Red,0.0356440544128418
75,84.0,75.0,152,70,5598.5,Black,0.0356440544128418
75,138.0,15.5,44,31,596.5,Black,0.0356440544128418
75,21.0,13.5,42,27,554.5,Black,0.0356440544128418
76,39.0,47.5,62,19,948.0,Blue,0.035614013671875
76,40.5,68.5,61,19,669.5,Green,0.035614013671875
76,34.5,90.0,55,20,961.0,Red,0.035614013671875
76,84.0,75.0,152,70,5550.0,Black,0.035614013671875
76,141.5,15.5,37,31,577.5,Black,0.035614013671875
76,20.0,13.5,40,27,538.5,Black,0.035614013671875
77,39.0,47.5,62,19,948.0,Blue,0.03647351264953613
77,40.5,68.5,61,19,669.5,Green,0.03647351264953613
77,34.5,90.0,55,20,961.0,Red,0.03647351264953613
77,84.0,75.0,152,70,5550.0,Black,0.03647351264953613
77,141.5,15.5,37,31,577.5,Black,0.03647351264953613
77,20.0,13.5,40,27,538.5,Black,0.03647351264953613
78,39.0,47.5,62,19,945.0,Blue,0.04133152961730957
78,40.5,68.5,59,19,767.5,Green,0.04133152961730957
78,34.5,90.0,55,20,956.0,Red,0.04133152961730957
78,84.0,75.0,152,70,5575.5,Black,0.04133152961730957
78,141.0,15.5,38,31,589.0,Black,0.04133152961730957
78,19.0,13.5,38,27,531.5,Black,0.04133152961730957
79,39.0,47.5,62,19,945.0,Blue,0.033629655838012695
79,40.5,68.5,59,19,767.5,Green,0.033629655838012695
79,34.5,90.0,55,20,956.0,Red,0.033629655838012695
79,84.0,75.0,152,70,5575.5,Black,0.033629655838012695
79,141.0,15.5,38,31,589.0,Black,0.033629655838012695
79,19.0,13.5,38,27,531.5,Black,0.033629655838012695
80,148.0,113.5,24,13,107.5,Blue,0.0334014892578125
80,39.0,47.5,62,19,976.0,Blue,0.0334014892578125
80,41.5,68.5,57,19,457.5,Green,0.0334014892578125
80,34.5,90.0,55,20,944.0,Red,0.0334014892578125
80,84.0,75.0,152,70,5336.0,Black,0.0334014892578125
80,141.0,15.0,38,30,554.0,Black,0.0334014892578125
80,18.5,14.0,37,28,527.5,Black,0.0334014892578125
81,148.0,113.5,24,13,107.5,Blue,0.03375053405761719
81,39.0,47.5,62,19,976.0,Blue,0.03375053405761719
81,41.5,68.5,57,19,457.5,Green,0.03375053405761719
81,34.5,90.0,55,20,944.0,Red,0.03375053405761719
81,84.0,75.0,152,70,5336.0,Black,0.03375053405761719
81,141.0,15.0,38,30,554.0,Black,0.03375053405761719
81,18.5,14.0,37,28,527.5,Black,0.03375053405761719
82,148.0,110.5,24,19,180.0,Blue,0.03287315368652344
82,39.0,47.5,62,19,967.5,Blue,0.03287315368652344
82,43.5,68.5,51,19,456.5,Green,0.03287315368652344
82,35.0,90.0,56,20,948.5,Red,0.03287315368652344
82,84.5,75.0,151,70,5313.0,Black,0.03287315368652344
82,141.0,15.0,38,30,589.5,Black,0.03287315368652344
82,18.5,13.5,37,27,520.0,Black,0.03287315368652344
83,148.0,110.5,24,19,180.0,Blue,0.033470869064331055
83,39.0,47.5,62,19,967.5,Blue,0.033470869064331055
83,43.5,68.5,51,19,456.5,Green,0.033470869064331055
83,35.0,90.0,56,20,948.5,Red,0.033470869064331055
83,84.5,75.0,151,70,5313.0,Black,0.033470869064331055
83,141.0,15.0,38,30,589.5,Black,0.033470869064331055
83,18.5,13.5,37,27,520.0,Black,0.033470869064331055
84,39.0,47.5,62,19,945.0,Blue,0.04344320297241211
84,41.0,68.5,60,19,866.0,Green,0.04344320297241211
84,34.5,90.0,55,20,947.5,Red,0.04344320297241211
84,84.0,74.5,152,71,5528.5,Black,0.04344320297241211
84,137.0,15.5,46,31,647.0,Black,0.04344320297241211
84,20.0,13.5,40,27,550.5,Black,0.04344320297241211
85,39.0,47.5,62,19,945.0,Blue,0.03638577461242676
85,41.0,68.5,60,19,866.0,Green,0.03638577461242676
85,34.5,90.0,55,20,947.5,Red,0.03638577461242676
85,84.0,74.5,152,71,5528.5,Black,0.03638577461242676
85,137.0,15.5,46,31,647.0,Black,0.03638577461242676
85,20.0,13.5,40,27,550.5,Black,0.03638577461242676
86,39.0,47.5,62,19,961.5,Blue,0.036070823669433594
86,41.0,68.5,58,19,565.0,Green,0.036070823669433594
86,35.0,90.0,56,20,972.5,Red,0.036070823669433594
86,84.0,75.0,152,70,5402.5,Black,0.036070823669433594
86,141.0,15.5,38,31,597.0,Black,0.036070823669433594
86,20.0,14.0,40,28,561.0,Black,0.036070823669433594
87,39.0,47.5,62,19,961.5,Blue,0.03659534454345703
87,41.0,68.5,58,19,565.0,Green,0.03659534454345703
87,35.0,90.0,56,20,972.5,Red,0.03659534454345703
87,84.0,75.0,152,70,5402.5,Black,0.03659534454345703
87,141.0,15.5,38,31,597.0,Black,0.03659534454345703
87,20.0,14.0,40,28,561.0,Black,0.03659534454345703
88,39.0,47.5,62,19,968.0,Blue,0.03452944755554199
88,41.0,68.5,56,19,632.0,Green,0.03452944755554199
88,34.5,90.0,55,20,952.0,Red,0.03452944755554199
88,84.0,75.0,152,70,5375.5,Black,0.03452944755554199
88,139.5,15.5,41,31,600.0,Black,0.03452944755554199
88,19.5,14.0,39,28,538.5,Black,0.03452944755554199
89,39.0,47.5,62,19,968.0,Blue,0.03622627258300781
89,41.0,68.5,56,19,632.0,Green,0.03622627258300781
89,34.5,90.0,55,20,952.0,Red,0.03622627258300781
89,84.0,75.0,152,70,5375.5,Black,0.03622627258300781
89,139.5,15.5,41,31,600.0,Black,0.03622627258300781
89,19.5,14.0,39,28,538.5,Black,0.03622627258300781
90,35.0,47.5,70,19,368.0,Blue,0.03500866889953613
90,41.0,68.5,58,19,565.0,Green,0.03500866889953613
90,35.0,90.0,56,20,972.5,Red,0.03500866889953613
90,12.5,45.0,25,10,143.5,Red,0.03500866889953613
90,151.0,44.5,18,11,134.0,Red,0.03500866889953613
90,84.0,79.0,152,62,4899.0,Black,0.03500866889953613
90,140.5,15.5,39,31,637.0,Black,0.03500866889953613
90,19.0,14.0,38,28,539.5,Black,0.03500866889953613
91,35.0,47.5,70,19,368.0,Blue,0.03340268135070801
91,41.0,68.5,58,19,565.0,Green,0.03340268135070801
91,35.0,90.0,56,20,972.5,Red,0.03340268135070801
91,12.5,45.0,25,10,143.5,Red,0.03340268135070801
91,151.0,44.5,18,11,134.0,Red,0.03340268135070801
91,84.0,79.0,152,62,4899.0,Black,0.03340268135070801
91,140.5,15.5,39,31,637.0,Black,0.03340268135070801
91,19.0,14.0,38,28,539.5,Black,0.03340268135070801
92,39.0,47.5,62,19,979.0,Blue,0.03483891487121582
92,40.0,68.5,60,19,751.0,Green,0.03483891487121582
92,35.0,90.0,56,20,950.0,Red,0.03483891487121582
92,84.0,74.5,152,71,5431.5,Black,0.03483891487121582
92,139.5,15.5,41,31,622.0,Black,0.03483891487121582
92,19.5,14.0,39,28,537.0,Black,0.03483891487121582
93,39.0,47.5,62,19,979.0,Blue,0.038918495178222656
93,40.0,68.5,60,19,751.0,Green,0.038918495178222656
93,35.0,90.0,56,20,950.0,Red,0.038918495178222656
93,84.0,74.5,152,71,5431.5,Black,0.038918495178222656
93,139.5,15.5,41,31,622.0,Black,0.038918495178222656
93,19.5,14.0,39,28,537.0,Black,0.038918495178222656
94,22.5,95.0,45,8,216.0,Blue,0.04027891159057617
94,39.0,47.5,62,19,945.5,Blue,0.04027891159057617
94,95.0,94.0,96,8,514.5,Green,0.04027891159057617
94,41.0,68.5,60,19,863.0,Green,0.04027891159057617
94,35.5,84.5,55,9,417.5,Red,0.04027891159057617
94,79.5,105.0,27,10,146.0,Black,0.04027891159057617
94,84.0,64.5,152,49,4540.5,Black,0.04027891159057617
94,139.5,15.5,41,31,646.0,Black,0.04027891159057617
94,18.5,14.0,37,28,550.5,Black,0.04027891159057617
95,22.5,95.0,45,8,216.0,Blue,0.035471200942993164
95,39.0,47.5,62,19,945.5,Blue,0.035471200942993164
95,95.0,94.0,96,8,514.5,Green,0.035471200942993164
95,41.0,68.5,60,19,863.0,Green,0.035471200942993164
95,35.5,84.5,55,9,417.5,Red,0.035471200942993164
95,79.5,105.0,27,10,146.0,Black,0.035471200942993164
95,84.0,64.5,152,49,4540.5,Black,0.035471200942993164
95,139.5,15.5,41,31,646.0,Black,0.035471200942993164
95,18.5,14.0,37,28,550.5,Black,0.035471200942993164
96,39.0,47.5,62,19,950.0,Blue,0.035006046295166016
96,40.0,68.5,60,19,916.0,Green,0.035006046295166016
96,35.0,90.0,56,20,948.5,Red,0.035006046295166016
96,84.0,74.5,152,71,5616.0,Black,0.035006046295166016
96,137.0,15.5,46,31,644.0,Black,0.035006046295166016
96,20.0,14.0,40,28,552.5,Black,0.035006046295166016
97,39.0,47.5,62,19,950.0,Blue,0.03666853904724121
97,40.0,68.5,60,19,916.0,Green,0.03666853904724121
97,35.0,90.0,56,20,948.5,Red,0.03666853904724121
97,84.0,74.5,152,71,5616.0,Black,0.03666853904724121
97,137.0,15.5,46,31,644.0,Black,0.03666853904724121
97,20.0,14.0,40,28,552.5,Black,0.03666853904724121
98,123.0,82.5,30,11,166.5,Blue,0.04221057891845703
98,39.0,47.5,62,19,966.5,Blue,0.04221057891845703
98,42.0,67.5,56,17,500.5,Green,0.04221057891845703
98,34.0,94.5,54,11,438.5,Red,0.04221057891845703
98,79.5,100.0,35,20,455.5,Black,0.04221057891845703
98,133.0,92.5,54,13,233.5,Black,0.04221057891845703
98,47.5,67.0,79,42,1309.0,Black,0.04221057891845703
98,127.5,59.0,65,38,1895.0,Black,0.04221057891845703
98,141.0,15.5,38,31,594.5,Black,0.04221057891845703
98,19.5,14.0,39,28,540.5,Black,0.04221057891845703
99,123.0,82.5,30,11,166.5,Blue,0.039138078689575195
99,39.0,47.5,62,19,966.5,Blue,0.039138078689575195
99,42.0,67.5,56,17,500.5,Green,0.039138078689575195
99,34.0,94.5,54,11,438.5,Red,0.039138078689575195
99,79.5,100.0,35,20,455.5,Black,0.039138078689575195
99,133.0,92.5,54,13,233.5,Black,0.039138078689575195
99,47.5,67.0,79,42,1309.0,Black,0.039138078689575195
99,127.5,59.0,65,38,1895.0,Black,0.039138078689575195
99,141.0,15.5,38,31,594.5,Black,0.039138078689575195
99,19.5,14.0,39,28,540.5,Black,0.039138078689575195
100,39.0,47.5,62,19,947.5,Blue,0.0452885627746582
100,41.0,68.5,58,19,831.0,Green,0.0452885627746582
100,34.5,90.0,55,20,948.0,Red,0.0452885627746582
100,84.5,75.0,151,70,5565.5,Black,0.0452885627746582
100,139.0,15.0,42,30,604.0,Black,0.0452885627746582
100,18.5,14.0,37,28,562.0,Black,0.0452885627746582
101,39.0,47.5,62,19,947.5,Blue,0.0364227294921875
101,41.0,68.5,58,19,831.0,Green,0.0364227294921875
101,34.5,90.0,55,20,948.0,Red,0.0364227294921875
101,84.5,75.0,151,70,5565.5,Black,0.0364227294921875
101,139.0,15.0,42,30,604.0,Black,0.0364227294921875
101,18.5,14.0,37,28,562.0,Black,0.0364227294921875
102,39.0,47.5,62,19,956.0,Blue,0.03606152534484863
102,44.0,68.5,52,19,541.5,Green,0.03606152534484863
102,34.5,90.5,55,21,964.0,Red,0.03606152534484863
102,84.0,75.0,152,70,5403.5,Black,0.03606152534484863
102,141.0,15.5,38,31,587.0,Black,0.03606152534484863
102,18.0,14.0,36,28,538.5,Black,0.03606152534484863
103,39.0,47.5,62,19,956.0,Blue,0.0373835563659668
103,44.0,68.5,52,19,541.5,Green,0.0373835563659668
103,34.5,90.5,55,21,964.0,Red,0.0373835563659668
103,84.0,75.0,152,70,5403.5,Black,0.0373835563659668
103,141.0,15.5,38,31,587.0,Black,0.0373835563659668
103,18.0,14.0,36,28,538.5,Black,0.0373835563659668
104,148.5,111.5,23,17,273.5,Blue,0.037618160247802734
104,39.0,47.5,62,19,958.0,Blue,0.037618160247802734
104,77.0,95.5,48,9,183.5,Green,0.037618160247802734
104,40.5,68.5,59,19,844.0,Green,0.037618160247802734
104,142.5,94.0,35,8,218.0,Red,0.037618160247802734
104,31.0,89.5,62,19,568.5,Red,0.037618160247802734
104,84.0,64.5,152,49,4593.0,Black,0.037618160247802734
104,138.5,15.0,43,30,615.0,Black,0.037618160247802734
104,20.0,13.5,40,27,546.0,Black,0.037618160247802734
105,148.5,111.5,23,17,273.5,Blue,0.04224658012390137
105,39.0,47.5,62,19,958.0,Blue,0.04224658012390137
105,77.0,95.5,48,9,183.5,Green,0.04224658012390137
105,40.5,68.5,59,19,844.0,Green,0.04224658012390137
105,142.5,94.0,35,8,218.0,Red,0.04224658012390137
105,31.0,89.5,62,19,568.5,Red,0.04224658012390137
105,84.0,64.5,152,49,4593.0,Black,0.04224658012390137
105,138.5,15.0,43,30,615.0,Black,0.04224658012390137
105,20.0,13.5,40,27,546.0,Black,0.04224658012390137
106,39.0,47.5,62,19,943.5,Blue,0.042815446853637695
106,40.0,68.5,60,19,860.5,Green,0.042815446853637695
106,35.0,91.0,56,22,961.0,Red,0.042815446853637695
106,84.0,74.5,152,71,5726.0,Black,0.042815446853637695
106,139.5,15.5,41,31,621.0,Black,0.042815446853637695
106,19.5,13.5,39,27,533.0,Black,0.042815446853637695
107,39.0,47.5,62,19,943.5,Blue,0.039641618728637695
107,40.0,68.5,60,19,860.5,Green,0.039641618728637695
107,35.0,91.0,56,22,961.0,Red,0.039641618728637695
107,84.0,74.5,152,71,5726.0,Black,0.039641618728637695
107,139.5,15.5,41,31,621.0,Black,0.039641618728637695
107,19.5,13.5,39,27,533.0,Black,0.039641618728637695
108,39.0,47.5,62,19,962.0,Blue,0.033869028091430664
108,42.0,68.5,58,19,883.0,Green,0.033869028091430664
108,34.5,90.0,55,20,949.0,Red,0.033869028091430664
108,84.0,75.0,152,70,5426.5,Black,0.033869028091430664
108,138.0,15.5,44,31,624.0,Black,0.033869028091430664
108,21.5,14.0,43,28,551.5,Black,0.033869028091430664
109,39.0,47.5,62,19,962.0,Blue,0.03393697738647461
109,42.0,68.5,58,19,883.0,Green,0.03393697738647461
109,34.5,90.0,55,20,949.0,Red,0.03393697738647461
109,84.0,75.0,152,70,5426.5,Black,0.03393697738647461
109,138.0,15.5,44,31,624.0,Black,0.03393697738647461
109,21.5,14.0,43,28,551.5,Black,0.03393697738647461
110,39.0,47.5,62,19,933.5,Blue,0.04009556770324707
110,40.0,68.5,60,19,954.0,Green,0.04009556770324707
110,34.5,90.0,55,20,946.5,Red,0.04009556770324707
110,84.0,74.5,152,71,5481.5,Black,0.04009556770324707
110,139.0,15.5,42,31,626.0,Black,0.04009556770324707
110,19.0,14.0,38,28,552.5,Black,0.04009556770324707
111,39.0,47.5,62,19,933.5,Blue,0.034438133239746094
111,40.0,68.5,60,19,954.0,Green,0.034438133239746094
111,34.5,90.0,55,20,946.5,Red,0.034438133239746094
111,84.0,74.5,152,71,5481.5,Black,0.034438133239746094
111,139.0,15.5,42,31,626.0,Black,0.034438133239746094
111,19.0,14.0,38,28,552.5,Black,0.034438133239746094
112,39.0,47.5,62,19,946.5,Blue,0.0384061336517334
112,40.5,68.5,61,19,835.5,Green,0.0384061336517334
112,34.5,90.0,55,20,964.0,Red,0.0384061336517334
112,84.0,74.5,152,71,5577.0,Black,0.0384061336517334
112,140.0,15.5,40,31,621.0,Black,0.0384061336517334
112,20.0,13.5,40,27,555.0,Black,0.0384061336517334
113,39.0,47.5,62,19,946.5,Blue,0.034684181213378906
113,40.5,68.5,61,19,835.5,Green,0.034684181213378906
113,34.5,90.0,55,20,964.0,Red,0.034684181213378906
113,84.0,74.5,152,71,5577.0,Black,0.034684181213378906
113,140.0,15.5,40,31,621.0,Black,0.034684181213378906
113,20.0,13.5,40,27,555.0,Black,0.034684181213378906
114,39.0,47.5,62,19,939.5,Blue,0.036785125732421875
114,40.0,68.5,60,19,839.5,Green,0.036785125732421875
114,34.5,90.0,55,20,945.0,Red,0.036785125732421875
114,84.5,74.5,151,71,5623.0,Black,0.036785125732421875
114,139.0,15.5,42,31,585.5,Black,0.036785125732421875
114,19.5,14.0,39,28,552.5,Black,0.036785125732421875
115,39.0,47.5,62,19,939.5,Blue,0.034340620040893555
115,40.0,68.5,60,19,839.5,Green,0.034340620040893555
115,34.5,90.0,55,20,945.0,Red,0.034340620040893555
115,84.5,74.5,151,71,5623.0,Black,0.034340620040893555
115,139.0,15.5,42,31,585.5,Black,0.034340620040893555
115,19.5,14.0,39,28,552.5,Black,0.034340620040893555
116,39.0,47.5,62,19,969.5,Blue,0.03375077247619629
116,44.5,68.5,49,19,437.0,Green,0.03375077247619629
116,35.0,90.5,56,21,959.0,Red,0.03375077247619629
116,84.0,75.0,152,70,5371.5,Black,0.03375077247619629
116,139.5,15.5,41,31,592.5,Black,0.03375077247619629
116,21.5,14.0,43,28,542.5,Black,0.03375077247619629
117,39.0,47.5,62,19,969.5,Blue,0.033838748931884766
117,44.5,68.5,49,19,437.0,Green,0.033838748931884766
117,35.0,90.5,56,21,959.0,Red,0.033838748931884766
117,84.0,75.0,152,70,5371.5,Black,0.033838748931884766
117,139.5,15.5,41,31,592.5,Black,0.033838748931884766
117,21.5,14.0,43,28,542.5,Black,0.033838748931884766
118,39.0,47.5,62,19,978.5,Blue,0.034842491149902344
118,41.5,68.5,57,19,616.0,Green,0.034842491149902344
118,35.0,90.5,56,21,948.5,Red,0.034842491149902344
118,84.5,75.0,151,70,5343.0,Black,0.034842491149902344
118,139.5,15.5,41,31,588.0,Black,0.034842491149902344
118,19.5,14.0,39,28,534.5,Black,0.034842491149902344
119,39.0,47.5,62,19,978.5,Blue,0.03549814224243164
119,41.5,68.5,57,19,616.0,Green,0.03549814224243164
119,35.0,90.5,56,21,948.5,Red,0.03549814224243164
119,84.5,75.0,151,70,5343.0,Black,0.03549814224243164
119,139.5,15.5,41,31,588.0,Black,0.03549814224243164
119,19.5,14.0,39,28,534.5,Black,0.03549814224243164
120,20.0,83.0,34,10,132.5,Blue,0.03438258171081543
120,39.0,47.5,62,19,952.5,Blue,0.03438258171081543
120,124.0,82.0,34,10,221.5,Green,0.03438258171081543
120,39.5,73.5,59,29,973.0,Green,0.03438258171081543
120,30.5,89.0,61,22,821.0,Red,0.03438258171081543
120,111.0,97.5,98,25,832.5,Black,0.03438258171081543
120,127.5,58.0,65,36,1878.5,Black,0.03438258171081543
120,47.0,59.0,78,40,1441.0,Black,0.03438258171081543
120,140.0,15.5,40,31,589.5,Black,0.03438258171081543
120,18.5,13.5,37,27,533.5,Black,0.03438258171081543
121,20.0,83.0,34,10,132.5,Blue,0.05375862121582031
121,39.0,47.5,62,19,952.5,Blue,0.05375862121582031
121,124.0,82.0,34,10,221.5,Green,0.05375862121582031
121,39.5,73.5,59,29,973.0,Green,0.05375862121582031
121,30.5,89.0,61,22,821.0,Red,0.05375862121582031
121,111.0,97.5,98,25,832.5,Black,0.05375862121582031
121,127.5,58.0,65,36,1878.5,Black,0.05375862121582031
121,47.0,59.0,78,40,1441.0,Black,0.05375862121582031
121,140.0,15.5,40,31,589.5,Black,0.05375862121582031
121,18.5,13.5,37,27,533.5,Black,0.05375862121582031
122,39.0,47.5,62,19,970.5,Blue,0.04592561721801758
122,45.0,68.0,52,18,571.5,Green,0.04592561721801758
122,35.0,90.0,56,20,951.5,Red,0.04592561721801758
122,84.0,75.0,152,70,5380.0,Black,0.04592561721801758
122,139.0,15.5,42,31,581.0,Black,0.04592561721801758
122,21.0,14.0,42,28,539.5,Black,0.04592561721801758
123,39.0,47.5,62,19,970.5,Blue,0.03719067573547363
123,45.0,68.0,52,18,571.5,Green,0.03719067573547363
123,35.0,90.0,56,20,951.5,Red,0.03719067573547363
123,84.0,75.0,152,70,5380.0,Black,0.03719067573547363
123,139.0,15.5,42,31,581.0,Black,0.03719067573547363
123,21.0,14.0,42,28,539.5,Black,0.03719067573547363
124,39.0,47.5,62,19,956.0,Blue,0.03452491760253906
124,41.0,68.0,58,18,634.5,Green,0.03452491760253906
124,34.5,90.0,55,20,954.0,Red,0.03452491760253906
124,84.0,75.0,152,70,5601.5,Black,0.03452491760253906
124,139.0,15.5,42,31,621.0,Black,0.03452491760253906
124,19.0,13.5,38,27,537.5,Black,0.03452491760253906
125,39.0,47.5,62,19,956.0,Blue,0.03658270835876465
125,41.0,68.0,58,18,634.5,Green,0.03658270835876465
125,34.5,90.0,55,20,954.0,Red,0.03658270835876465
125,84.0,75.0,152,70,5601.5,Black,0.03658270835876465
125,139.0,15.5,42,31,621.0,Black,0.03658270835876465
125,19.0,13.5,38,27,537.5,Black,0.03658270835876465
126,39.5,47.5,61,19,942.0,Blue,0.042966365814208984
126,40.0,68.5,60,19,788.0,Green,0.042966365814208984
126,34.5,90.5,55,21,969.0,Red,0.042966365814208984
126,84.0,74.5,152,71,5864.5,Black,0.042966365814208984
126,139.5,15.5,41,31,621.0,Black,0.042966365814208984
126,19.5,14.0,39,28,536.5,Black,0.042966365814208984
127,39.5,47.5,61,19,942.0,Blue,0.03467535972595215
127,40.0,68.5,60,19,788.0,Green,0.03467535972595215
127,34.5,90.5,55,21,969.0,Red,0.03467535972595215
127,84.0,74.5,152,71,5864.5,Black,0.03467535972595215
127,139.5,15.5,41,31,621.0,Black,0.03467535972595215
127,19.5,14.0,39,28,536.5,Black,0.03467535972595215
128,39.0,47.5,62,19,967.5,Blue,0.032829999923706055
128,41.0,68.5,60,19,902.0,Green,0.032829999923706055
128,35.0,90.0,56,20,948.5,Red,0.032829999923706055
128,84.0,75.0,152,70,5667.5,Black,0.032829999923706055
128,140.0,15.5,40,31,610.5,Black,0.032829999923706055
128,20.5,14.0,41,28,549.5,Black,0.032829999923706055
129,39.0,47.5,62,19,967.5,Blue,0.03864026069641113
129,41.0,68.5,60,19,902.0,Green,0.03864026069641113
129,35.0,90.0,56,20,948.5,Red,0.03864026069641113
129,84.0,75.0,152,70,5667.5,Black,0.03864026069641113
129,140.0,15.5,40,31,610.5,Black,0.03864026069641113
129,20.5,14.0,41,28,549.5,Black,0.03864026069641113
130,39.0,47.5,62,19,936.0,Blue,0.03848838806152344
130,40.5,68.5,61,19,872.0,Green,0.03848838806152344
130,35.0,90.0,56,20,955.0,Red,0.03848838806152344
130,84.0,74.5,152,71,5857.5,Black,0.03848838806152344
130,37.5,50.0,11,16,115.5,Black,0.03848838806152344
130,140.0,15.5,40,31,633.0,Black,0.03848838806152344
130,20.0,14.0,40,28,565.5,Black,0.03848838806152344
131,39.0,47.5,62,19,936.0,Blue,0.03713369369506836
131,40.5,68.5,61,19,872.0,Green,0.03713369369506836
131,35.0,90.0,56,20,955.0,Red,0.03713369369506836
131,84.0,74.5,152,71,5857.5,Black,0.03713369369506836
131,37.5,50.0,11,16,115.5,Black,0.03713369369506836
131,140.0,15.5,40,31,633.0,Black,0.03713369369506836
131,20.0,14.0,40,28,565.5,Black,0.03713369369506836
132,39.0,47.5,62,19,970.0,Blue,0.034389495849609375
132,42.0,68.5,56,19,682.0,Green,0.034389495849609375
132,35.0,90.0,56,20,952.5,Red,0.034389495849609375
132,84.0,75.0,152,70,5473.0,Black,0.034389495849609375
132,140.0,15.0,40,30,596.0,Black,0.034389495849609375
132,19.0,14.0,38,28,523.5,Black,0.034389495849609375
133,39.0,47.5,62,19,970.0,Blue,0.0339202880859375
133,42.0,68.5,56,19,682.0,Green,0.0339202880859375
133,35.0,90.0,56,20,952.5,Red,0.0339202880859375
133,84.0,75.0,152,70,5473.0,Black,0.0339202880859375
133,140.0,15.0,40,30,596.0,Black,0.0339202880859375
133,19.0,14.0,38,28,523.5,Black,0.0339202880859375
134,39.0,47.5,62,19,928.5,Blue,0.03498721122741699
134,41.5,68.5,59,19,799.0,Green,0.03498721122741699
134,35.0,90.0,56,20,955.5,Red,0.03498721122741699
134,84.5,74.5,151,71,5849.0,Black,0.03498721122741699
134,47.5,54.5,17,9,114.0,Black,0.03498721122741699
134,138.5,15.5,43,31,619.0,Black,0.03498721122741699
134,20.0,13.5,40,27,544.0,Black,0.03498721122741699
135,39.0,47.5,62,19,928.5,Blue,0.03403735160827637
135,41.5,68.5,59,19,799.0,Green,0.03403735160827637
135,35.0,90.0,56,20,955.5,Red,0.03403735160827637
135,84.5,74.5,151,71,5849.0,Black,0.03403735160827637
135,47.5,54.5,17,9,114.0,Black,0.03403735160827637
135,138.5,15.5,43,31,619.0,Black,0.03403735160827637
135,20.0,13.5,40,27,544.0,Black,0.03403735160827637
136,39.0,47.5,62,19,930.5,Blue,0.034966230392456055
136,40.5,68.5,59,19,872.5,Green,0.034966230392456055
136,35.0,90.5,56,21,969.0,Red,0.034966230392456055
136,84.5,74.5,151,71,5772.0,Black,0.034966230392456055
136,140.5,15.0,39,30,618.5,Black,0.034966230392456055
136,19.5,14.0,39,28,539.0,Black,0.034966230392456055
137,39.0,47.5,62,19,930.5,Blue,0.037264108657836914
137,40.5,68.5,59,19,872.5,Green,0.037264108657836914
137,35.0,90.5,56,21,969.0,Red,0.037264108657836914
137,84.5,74.5,151,71,5772.0,Black,0.037264108657836914
137,140.5,15.0,39,30,618.5,Black,0.037264108657836914
137,19.5,14.0,39,28,539.0,Black,0.037264108657836914
138,39.0,47.5,62,19,932.0,Blue,0.035486459732055664
138,40.5,68.5,59,19,794.0,Green,0.035486459732055664
138,34.5,90.5,55,21,970.0,Red,0.035486459732055664
138,84.0,75.0,152,70,5999.5,Black,0.035486459732055664
138,61.5,50.0,17,12,108.0,Black,0.035486459732055664
138,141.0,15.5,38,31,644.5,Black,0.035486459732055664
138,19.0,13.5,38,27,564.0,Black,0.035486459732055664
139,39.0,47.5,62,19,932.0,Blue,0.03777432441711426
139,40.5,68.5,59,19,794.0,Green,0.03777432441711426
139,34.5,90.5,55,21,970.0,Red,0.03777432441711426
139,84.0,75.0,152,70,5999.5,Black,0.03777432441711426
139,61.5,50.0,17,12,108.0,Black,0.03777432441711426
139,141.0,15.5,38,31,644.5,Black,0.03777432441711426
139,19.0,13.5,38,27,564.0,Black,0.03777432441711426
140,146.0,110.0,28,20,183.0,Blue,0.04401397705078125
140,39.0,47.5,62,19,961.5,Blue,0.04401397705078125
140,42.0,68.5,56,19,467.5,Green,0.04401397705078125
140,34.5,90.0,55,20,950.0,Red,0.04401397705078125
140,84.0,75.0,152,70,5390.0,Black,0.04401397705078125
140,141.0,15.5,38,31,586.0,Black,0.04401397705078125
140,19.5,14.0,39,28,533.0,Black,0.04401397705078125
141,146.0,110.0,28,20,183.0,Blue,0.037664175033569336
141,39.0,47.5,62,19,961.5,Blue,0.037664175033569336
141,42.0,68.5,56,19,467.5,Green,0.037664175033569336
141,34.5,90.0,55,20,950.0,Red,0.037664175033569336
141,84.0,75.0,152,70,5390.0,Black,0.037664175033569336
141,141.0,15.5,38,31,586.0,Black,0.037664175033569336
141,19.5,14.0,39,28,533.0,Black,0.037664175033569336
142,39.5,47.5,61,19,935.0,Blue,0.03451251983642578
142,40.0,68.5,62,19,882.0,Green,0.03451251983642578
142,35.0,90.0,56,20,951.0,Red,0.03451251983642578
142,84.0,75.0,152,70,5766.5,Black,0.03451251983642578
142,57.5,52.0,17,12,101.0,Black,0.03451251983642578
142,139.5,15.0,41,30,637.5,Black,0.03451251983642578
142,19.5,14.0,39,28,572.5,Black,0.03451251983642578
143,39.5,47.5,61,19,935.0,Blue,0.033272743225097656
143,40.0,68.5,62,19,882.0,Green,0.033272743225097656
143,35.0,90.0,56,20,951.0,Red,0.033272743225097656
143,84.0,75.0,152,70,5766.5,Black,0.033272743225097656
143,57.5,52.0,17,12,101.0,Black,0.033272743225097656
143,139.5,15.0,41,30,637.5,Black,0.033272743225097656
143,19.5,14.0,39,28,572.5,Black,0.033272743225097656
144,39.0,47.5,62,19,938.0,Blue,0.036934852600097656
144,40.5,68.5,59,19,794.5,Green,0.036934852600097656
144,34.5,90.5,55,21,963.5,Red,0.036934852600097656
144,84.0,75.0,152,70,5371.5,Black,0.036934852600097656
144,141.5,15.5,37,31,604.0,Black,0.036934852600097656
144,20.0,14.0,40,28,557.0,Black,0.036934852600097656
145,39.0,47.5,62,19,938.0,Blue,0.04449748992919922
145,40.5,68.5,59,19,794.5,Green,0.04449748992919922
145,34.5,90.5,55,21,963.5,Red,0.04449748992919922
145,84.0,75.0,152,70,5371.5,Black,0.04449748992919922
145,141.5,15.5,37,31,604.0,Black,0.04449748992919922
145,20.0,14.0,40,28,557.0,Black,0.04449748992919922
146,39.0,47.5,62,19,940.5,Blue,0.03719472885131836
146,40.5,68.5,61,19,873.5,Green,0.03719472885131836
146,35.0,90.0,56,20,948.0,Red,0.03719472885131836
146,84.0,74.5,152,71,5997.5,Black,0.03719472885131836
146,44.0,49.0,24,18,223.5,Black,0.03719472885131836
146,141.0,15.5,38,31,631.5,Black,0.03719472885131836
146,22.0,14.0,44,28,556.0,Black,0.03719472885131836
147,39.0,47.5,62,19,940.5,Blue,0.03676199913024902
147,40.5,68.5,61,19,873.5,Green,0.03676199913024902
147,35.0,90.0,56,20,948.0,Red,0.03676199913024902
147,84.0,74.5,152,71,5997.5,Black,0.03676199913024902
147,44.0,49.0,24,18,223.5,Black,0.03676199913024902
147,141.0,15.5,38,31,631.5,Black,0.03676199913024902
147,22.0,14.0,44,28,556.0,Black,0.03676199913024902
148,39.0,47.5,62,19,928.5,Blue,0.039066314697265625
148,40.0,68.5,60,19,852.5,Green,0.039066314697265625
148,34.5,90.0,55,20,956.5,Red,0.039066314697265625
148,84.0,74.5,152,71,5810.5,Black,0.039066314697265625
148,139.5,15.5,41,31,599.5,Black,0.039066314697265625
148,22.0,13.5,44,27,551.5,Black,0.039066314697265625
149,39.0,47.5,62,19,928.5,Blue,0.03870129585266113
149,40.0,68.5,60,19,852.5,Green,0.03870129585266113
149,34.5,90.0,55,20,956.5,Red,0.03870129585266113
149,84.0,74.5,152,71,5810.5,Black,0.03870129585266113
149,139.5,15.5,41,31,599.5,Black,0.03870129585266113
149,22.0,13.5,44,27,551.5,Black,0.03870129585266113
150,39.0,47.5,62,19,952.5,Blue,0.0386202335357666
150,40.5,68.5,59,19,781.5,Green,0.0386202335357666
150,35.0,90.0,56,20,949.5,Red,0.0386202335357666
150,67.0,4.0,106,8,684.5,Red,0.0386202335357666
150,84.0,75.0,152,70,5778.0,Black,0.0386202335357666
150,147.0,20.0,26,22,336.0,Black,0.0386202335357666
150,12.5,18.0,25,20,258.0,Black,0.0386202335357666
151,39.0,47.5,62,19,952.5,Blue,0.03537249565124512
151,40.5,68.5,59,19,781.5,Green,0.03537249565124512
151,35.0,90.0,56,20,949.5,Red,0.03537249565124512
151,67.0,4.0,106,8,684.5,Red,0.03537249565124512
151,84.0,75.0,152,70,5778.0,Black,0.03537249565124512
151,147.0,20.0,26,22,336.0,Black,0.03537249565124512
151,12.5,18.0,25,20,258.0,Black,0.03537249565124512
152,39.0,47.5,62,19,975.0,Blue,0.038843393325805664
152,42.5,68.5,55,19,697.5,Green,0.038843393325805664
152,35.0,90.0,56,20,944.5,Red,0.038843393325805664
152,84.0,75.0,152,70,5340.5,Black,0.038843393325805664
152,139.5,15.5,41,31,604.5,Black,0.038843393325805664
152,19.0,13.5,38,27,547.5,Black,0.038843393325805664
153,39.0,47.5,62,19,975.0,Blue,0.05518746376037598
153,42.5,68.5,55,19,697.5,Green,0.05518746376037598
153,35.0,90.0,56,20,944.5,Red,0.05518746376037598
153,84.0,75.0,152,70,5340.5,Black,0.05518746376037598
153,139.5,15.5,41,31,604.5,Black,0.05518746376037598
153,19.0,13.5,38,27,547.5,Black,0.05518746376037598
154,39.0,47.5,62,19,949.5,Blue,0.0388338565826416
154,40.0,68.5,60,19,847.5,Green,0.0388338565826416
154,35.0,90.5,56,21,955.5,Red,0.0388338565826416
154,84.0,74.5,152,71,5773.5,Black,0.0388338565826416
154,139.0,15.5,42,31,623.5,Black,0.0388338565826416
154,20.5,14.0,41,28,526.0,Black,0.0388338565826416
155,39.0,47.5,62,19,949.5,Blue,0.03457522392272949
155,40.0,68.5,60,19,847.5,Green,0.03457522392272949
155,35.0,90.5,56,21,955.5,Red,0.03457522392272949
155,84.0,74.5,152,71,5773.5,Black,0.03457522392272949
155,139.0,15.5,42,31,623.5,Black,0.03457522392272949
155,20.5,14.0,41,28,526.0,Black,0.03457522392272949
156,39.0,47.5,62,19,908.0,Blue,0.03817105293273926
156,40.5,68.5,61,19,902.5,Green,0.03817105293273926
156,35.0,90.0,56,20,945.5,Red,0.03817105293273926
156,84.5,74.5,151,71,5890.5,Black,0.03817105293273926
156,139.5,15.5,41,31,646.0,Black,0.03817105293273926
156,19.5,13.5,39,27,554.0,Black,0.03817105293273926
157,39.0,47.5,62,19,908.0,Blue,0.03653144836425781
157,40.5,68.5,61,19,902.5,Green,0.03653144836425781
157,35.0,90.0,56,20,945.5,Red,0.03653144836425781
157,84.5,74.5,151,71,5890.5,Black,0.03653144836425781
157,139.5,15.5,41,31,646.0,Black,0.03653144836425781
157,19.5,13.5,39,27,554.0,Black,0.03653144836425781
158,39.0,47.5,62,19,945.5,Blue,0.035016536712646484
158,40.5,68.5,57,19,813.0,Green,0.035016536712646484
158,34.5,90.0,55,20,962.0,Red,0.035016536712646484
158,84.5,74.5,151,71,5894.0,Black,0.035016536712646484
158,140.0,15.5,40,31,622.0,Black,0.035016536712646484
158,18.5,13.5,37,27,549.5,Black,0.035016536712646484
159,39.0,47.5,62,19,945.5,Blue,0.03900861740112305
159,40.5,68.5,57,19,813.0,Green,0.03900861740112305
159,34.5,90.0,55,20,962.0,Red,0.03900861740112305
159,84.5,74.5,151,71,5894.0,Black,0.03900861740112305
159,140.0,15.5,40,31,622.0,Black,0.03900861740112305
159,18.5,13.5,37,27,549.5,Black,0.03900861740112305
160,150.5,110.0,19,20,152.5,Blue,0.038378000259399414
160,39.0,47.5,62,19,970.5,Blue,0.038378000259399414
160,43.5,68.0,53,18,600.5,Green,0.038378000259399414
160,35.0,90.0,56,20,949.5,Red,0.038378000259399414
160,84.0,75.0,152,70,5408.5,Black,0.038378000259399414
160,140.5,15.5,39,31,600.5,Black,0.038378000259399414
160,20.5,13.5,41,27,544.5,Black,0.038378000259399414
161,150.5,110.0,19,20,152.5,Blue,0.037508249282836914
161,39.0,47.5,62,19,970.5,Blue,0.037508249282836914
161,43.5,68.0,53,18,600.5,Green,0.037508249282836914
161,35.0,90.0,56,20,949.5,Red,0.037508249282836914
161,84.0,75.0,152,70,5408.5,Black,0.037508249282836914
161,140.5,15.5,39,31,600.5,Black,0.037508249282836914
161,20.5,13.5,41,27,544.5,Black,0.037508249282836914
162,39.0,47.5,62,19,947.5,Blue,0.03691458702087402
162,40.5,68.5,59,19,762.5,Green,0.03691458702087402
162,35.0,90.0,56,20,962.5,Red,0.03691458702087402
162,84.0,75.0,152,70,5524.0,Black,0.03691458702087402
162,140.0,15.5,40,31,609.0,Black,0.03691458702087402
162,18.5,13.5,37,27,536.5,Black,0.03691458702087402
163,39.0,47.5,62,19,947.5,Blue,0.04117274284362793
163,40.5,68.5,59,19,762.5,Green,0.04117274284362793
163,35.0,90.0,56,20,962.5,Red,0.04117274284362793
163,84.0,75.0,152,70,5524.0,Black,0.04117274284362793
163,140.0,15.5,40,31,609.0,Black,0.04117274284362793
163,18.5,13.5,37,27,536.5,Black,0.04117274284362793
164,39.0,47.5,62,19,938.0,Blue,0.034693002700805664
164,40.5,68.5,61,19,926.0,Green,0.034693002700805664
164,34.5,90.0,55,20,950.0,Red,0.034693002700805664
164,84.0,74.5,152,71,5584.0,Black,0.034693002700805664
164,140.5,15.0,39,30,609.5,Black,0.034693002700805664
164,20.5,14.0,41,28,551.0,Black,0.034693002700805664
165,39.0,47.5,62,19,938.0,Blue,0.0341188907623291
165,40.5,68.5,61,19,926.0,Green,0.0341188907623291
165,34.5,90.0,55,20,950.0,Red,0.0341188907623291
165,84.0,74.5,152,71,5584.0,Black,0.0341188907623291
165,140.5,15.0,39,30,609.5,Black,0.0341188907623291
165,20.5,14.0,41,28,551.0,Black,0.0341188907623291
166,134.5,95.0,35,10,197.5,Blue,0.03692150115966797
166,39.0,47.5,62,19,963.5,Blue,0.03692150115966797
166,40.5,68.5,61,19,868.5,Green,0.03692150115966797
166,31.5,90.0,63,20,648.5,Red,0.03692150115966797
166,79.5,105.0,27,10,143.5,Black,0.03692150115966797
166,84.0,64.0,152,50,4636.0,Black,0.03692150115966797
166,139.0,15.5,42,31,646.5,Black,0.03692150115966797
166,22.5,14.0,45,28,551.0,Black,0.03692150115966797
167,134.5,95.0,35,10,197.5,Blue,0.03933286666870117
167,39.0,47.5,62,19,963.5,Blue,0.03933286666870117
167,40.5,68.5,61,19,868.5,Green,0.03933286666870117
167,31.5,90.0,63,20,648.5,Red,0.03933286666870117
167,79.5,105.0,27,10,143.5,Black,0.03933286666870117
167,84.0,64.0,152,50,4636.0,Black,0.03933286666870117
167,139.0,15.5,42,31,646.5,Black,0.03933286666870117
167,22.5,14.0,45,28,551.0,Black,0.03933286666870117
168,39.0,47.5,62,19,933.5,Blue,0.03836631774902344
168,40.0,68.5,60,19,924.0,Green,0.03836631774902344
168,26.5,17.0,53,6,188.0,Green,0.03836631774902344
168,129.0,16.0,62,6,259.5,Green,0.03836631774902344
168,35.0,90.0,56,20,950.5,Red,0.03836631774902344
168,84.0,74.5,152,71,5475.0,Black,0.03836631774902344
168,139.5,5.5,41,11,317.0,Black,0.03836631774902344
168,19.0,6.0,38,12,313.5,Black,0.03836631774902344
169,39.0,47.5,62,19,933.5,Blue,0.03841114044189453
169,40.0,68.5,60,19,924.0,Green,0.03841114044189453
169,26.5,17.0,53,6,188.0,Green,0.03841114044189453
169,129.0,16.0,62,6,259.5,Green,0.03841114044189453
169,35.0,90.0,56,20,950.5,Red,0.03841114044189453
169,84.0,74.5,152,71,5475.0,Black,0.03841114044189453
169,139.5,5.5,41,11,317.0,Black,0.03841114044189453
169,19.0,6.0,38,12,313.5,Black,0.03841114044189453
170,150.0,110.0,20,20,146.0,Blue,0.03270244598388672
170,39.0,47.5,62,19,965.0,Blue,0.03270244598388672
170,43.0,68.0,54,18,586.0,Green,0.03270244598388672
170,34.5,90.0,55,20,953.5,Red,0.03270244598388672
170,84.0,75.0,152,70,5303.0,Black,0.03270244598388672
170,139.5,15.5,41,31,600.0,Black,0.03270244598388672
170,19.5,13.5,39,27,542.5,Black,0.03270244598388672
171,150.0,110.0,20,20,146.0,Blue,0.03405046463012695
171,39.0,47.5,62,19,965.0,Blue,0.03405046463012695
171,43.0,68.0,54,18,586.0,Green,0.03405046463012695
171,34.5,90.0,55,20,953.5,Red,0.03405046463012695
171,84.0,75.0,152,70,5303.0,Black,0.03405046463012695
171,139.5,15.5,41,31,600.0,Black,0.03405046463012695
171,19.5,13.5,39,27,542.5,Black,0.03405046463012695
172,39.0,47.5,62,19,945.0,Blue,0.03687548637390137
172,40.0,68.5,58,19,783.0,Green,0.03687548637390137
172,35.0,90.5,56,21,971.0,Red,0.03687548637390137
172,84.0,75.0,152,70,5512.5,Black,0.03687548637390137
172,140.0,15.5,40,31,595.5,Black,0.03687548637390137
172,17.5,14.0,35,28,544.5,Black,0.03687548637390137
173,39.0,47.5,62,19,945.0,Blue,0.03757143020629883
173,40.0,68.5,58,19,783.0,Green,0.03757143020629883
173,35.0,90.5,56,21,971.0,Red,0.03757143020629883
173,84.0,75.0,152,70,5512.5,Black,0.03757143020629883
173,140.0,15.5,40,31,595.5,Black,0.03757143020629883
173,17.5,14.0,35,28,544.5,Black,0.03757143020629883
174,146.0,109.5,28,21,173.0,Blue,0.03505253791809082
174,39.0,47.5,62,19,965.0,Blue,0.03505253791809082
174,42.5,68.0,53,18,475.0,Green,0.03505253791809082
174,35.0,90.0,56,20,947.5,Red,0.03505253791809082
174,84.0,75.0,152,70,5270.5,Black,0.03505253791809082
174,141.0,15.0,38,30,594.0,Black,0.03505253791809082
174,19.5,14.0,39,28,548.0,Black,0.03505253791809082
175,146.0,109.5,28,21,173.0,Blue,0.036048173904418945
175,39.0,47.5,62,19,965.0,Blue,0.036048173904418945
175,42.5,68.0,53,18,475.0,Green,0.036048173904418945
175,35.0,90.0,56,20,947.5,Red,0.036048173904418945
175,84.0,75.0,152,70,5270.5,Black,0.036048173904418945
175,141.0,15.0,38,30,594.0,Black,0.036048173904418945
175,19.5,14.0,39,28,548.0,Black,0.036048173904418945
176,39.0,47.5,62,19,938.5,Blue,0.03925609588623047
176,40.0,68.5,60,19,804.0,Green,0.03925609588623047
176,35.0,90.0,56,20,951.5,Red,0.03925609588623047
176,84.0,75.0,152,70,5522.5,Black,0.03925609588623047
176,141.0,15.5,38,31,614.5,Black,0.03925609588623047
176,20.0,13.5,40,27,540.0,Black,0.03925609588623047
177,39.0,47.5,62,19,938.5,Blue,0.04413723945617676
177,40.0,68.5,60,19,804.0,Green,0.04413723945617676
177,35.0,90.0,56,20,951.5,Red,0.04413723945617676
177,84.0,75.0,152,70,5522.5,Black,0.04413723945617676
177,141.0,15.5,38,31,614.5,Black,0.04413723945617676
177,20.0,13.5,40,27,540.0,Black,0.04413723945617676
178,39.0,47.5,62,19,956.0,Blue,0.03524351119995117
178,40.5,68.5,59,19,823.5,Green,0.03524351119995117
178,35.0,90.5,56,21,956.5,Red,0.03524351119995117
178,84.0,75.0,152,70,5724.5,Black,0.03524351119995117
178,138.0,15.5,44,31,654.5,Black,0.03524351119995117
178,20.0,14.0,40,28,546.5,Black,0.03524351119995117
179,39.0,47.5,62,19,956.0,Blue,0.0342099666595459
179,40.5,68.5,59,19,823.5,Green,0.0342099666595459
179,35.0,90.5,56,21,956.5,Red,0.0342099666595459
179,84.0,75.0,152,70,5724.5,Black,0.0342099666595459
179,138.0,15.5,44,31,654.5,Black,0.0342099666595459
179,20.0,14.0,40,28,546.5,Black,0.0342099666595459
180,39.0,47.5,62,19,937.0,Blue,0.04068136215209961
180,40.5,68.5,59,19,841.5,Green,0.04068136215209961
180,34.5,90.0,55,20,951.0,Red,0.04068136215209961
180,84.5,75.0,151,70,5516.0,Black,0.04068136215209961
180,140.0,15.5,40,31,612.0,Black,0.04068136215209961
180,18.0,13.5,36,27,540.0,Black,0.04068136215209961
181,39.0,47.5,62,19,937.0,Blue,0.04242897033691406
181,40.5,68.5,59,19,841.5,Green,0.04242897033691406
181,34.5,90.0,55,20,951.0,Red,0.04242897033691406
181,84.5,75.0,151,70,5516.0,Black,0.04242897033691406
181,140.0,15.5,40,31,612.0,Black,0.04242897033691406
181,18.0,13.5,36,27,540.0,Black,0.04242897033691406
182,39.0,47.5,62,19,943.5,Blue,0.03848886489868164
182,41.0,68.5,58,19,711.0,Green,0.03848886489868164
182,34.5,90.5,55,21,964.0,Red,0.03848886489868164
182,84.0,75.0,152,70,5574.5,Black,0.03848886489868164
182,140.5,15.5,39,31,606.5,Black,0.03848886489868164
182,17.5,14.0,35,28,548.0,Black,0.03848886489868164
183,39.0,47.5,62,19,943.5,Blue,0.03844738006591797
183,41.0,68.5,58,19,711.0,Green,0.03844738006591797
183,34.5,90.5,55,21,964.0,Red,0.03844738006591797
183,84.0,75.0,152,70,5574.5,Black,0.03844738006591797
183,140.5,15.5,39,31,606.5,Black,0.03844738006591797
183,17.5,14.0,35,28,548.0,Black,0.03844738006591797
184,39.0,47.5,62,19,961.0,Blue,0.037398338317871094
184,40.5,68.5,57,19,721.0,Green,0.037398338317871094
184,35.0,91.0,56,22,969.0,Red,0.037398338317871094
184,84.5,75.0,151,70,5435.0,Black,0.037398338317871094
184,139.5,15.0,41,30,584.0,Black,0.037398338317871094
184,19.5,13.5,39,27,536.0,Black,0.037398338317871094
185,39.0,47.5,62,19,961.0,Blue,0.04350900650024414
185,40.5,68.5,57,19,721.0,Green,0.04350900650024414
185,35.0,91.0,56,22,969.0,Red,0.04350900650024414
185,84.5,75.0,151,70,5435.0,Black,0.04350900650024414
185,139.5,15.0,41,30,584.0,Black,0.04350900650024414
185,19.5,13.5,39,27,536.0,Black,0.04350900650024414
186,39.0,47.5,62,19,903.0,Blue,0.03904533386230469
186,40.5,68.5,61,19,926.0,Green,0.03904533386230469
186,34.5,90.5,55,21,944.0,Red,0.03904533386230469
186,84.0,74.5,152,71,5646.0,Black,0.03904533386230469
186,138.5,15.0,43,30,633.5,Black,0.03904533386230469
186,18.5,13.5,37,27,554.0,Black,0.03904533386230469
187,39.0,47.5,62,19,903.0,Blue,0.03675198554992676
187,40.5,68.5,61,19,926.0,Green,0.03675198554992676
187,34.5,90.5,55,21,944.0,Red,0.03675198554992676
187,84.0,74.5,152,71,5646.0,Black,0.03675198554992676
187,138.5,15.0,43,30,633.5,Black,0.03675198554992676
187,18.5,13.5,37,27,554.0,Black,0.03675198554992676
188,39.0,47.5,62,19,907.0,Blue,0.03703117370605469
188,40.5,68.5,61,19,882.5,Green,0.03703117370605469
188,35.0,90.5,56,21,958.0,Red,0.03703117370605469
188,84.0,74.5,152,71,5837.5,Black,0.03703117370605469
188,139.0,15.5,42,31,625.0,Black,0.03703117370605469
188,20.0,13.5,40,27,552.5,Black,0.03703117370605469
189,39.0,47.5,62,19,907.0,Blue,0.03836965560913086
189,40.5,68.5,61,19,882.5,Green,0.03836965560913086
189,35.0,90.5,56,21,958.0,Red,0.03836965560913086
189,84.0,74.5,152,71,5837.5,Black,0.03836965560913086
189,139.0,15.5,42,31,625.0,Black,0.03836965560913086
189,20.0,13.5,40,27,552.5,Black,0.03836965560913086
190,39.0,47.5,62,19,972.5,Blue,0.041852474212646484
190,41.0,68.5,60,19,669.0,Green,0.041852474212646484
190,34.5,90.0,55,20,942.0,Red,0.041852474212646484
190,84.0,75.0,152,70,5354.5,Black,0.041852474212646484
190,140.0,15.5,40,31,602.5,Black,0.041852474212646484
190,18.5,14.0,37,28,542.5,Black,0.041852474212646484
191,39.0,47.5,62,19,972.5,Blue,0.0365757942199707
191,41.0,68.5,60,19,669.0,Green,0.0365757942199707
191,34.5,90.0,55,20,942.0,Red,0.0365757942199707
191,84.0,75.0,152,70,5354.5,Black,0.0365757942199707
191,140.0,15.5,40,31,602.5,Black,0.0365757942199707
191,18.5,14.0,37,28,542.5,Black,0.0365757942199707
192,39.0,47.5,62,19,927.0,Blue,0.03403925895690918
192,40.0,68.5,60,19,816.5,Green,0.03403925895690918
192,35.0,90.0,56,20,952.5,Red,0.03403925895690918
192,84.0,74.5,152,71,5594.5,Black,0.03403925895690918
192,138.5,15.5,43,31,605.0,Black,0.03403925895690918
192,20.5,14.0,41,28,550.5,Black,0.03403925895690918
193,39.0,47.5,62,19,927.0,Blue,0.04398822784423828
193,40.0,68.5,60,19,816.5,Green,0.04398822784423828
193,35.0,90.0,56,20,952.5,Red,0.04398822784423828
193,84.0,74.5,152,71,5594.5,Black,0.04398822784423828
193,138.5,15.5,43,31,605.0,Black,0.04398822784423828
193,20.5,14.0,41,28,550.5,Black,0.04398822784423828
194,39.0,47.5,62,19,943.0,Blue,0.034616708755493164
194,41.5,68.5,59,19,839.0,Green,0.034616708755493164
194,35.0,90.0,56,20,956.0,Red,0.034616708755493164
194,84.0,75.0,152,70,5722.0,Black,0.034616708755493164
194,139.5,15.5,41,31,634.0,Black,0.034616708755493164
194,20.0,14.0,40,28,551.5,Black,0.034616708755493164
195,39.0,47.5,62,19,943.0,Blue,0.0352630615234375
195,41.5,68.5,59,19,839.0,Green,0.0352630615234375
195,35.0,90.0,56,20,956.0,Red,0.0352630615234375
195,84.0,75.0,152,70,5722.0,Black,0.0352630615234375
195,139.5,15.5,41,31,634.0,Black,0.0352630615234375
195,20.0,14.0,40,28,551.5,Black,0.0352630615234375
196,39.0,47.5,62,19,955.5,Blue,0.036780595779418945
196,40.0,68.5,62,19,811.5,Green,0.036780595779418945
196,34.5,90.0,55,20,948.0,Red,0.036780595779418945
196,84.5,75.0,151,70,5505.5,Black,0.036780595779418945
196,139.5,15.0,41,30,604.5,Black,0.036780595779418945
196,19.0,13.5,38,27,535.5,Black,0.036780595779418945
197,39.0,47.5,62,19,955.5,Blue,0.04503679275512695
197,40.0,68.5,62,19,811.5,Green,0.04503679275512695
197,34.5,90.0,55,20,948.0,Red,0.04503679275512695
197,84.5,75.0,151,70,5505.5,Black,0.04503679275512695
197,139.5,15.0,41,30,604.5,Black,0.04503679275512695
197,19.0,13.5,38,27,535.5,Black,0.04503679275512695
198,39.0,47.5,62,19,963.5,Blue,0.03435397148132324
198,40.0,68.5,60,19,844.0,Green,0.03435397148132324
198,35.0,90.0,56,20,939.5,Red,0.03435397148132324
198,84.0,75.0,152,70,5665.0,Black,0.03435397148132324
198,139.0,15.5,42,31,623.0,Black,0.03435397148132324
198,21.0,14.0,42,28,537.5,Black,0.03435397148132324
199,39.0,47.5,62,19,963.5,Blue,0.03606438636779785
199,40.0,68.5,60,19,844.0,Green,0.03606438636779785
199,35.0,90.0,56,20,939.5,Red,0.03606438636779785
199,84.0,75.0,152,70,5665.0,Black,0.03606438636779785
199,139.0,15.5,42,31,623.0,Black,0.03606438636779785
199,21.0,14.0,42,28,537.5,Black,0.03606438636779785
