step,x_center,y_center,width,height,conf,label,time
0,34.14881896972656,89.80780029296875,57.610504150390625,23.808639526367188,0.969802975654602,Red Block,0.12400364875793457
0,127.53376007080078,69.06458282470703,65.07096862792969,61.87770462036133,0.9673009514808655,Black Block,0.12400364875793457
0,80.1640625,91.35982513427734,35.73349380493164,37.96656799316406,0.9552752375602722,Black Ball,0.12400364875793457
0,39.027488708496094,50.482391357421875,66.41580200195312,27.079387664794922,0.2534790635108948,Blue Block,0.12400364875793457
1,34.14881896972656,89.80780029296875,57.610504150390625,23.808639526367188,0.969802975654602,Red Block,0.06505060195922852
1,127.53376007080078,69.06458282470703,65.07096862792969,61.87770462036133,0.9673009514808655,Black Block,0.06505060195922852
1,80.1640625,91.35982513427734,35.73349380493164,37.96656799316406,0.9552752375602722,Black Ball,0.06505060195922852
1,39.027488708496094,50.482391357421875,66.41580200195312,27.079387664794922,0.2534790635108948,Blue Block,0.06505060195922852
2,34.09037780761719,89.86565399169922,57.38041687011719,23.802200317382812,0.9706262350082397,Red Block,0.06566333770751953
2,127.44485473632812,69.03153991699219,65.50133514404297,61.75846862792969,0.9676616191864014,Black Block,0.06566333770751953
2,80.2478256225586,91.40482330322266,35.69813537597656,38.149566650390625,0.951503336429596,Black Ball,0.06566333770751953
2,38.945003509521484,49.82672882080078,66.2996597290039,26.342330932617188,0.2911006212234497,Blue Block,0.06566333770751953
3,34.09037780761719,89.86565399169922,57.38041687011719,23.802200317382812,0.9706262350082397,Red Block,0.06242990493774414
3,127.44485473632812,69.03153991699219,65.50133514404297,61.75846862792969,0.9676616191864014,Black Block,0.06242990493774414
3,80.2478256225586,91.40482330322266,35.69813537597656,38.149566650390625,0.951503336429596,Black Ball,0.06242990493774414
3,38.945003509521484,49.82672882080078,66.2996597290039,26.342330932617188,0.2911006212234497,Blue Block,0.06242990493774414
4,34.14641189575195,89.89982604980469,58.27483367919922,23.84259033203125,0.9691859483718872,Red Block,0.08636307716369629
4,127.48344421386719,69.01329803466797,65.35427856445312,61.57130432128906,0.9685131311416626,Black Block,0.08636307716369629
4,80.23578643798828,91.47195434570312,35.500213623046875,38.14930725097656,0.9485679268836975,Black Ball,0.08636307716369629
5,34.14641189575195,89.89982604980469,58.27483367919922,23.84259033203125,0.9691859483718872,Red Block,0.07082509994506836
5,127.48344421386719,69.01329803466797,65.35427856445312,61.57130432128906,0.9685131311416626,Black Block,0.07082509994506836
5,80.23578643798828,91.47195434570312,35.500213623046875,38.14930725097656,0.9485679268836975,Black Ball,0.07082509994506836
6,127.1238021850586,68.95881652832031,65.25498962402344,61.94578552246094,0.9693017601966858,Black Block,0.06255292892456055
6,80.4151382446289,91.04047393798828,36.02528381347656,38.08770751953125,0.953758180141449,Black Ball,0.06255292892456055
6,34.380584716796875,90.16609954833984,56.95341491699219,23.8282470703125,0.9438672661781311,Red Block,0.06255292892456055
7,127.1238021850586,68.95881652832031,65.25498962402344,61.94578552246094,0.9693017601966858,Black Block,0.0517730712890625
7,80.4151382446289,91.04047393798828,36.02528381347656,38.08770751953125,0.953758180141449,Black Ball,0.0517730712890625
7,34.380584716796875,90.16609954833984,56.95341491699219,23.8282470703125,0.9438672661781311,Red Block,0.0517730712890625
8,34.1342658996582,89.90315246582031,57.70985412597656,23.771743774414062,0.9712268114089966,Red Block,0.0541839599609375
8,127.46017456054688,69.003662109375,65.44739532470703,61.73150634765625,0.9679487347602844,Black Block,0.0541839599609375
8,80.12408447265625,91.40082550048828,35.71885681152344,38.002532958984375,0.9527619481086731,Black Ball,0.0541839599609375
9,34.1342658996582,89.90315246582031,57.70985412597656,23.771743774414062,0.9712268114089966,Red Block,0.061604976654052734
9,127.46017456054688,69.003662109375,65.44739532470703,61.73150634765625,0.9679487347602844,Black Block,0.061604976654052734
9,80.12408447265625,91.40082550048828,35.71885681152344,38.002532958984375,0.9527619481086731,Black Ball,0.061604976654052734
10,34.20609664916992,89.87590026855469,57.43865966796875,23.752593994140625,0.9716431498527527,Red Block,0.05816364288330078
10,127.42744445800781,69.0406265258789,65.51812744140625,61.7503662109375,0.9672999978065491,Black Block,0.05816364288330078
10,80.49072265625,91.15182495117188,36.17509460449219,38.15019226074219,0.9555453062057495,Black Ball,0.05816364288330078
11,34.20609664916992,89.87590026855469,57.43865966796875,23.752593994140625,0.9716431498527527,Red Block,0.05390667915344238
11,127.42744445800781,69.0406265258789,65.51812744140625,61.7503662109375,0.9672999978065491,Black Block,0.05390667915344238
11,80.49072265625,91.15182495117188,36.17509460449219,38.15019226074219,0.9555453062057495,Black Ball,0.05390667915344238
12,33.94457244873047,89.85737609863281,57.33722686767578,23.776443481445312,0.9702997207641602,Red Block,0.06165599822998047
12,127.44239044189453,69.05703735351562,65.20207214355469,61.8275146484375,0.9671787619590759,Black Block,0.06165599822998047
12,80.24871063232422,91.40939331054688,35.65647888183594,38.1165771484375,0.9519820213317871,Black Ball,0.06165599822998047
13,33.94457244873047,89.85737609863281,57.33722686767578,23.776443481445312,0.9702997207641602,Red Block,0.06213188171386719
13,127.44239044189453,69.05703735351562,65.20207214355469,61.8275146484375,0.9671787619590759,Black Block,0.06213188171386719
13,80.24871063232422,91.40939331054688,35.65647888183594,38.1165771484375,0.9519820213317871,Black Ball,0.06213188171386719
14,34.405662536621094,89.8337631225586,57.75813293457031,23.681289672851562,0.9709632396697998,Red Block,0.08586454391479492
14,127.1281967163086,69.08089447021484,65.23622131347656,61.8118896484375,0.9680872559547424,Black Block,0.08586454391479492
14,80.17655181884766,91.39961242675781,35.896697998046875,37.94682312011719,0.9558749198913574,Black Ball,0.08586454391479492
15,34.405662536621094,89.8337631225586,57.75813293457031,23.681289672851562,0.9709632396697998,Red Block,0.06371164321899414
15,127.1281967163086,69.08089447021484,65.23622131347656,61.8118896484375,0.9680872559547424,Black Block,0.06371164321899414
15,80.17655181884766,91.39961242675781,35.896697998046875,37.94682312011719,0.9558749198913574,Black Ball,0.06371164321899414
16,127.56640625,69.10830688476562,64.95611572265625,61.85438537597656,0.9679623246192932,Black Block,0.06337833404541016
16,34.20668029785156,89.8604736328125,58.3306884765625,23.7845458984375,0.9616140127182007,Red Block,0.06337833404541016
16,80.28510284423828,91.39210510253906,35.86564636230469,37.951995849609375,0.9530807137489319,Black Ball,0.06337833404541016
17,127.56640625,69.10830688476562,64.95611572265625,61.85438537597656,0.9679623246192932,Black Block,0.05844688415527344
17,34.20668029785156,89.8604736328125,58.3306884765625,23.7845458984375,0.9616140127182007,Red Block,0.05844688415527344
17,80.28510284423828,91.39210510253906,35.86564636230469,37.951995849609375,0.9530807137489319,Black Ball,0.05844688415527344
18,34.05070495605469,89.87751007080078,57.633544921875,23.777877807617188,0.9706849455833435,Red Block,0.05590248107910156
18,127.46806335449219,69.065185546875,65.14926147460938,61.8505859375,0.9673513770103455,Black Block,0.05590248107910156
18,80.28008270263672,91.49281311035156,35.27433395385742,38.08009338378906,0.9476944804191589,Black Ball,0.05590248107910156
18,38.89250946044922,49.60869598388672,66.24934387207031,25.952743530273438,0.26252689957618713,Blue Block,0.05590248107910156
19,34.05070495605469,89.87751007080078,57.633544921875,23.777877807617188,0.9706849455833435,Red Block,0.0664219856262207
19,127.46806335449219,69.065185546875,65.14926147460938,61.8505859375,0.9673513770103455,Black Block,0.0664219856262207
19,80.28008270263672,91.49281311035156,35.27433395385742,38.08009338378906,0.9476944804191589,Black Ball,0.0664219856262207
19,38.89250946044922,49.60869598388672,66.24934387207031,25.952743530273438,0.26252689957618713,Blue Block,0.0664219856262207
20,127.49404907226562,69.08364868164062,65.37704467773438,61.63071060180664,0.9672690629959106,Black Block,0.04917120933532715
20,33.87329864501953,89.85928344726562,57.32225036621094,23.743667602539062,0.9671726822853088,Red Block,0.04917120933532715
20,80.25218963623047,91.56035614013672,35.759429931640625,38.12701416015625,0.9523413777351379,Black Ball,0.04917120933532715
21,127.49404907226562,69.08364868164062,65.37704467773438,61.63071060180664,0.9672690629959106,Black Block,0.06771063804626465
21,33.87329864501953,89.85928344726562,57.32225036621094,23.743667602539062,0.9671726822853088,Red Block,0.06771063804626465
21,80.25218963623047,91.56035614013672,35.759429931640625,38.12701416015625,0.9523413777351379,Black Ball,0.06771063804626465
22,34.09994125366211,89.8727798461914,57.806907653808594,23.753616333007812,0.9680571556091309,Red Block,0.05820751190185547
22,127.44921112060547,69.0166015625,65.43598937988281,61.63845443725586,0.9674068093299866,Black Block,0.05820751190185547
22,80.23538208007812,91.45723724365234,35.48101806640625,37.809967041015625,0.9530248641967773,Black Ball,0.05820751190185547
23,34.09994125366211,89.8727798461914,57.806907653808594,23.753616333007812,0.9680571556091309,Red Block,0.056456565856933594
23,127.44921112060547,69.0166015625,65.43598937988281,61.63845443725586,0.9674068093299866,Black Block,0.056456565856933594
23,80.23538208007812,91.45723724365234,35.48101806640625,37.809967041015625,0.9530248641967773,Black Ball,0.056456565856933594
24,34.37089157104492,89.84111785888672,58.05181884765625,23.8590087890625,0.9690249562263489,Red Block,0.0890512466430664
24,127.45500946044922,69.00982666015625,65.41273498535156,61.631988525390625,0.9678840637207031,Black Block,0.0890512466430664
24,80.31641387939453,91.55131530761719,35.36232376098633,38.039398193359375,0.948735237121582,Black Ball,0.0890512466430664
25,34.37089157104492,89.84111785888672,58.05181884765625,23.8590087890625,0.9690249562263489,Red Block,0.07886385917663574
25,127.45500946044922,69.00982666015625,65.41273498535156,61.631988525390625,0.9678840637207031,Black Block,0.07886385917663574
25,80.31641387939453,91.55131530761719,35.36232376098633,38.039398193359375,0.948735237121582,Black Ball,0.07886385917663574
26,34.32804489135742,89.8097152709961,58.076515197753906,23.915435791015625,0.9697168469429016,Red Block,0.06844186782836914
26,127.46900177001953,69.03528594970703,65.38929748535156,61.849395751953125,0.9676570296287537,Black Block,0.06844186782836914
26,80.19103240966797,91.44218444824219,35.576751708984375,38.19624328613281,0.9536375999450684,Black Ball,0.06844186782836914
26,39.007232666015625,50.46175765991211,66.47561645507812,26.999839782714844,0.2964387834072113,Blue Block,0.06844186782836914
27,34.32804489135742,89.8097152709961,58.076515197753906,23.915435791015625,0.9697168469429016,Red Block,0.08278560638427734
27,127.46900177001953,69.03528594970703,65.38929748535156,61.849395751953125,0.9676570296287537,Black Block,0.08278560638427734
27,80.19103240966797,91.44218444824219,35.576751708984375,38.19624328613281,0.9536375999450684,Black Ball,0.08278560638427734
27,39.007232666015625,50.46175765991211,66.47561645507812,26.999839782714844,0.2964387834072113,Blue Block,0.08278560638427734
28,34.14228820800781,89.86000061035156,57.401763916015625,23.812149047851562,0.9713438153266907,Red Block,0.07069206237792969
28,127.48841857910156,68.98198699951172,65.33187866210938,61.77937316894531,0.9679579734802246,Black Block,0.07069206237792969
28,80.2306137084961,91.5726547241211,35.273284912109375,38.346588134765625,0.944561243057251,Black Ball,0.07069206237792969
29,34.14228820800781,89.86000061035156,57.401763916015625,23.812149047851562,0.9713438153266907,Red Block,0.07233691215515137
29,127.48841857910156,68.98198699951172,65.33187866210938,61.77937316894531,0.9679579734802246,Black Block,0.07233691215515137
29,80.2306137084961,91.5726547241211,35.273284912109375,38.346588134765625,0.944561243057251,Black Ball,0.07233691215515137
30,34.24226379394531,89.79820251464844,57.65556335449219,23.715225219726562,0.9701613783836365,Red Block,0.06595158576965332
30,127.1680679321289,68.96259307861328,65.21253967285156,61.74980163574219,0.9679368138313293,Black Block,0.06595158576965332
30,80.14738464355469,91.45265197753906,35.749481201171875,37.93939208984375,0.9554827809333801,Black Ball,0.06595158576965332
31,34.24226379394531,89.79820251464844,57.65556335449219,23.715225219726562,0.9701613783836365,Red Block,0.060144901275634766
31,127.1680679321289,68.96259307861328,65.21253967285156,61.74980163574219,0.9679368138313293,Black Block,0.060144901275634766
31,80.14738464355469,91.45265197753906,35.749481201171875,37.93939208984375,0.9554827809333801,Black Ball,0.060144901275634766
32,127.42607879638672,68.98702239990234,65.48847961425781,61.7978515625,0.9671874046325684,Black Block,0.07115602493286133
32,34.32984161376953,89.90238952636719,58.17958068847656,23.833251953125,0.9651368856430054,Red Block,0.07115602493286133
32,80.24301147460938,91.5005874633789,35.341121673583984,38.24836730957031,0.9442378282546997,Black Ball,0.07115602493286133
32,38.921844482421875,50.40650939941406,66.2845458984375,27.134727478027344,0.2539571225643158,Blue Block,0.07115602493286133
33,127.42607879638672,68.98702239990234,65.48847961425781,61.7978515625,0.9671874046325684,Black Block,0.06303095817565918
33,34.32984161376953,89.90238952636719,58.17958068847656,23.833251953125,0.9651368856430054,Red Block,0.06303095817565918
33,80.24301147460938,91.5005874633789,35.341121673583984,38.24836730957031,0.9442378282546997,Black Ball,0.06303095817565918
33,38.921844482421875,50.40650939941406,66.2845458984375,27.134727478027344,0.2539571225643158,Blue Block,0.06303095817565918
34,34.224754333496094,89.90624237060547,57.84014892578125,23.801467895507812,0.9703534245491028,Red Block,0.05565142631530762
34,127.46638488769531,68.99898529052734,65.4246597290039,61.723876953125,0.967756986618042,Black Block,0.05565142631530762
34,80.27853393554688,91.4558334350586,35.53987121582031,37.83799743652344,0.9546794891357422,Black Ball,0.05565142631530762
35,34.224754333496094,89.90624237060547,57.84014892578125,23.801467895507812,0.9703534245491028,Red Block,0.051801443099975586
35,127.46638488769531,68.99898529052734,65.4246597290039,61.723876953125,0.967756986618042,Black Block,0.051801443099975586
35,80.27853393554688,91.4558334350586,35.53987121582031,37.83799743652344,0.9546794891357422,Black Ball,0.051801443099975586
36,34.20625305175781,89.91184997558594,57.23237609863281,23.758651733398438,0.9683141112327576,Red Block,0.05652356147766113
36,80.52140045166016,91.33670806884766,36.18168258666992,38.440399169921875,0.9573143720626831,Black Ball,0.05652356147766113
36,127.76524353027344,81.09086608886719,63.508140563964844,38.481475830078125,0.8817204236984253,Black Block,0.05652356147766113
37,34.20625305175781,89.91184997558594,57.23237609863281,23.758651733398438,0.9683141112327576,Red Block,0.054990530014038086
37,80.52140045166016,91.33670806884766,36.18168258666992,38.440399169921875,0.9573143720626831,Black Ball,0.054990530014038086
37,127.76524353027344,81.09086608886719,63.508140563964844,38.481475830078125,0.8817204236984253,Black Block,0.054990530014038086
38,127.46961975097656,69.0081558227539,65.40348052978516,61.588623046875,0.9682127237319946,Black Block,0.07345056533813477
38,34.41075134277344,89.87088775634766,57.812591552734375,23.746292114257812,0.9662460088729858,Red Block,0.07345056533813477
38,80.29802703857422,91.56537628173828,35.23704528808594,38.0196533203125,0.94378662109375,Black Ball,0.07345056533813477
38,38.927345275878906,50.426612854003906,66.23887634277344,27.32101058959961,0.2638857960700989,Blue Block,0.07345056533813477
39,127.46961975097656,69.0081558227539,65.40348052978516,61.588623046875,0.9682127237319946,Black Block,0.05246686935424805
39,34.41075134277344,89.87088775634766,57.812591552734375,23.746292114257812,0.9662460088729858,Red Block,0.05246686935424805
39,80.29802703857422,91.56537628173828,35.23704528808594,38.0196533203125,0.94378662109375,Black Ball,0.05246686935424805
39,38.927345275878906,50.426612854003906,66.23887634277344,27.32101058959961,0.2638857960700989,Blue Block,0.05246686935424805
40,34.274417877197266,89.8898696899414,58.231239318847656,23.800094604492188,0.9680728912353516,Red Block,0.08810591697692871
40,127.49342346191406,69.000244140625,65.42568969726562,61.503814697265625,0.9673271179199219,Black Block,0.08810591697692871
40,80.32201385498047,91.45087432861328,35.85490417480469,38.0277099609375,0.9538534879684448,Black Ball,0.08810591697692871
41,34.274417877197266,89.8898696899414,58.231239318847656,23.800094604492188,0.9680728912353516,Red Block,0.8004245758056641
41,127.49342346191406,69.000244140625,65.42568969726562,61.503814697265625,0.9673271179199219,Black Block,0.8004245758056641
41,80.32201385498047,91.45087432861328,35.85490417480469,38.0277099609375,0.9538534879684448,Black Ball,0.8004245758056641
42,34.29336166381836,89.87666320800781,57.926002502441406,23.746963500976562,0.9690089821815491,Red Block,0.06656742095947266
42,127.50262451171875,69.11288452148438,65.12714385986328,61.652767181396484,0.9668789505958557,Black Block,0.06656742095947266
42,80.26097106933594,91.33316040039062,35.95733642578125,38.12043762207031,0.9554254412651062,Black Ball,0.06656742095947266
43,34.29336166381836,89.87666320800781,57.926002502441406,23.746963500976562,0.9690089821815491,Red Block,0.062065839767456055
43,127.50262451171875,69.11288452148438,65.12714385986328,61.652767181396484,0.9668789505958557,Black Block,0.062065839767456055
43,80.26097106933594,91.33316040039062,35.95733642578125,38.12043762207031,0.9554254412651062,Black Ball,0.062065839767456055
44,34.21878433227539,89.93343353271484,57.916107177734375,23.834579467773438,0.9696335196495056,Red Block,0.08133840560913086
44,127.43934631347656,69.02416229248047,65.4734115600586,61.618072509765625,0.9675729274749756,Black Block,0.08133840560913086
44,80.28736877441406,91.4661865234375,35.49241638183594,37.931976318359375,0.9495983719825745,Black Ball,0.08133840560913086
44,38.96112823486328,50.33327865600586,66.29835510253906,27.408241271972656,0.2610565423965454,Blue Block,0.08133840560913086
45,34.21878433227539,89.93343353271484,57.916107177734375,23.834579467773438,0.9696335196495056,Red Block,0.07982563972473145
45,127.43934631347656,69.02416229248047,65.4734115600586,61.618072509765625,0.9675729274749756,Black Block,0.07982563972473145
45,80.28736877441406,91.4661865234375,35.49241638183594,37.931976318359375,0.9495983719825745,Black Ball,0.07982563972473145
45,38.96112823486328,50.33327865600586,66.29835510253906,27.408241271972656,0.2610565423965454,Blue Block,0.07982563972473145
46,127.14808654785156,68.59626007080078,66.0434799194336,60.60282897949219,0.9678899049758911,Black Block,0.05550694465637207
46,39.47724151611328,62.41471862792969,66.73504638671875,46.55561828613281,0.6482000350952148,Blue Block,0.05550694465637207
46,39.12718963623047,73.28325653076172,66.99137878417969,62.71672058105469,0.4680940508842468,Green Block,0.05550694465637207
46,35.94361877441406,86.14436340332031,60.41477966308594,33.97633361816406,0.29889559745788574,Red Block,0.05550694465637207
47,127.14808654785156,68.59626007080078,66.0434799194336,60.60282897949219,0.9678899049758911,Black Block,0.0568392276763916
47,39.47724151611328,62.41471862792969,66.73504638671875,46.55561828613281,0.6482000350952148,Blue Block,0.0568392276763916
47,39.12718963623047,73.28325653076172,66.99137878417969,62.71672058105469,0.4680940508842468,Green Block,0.0568392276763916
47,35.94361877441406,86.14436340332031,60.41477966308594,33.97633361816406,0.29889559745788574,Red Block,0.0568392276763916
48,34.067543029785156,89.87016296386719,57.49684143066406,23.687103271484375,0.9714260101318359,Red Block,0.05048561096191406
48,127.53326416015625,69.06307983398438,65.25165557861328,61.57279968261719,0.9678127765655518,Black Block,0.05048561096191406
48,80.25381469726562,91.43704223632812,35.60555648803711,37.904296875,0.9548189640045166,Black Ball,0.05048561096191406
49,34.067543029785156,89.87016296386719,57.49684143066406,23.687103271484375,0.9714260101318359,Red Block,0.06280303001403809
49,127.53326416015625,69.06307983398438,65.25165557861328,61.57279968261719,0.9678127765655518,Black Block,0.06280303001403809
49,80.25381469726562,91.43704223632812,35.60555648803711,37.904296875,0.9548189640045166,Black Ball,0.06280303001403809
50,34.26094055175781,89.80802154541016,57.59552001953125,23.884140014648438,0.9724326729774475,Red Block,0.053574562072753906
50,127.4554672241211,68.9768295288086,65.46080017089844,61.6132698059082,0.9675956964492798,Black Block,0.053574562072753906
50,80.32595825195312,91.4430923461914,35.321414947509766,38.108612060546875,0.94963139295578,Black Ball,0.053574562072753906
51,34.26094055175781,89.80802154541016,57.59552001953125,23.884140014648438,0.9724326729774475,Red Block,0.05577540397644043
51,127.4554672241211,68.9768295288086,65.46080017089844,61.6132698059082,0.9675956964492798,Black Block,0.05577540397644043
51,80.32595825195312,91.4430923461914,35.321414947509766,38.108612060546875,0.94963139295578,Black Ball,0.05577540397644043
52,127.46127319335938,69.10624694824219,65.14376831054688,61.7568359375,0.9668126702308655,Black Block,0.05137181282043457
52,34.2214469909668,89.82661437988281,58.643333435058594,23.8558349609375,0.9601293206214905,Red Block,0.05137181282043457
52,80.56942749023438,91.10092163085938,36.03921890258789,38.2928466796875,0.953362762928009,Black Ball,0.05137181282043457
52,39.0198974609375,49.813392639160156,66.45413208007812,26.399703979492188,0.2677959203720093,Blue Block,0.05137181282043457
53,127.46127319335938,69.10624694824219,65.14376831054688,61.7568359375,0.9668126702308655,Black Block,0.05365324020385742
53,34.2214469909668,89.82661437988281,58.643333435058594,23.8558349609375,0.9601293206214905,Red Block,0.05365324020385742
53,80.56942749023438,91.10092163085938,36.03921890258789,38.2928466796875,0.953362762928009,Black Ball,0.05365324020385742
53,39.0198974609375,49.813392639160156,66.45413208007812,26.399703979492188,0.2677959203720093,Blue Block,0.05365324020385742
54,34.245201110839844,89.88059997558594,57.952667236328125,23.8245849609375,0.9706853628158569,Red Block,0.0940098762512207
54,127.45606231689453,69.01696014404297,65.46003723144531,61.5711784362793,0.9677426218986511,Black Block,0.0940098762512207
54,80.32495880126953,91.41195678710938,35.7890625,37.917755126953125,0.9531142115592957,Black Ball,0.0940098762512207
55,34.245201110839844,89.88059997558594,57.952667236328125,23.8245849609375,0.9706853628158569,Red Block,0.08489155769348145
55,127.45606231689453,69.01696014404297,65.46003723144531,61.5711784362793,0.9677426218986511,Black Block,0.08489155769348145
55,80.32495880126953,91.41195678710938,35.7890625,37.917755126953125,0.9531142115592957,Black Ball,0.08489155769348145
56,34.35784149169922,89.89230346679688,58.149169921875,23.833999633789062,0.9728212356567383,Red Block,0.05654430389404297
56,127.48406982421875,69.01636505126953,65.36437225341797,61.58219909667969,0.9681763052940369,Black Block,0.05654430389404297
56,80.26556396484375,91.36302947998047,35.429412841796875,38.20881652832031,0.9492751955986023,Black Ball,0.05654430389404297
57,34.35784149169922,89.89230346679688,58.149169921875,23.833999633789062,0.9728212356567383,Red Block,0.06860566139221191
57,127.48406982421875,69.01636505126953,65.36437225341797,61.58219909667969,0.9681763052940369,Black Block,0.06860566139221191
57,80.26556396484375,91.36302947998047,35.429412841796875,38.20881652832031,0.9492751955986023,Black Ball,0.06860566139221191
58,127.49674987792969,69.03885650634766,65.09268188476562,61.8472900390625,0.9670315384864807,Black Block,0.07783293724060059
58,34.324344635009766,89.87537384033203,58.30921173095703,23.746597290039062,0.9664251804351807,Red Block,0.07783293724060059
58,80.3113021850586,91.42176818847656,35.78912353515625,38.03630065917969,0.952293336391449,Black Ball,0.07783293724060059
59,127.49674987792969,69.03885650634766,65.09268188476562,61.8472900390625,0.9670315384864807,Black Block,0.0744779109954834
59,34.324344635009766,89.87537384033203,58.30921173095703,23.746597290039062,0.9664251804351807,Red Block,0.0744779109954834
59,80.3113021850586,91.42176818847656,35.78912353515625,38.03630065917969,0.952293336391449,Black Ball,0.0744779109954834
60,127.46658325195312,69.09764862060547,65.40255737304688,61.539520263671875,0.9682009816169739,Black Block,0.05756855010986328
60,34.40166091918945,89.79619598388672,58.768150329589844,23.8475341796875,0.9622102975845337,Red Block,0.05756855010986328
60,80.23040008544922,91.52394104003906,35.46330261230469,37.82963562011719,0.9522016644477844,Black Ball,0.05756855010986328
61,127.46658325195312,69.09764862060547,65.40255737304688,61.539520263671875,0.9682009816169739,Black Block,0.053873300552368164
61,34.40166091918945,89.79619598388672,58.768150329589844,23.8475341796875,0.9622102975845337,Red Block,0.053873300552368164
61,80.23040008544922,91.52394104003906,35.46330261230469,37.82963562011719,0.9522016644477844,Black Ball,0.053873300552368164
62,127.49951934814453,69.08612060546875,65.34968566894531,61.50267028808594,0.9678261876106262,Black Block,0.06252074241638184
62,34.23553466796875,89.88072967529297,57.914306640625,23.86163330078125,0.9673486351966858,Red Block,0.06252074241638184
62,80.51060485839844,91.21842956542969,35.997161865234375,38.027313232421875,0.9559429287910461,Black Ball,0.06252074241638184
62,39.04144287109375,50.198482513427734,66.46536254882812,26.93292999267578,0.28345566987991333,Blue Block,0.06252074241638184
63,127.49951934814453,69.08612060546875,65.34968566894531,61.50267028808594,0.9678261876106262,Black Block,0.0630958080291748
63,34.23553466796875,89.88072967529297,57.914306640625,23.86163330078125,0.9673486351966858,Red Block,0.0630958080291748
63,80.51060485839844,91.21842956542969,35.997161865234375,38.027313232421875,0.9559429287910461,Black Ball,0.0630958080291748
63,39.04144287109375,50.198482513427734,66.46536254882812,26.93292999267578,0.28345566987991333,Blue Block,0.0630958080291748
64,34.19505310058594,89.86322784423828,58.05598449707031,23.789260864257812,0.9687401056289673,Red Block,0.09371495246887207
64,127.43892669677734,69.05826568603516,65.43806457519531,61.53375244140625,0.9676280617713928,Black Block,0.09371495246887207
64,80.21728515625,91.39056396484375,35.75823974609375,37.9954833984375,0.9572630524635315,Black Ball,0.09371495246887207
65,34.19505310058594,89.86322784423828,58.05598449707031,23.789260864257812,0.9687401056289673,Red Block,0.0882878303527832
65,127.43892669677734,69.05826568603516,65.43806457519531,61.53375244140625,0.9676280617713928,Black Block,0.0882878303527832
65,80.21728515625,91.39056396484375,35.75823974609375,37.9954833984375,0.9572630524635315,Black Ball,0.0882878303527832
66,34.40033721923828,89.857177734375,58.45845031738281,23.77838134765625,0.969074547290802,Red Block,0.08798837661743164
66,127.51799011230469,69.02576446533203,65.31890869140625,61.59208679199219,0.9679023027420044,Black Block,0.08798837661743164
66,80.30744934082031,91.46206665039062,35.319488525390625,37.991363525390625,0.9507874846458435,Black Ball,0.08798837661743164
67,34.40033721923828,89.857177734375,58.45845031738281,23.77838134765625,0.969074547290802,Red Block,0.07014870643615723
67,127.51799011230469,69.02576446533203,65.31890869140625,61.59208679199219,0.9679023027420044,Black Block,0.07014870643615723
67,80.30744934082031,91.46206665039062,35.319488525390625,37.991363525390625,0.9507874846458435,Black Ball,0.07014870643615723
68,34.25553512573242,89.86679077148438,57.667747497558594,23.77392578125,0.9711875915527344,Red Block,0.0512242317199707
68,127.53030395507812,69.06393432617188,65.26199340820312,61.50173568725586,0.9676450490951538,Black Block,0.0512242317199707
68,80.24148559570312,91.42963409423828,35.76025390625,37.86810302734375,0.9514105916023254,Black Ball,0.0512242317199707
69,34.25553512573242,89.86679077148438,57.667747497558594,23.77392578125,0.9711875915527344,Red Block,0.054496049880981445
69,127.53030395507812,69.06393432617188,65.26199340820312,61.50173568725586,0.9676450490951538,Black Block,0.054496049880981445
69,80.24148559570312,91.42963409423828,35.76025390625,37.86810302734375,0.9514105916023254,Black Ball,0.054496049880981445
70,34.21417999267578,89.87275695800781,57.92945861816406,23.81207275390625,0.9710632562637329,Red Block,0.0538477897644043
70,127.42911529541016,68.98645782470703,65.44706726074219,61.69459533691406,0.9677615761756897,Black Block,0.0538477897644043
70,80.38094329833984,91.45716857910156,35.28352355957031,38.07611083984375,0.9482064843177795,Black Ball,0.0538477897644043
70,38.902435302734375,50.18239212036133,66.17706298828125,26.906600952148438,0.26128652691841125,Blue Block,0.0538477897644043
71,34.21417999267578,89.87275695800781,57.92945861816406,23.81207275390625,0.9710632562637329,Red Block,0.06394338607788086
71,127.42911529541016,68.98645782470703,65.44706726074219,61.69459533691406,0.9677615761756897,Black Block,0.06394338607788086
71,80.38094329833984,91.45716857910156,35.28352355957031,38.07611083984375,0.9482064843177795,Black Ball,0.06394338607788086
71,38.902435302734375,50.18239212036133,66.17706298828125,26.906600952148438,0.26128652691841125,Blue Block,0.06394338607788086
72,34.31741714477539,89.9244155883789,58.048744201660156,23.804489135742188,0.9687191843986511,Red Block,0.05343770980834961
72,127.41320037841797,69.08568572998047,65.49571228027344,61.5228271484375,0.9674548506736755,Black Block,0.05343770980834961
72,80.15726470947266,91.44767761230469,35.71842956542969,37.96258544921875,0.9520067572593689,Black Ball,0.05343770980834961
73,34.31741714477539,89.9244155883789,58.048744201660156,23.804489135742188,0.9687191843986511,Red Block,0.05758929252624512
73,127.41320037841797,69.08568572998047,65.49571228027344,61.5228271484375,0.9674548506736755,Black Block,0.05758929252624512
73,80.15726470947266,91.44767761230469,35.71842956542969,37.96258544921875,0.9520067572593689,Black Ball,0.05758929252624512
74,34.115047454833984,89.88253784179688,57.539222717285156,23.872833251953125,0.9697546362876892,Red Block,0.06148982048034668
74,127.47108459472656,69.04985809326172,65.17666625976562,61.860076904296875,0.9670397639274597,Black Block,0.06148982048034668
74,80.36783599853516,91.35382080078125,35.820831298828125,37.97149658203125,0.9530048370361328,Black Ball,0.06148982048034668
75,34.115047454833984,89.88253784179688,57.539222717285156,23.872833251953125,0.9697546362876892,Red Block,0.0553593635559082
75,127.47108459472656,69.04985809326172,65.17666625976562,61.860076904296875,0.9670397639274597,Black Block,0.0553593635559082
75,80.36783599853516,91.35382080078125,35.820831298828125,37.97149658203125,0.9530048370361328,Black Ball,0.0553593635559082
76,127.4241943359375,69.05946350097656,65.52202606201172,61.52699279785156,0.968399703502655,Black Block,0.058577537536621094
76,34.23948669433594,89.87779998779297,58.212677001953125,23.908218383789062,0.9658079147338867,Red Block,0.058577537536621094
76,80.21004486083984,91.39376831054688,35.509765625,38.1988525390625,0.9526156783103943,Black Ball,0.058577537536621094
76,39.01091003417969,50.26749038696289,66.42660522460938,27.01990509033203,0.27547016739845276,Blue Block,0.058577537536621094
77,127.4241943359375,69.05946350097656,65.52202606201172,61.52699279785156,0.968399703502655,Black Block,0.06479120254516602
77,34.23948669433594,89.87779998779297,58.212677001953125,23.908218383789062,0.9658079147338867,Red Block,0.06479120254516602
77,80.21004486083984,91.39376831054688,35.509765625,38.1988525390625,0.9526156783103943,Black Ball,0.06479120254516602
77,39.01091003417969,50.26749038696289,66.42660522460938,27.01990509033203,0.27547016739845276,Blue Block,0.06479120254516602
78,34.06438064575195,89.84884643554688,57.99451446533203,23.92523193359375,0.9694656729698181,Red Block,0.07908463478088379
78,127.4435043334961,69.05516052246094,65.46562194824219,61.60185241699219,0.9671998023986816,Black Block,0.07908463478088379
78,80.25739288330078,91.41471862792969,35.67878341674805,38.05120849609375,0.9532349705696106,Black Ball,0.07908463478088379
79,34.06438064575195,89.84884643554688,57.99451446533203,23.92523193359375,0.9694656729698181,Red Block,0.07494401931762695
79,127.4435043334961,69.05516052246094,65.46562194824219,61.60185241699219,0.9671998023986816,Black Block,0.07494401931762695
79,80.25739288330078,91.41471862792969,35.67878341674805,38.05120849609375,0.9532349705696106,Black Ball,0.07494401931762695
80,127.41197967529297,69.01780700683594,65.50071716308594,61.5655517578125,0.9678502678871155,Black Block,0.06408286094665527
80,34.33698272705078,89.8589859008789,58.32487487792969,23.85595703125,0.9667935371398926,Red Block,0.06408286094665527
80,80.29158020019531,91.4800033569336,35.457767486572266,38.09263610839844,0.947080135345459,Black Ball,0.06408286094665527
81,127.41197967529297,69.01780700683594,65.50071716308594,61.5655517578125,0.9678502678871155,Black Block,0.05714607238769531
81,34.33698272705078,89.8589859008789,58.32487487792969,23.85595703125,0.9667935371398926,Red Block,0.05714607238769531
81,80.29158020019531,91.4800033569336,35.457767486572266,38.09263610839844,0.947080135345459,Black Ball,0.05714607238769531
82,127.48640441894531,69.03498077392578,65.3444595336914,61.56866455078125,0.9673126339912415,Black Block,0.0493311882019043
82,34.28150177001953,89.90229797363281,58.419952392578125,23.853744506835938,0.965053141117096,Red Block,0.0493311882019043
82,80.25138854980469,91.5273208618164,35.603729248046875,38.200347900390625,0.9486255049705505,Black Ball,0.0493311882019043
82,38.96381378173828,49.64530944824219,66.23466491699219,26.278182983398438,0.271043062210083,Blue Block,0.0493311882019043
83,127.48640441894531,69.03498077392578,65.3444595336914,61.56866455078125,0.9673126339912415,Black Block,0.05970191955566406
83,34.28150177001953,89.90229797363281,58.419952392578125,23.853744506835938,0.965053141117096,Red Block,0.05970191955566406
83,80.25138854980469,91.5273208618164,35.603729248046875,38.200347900390625,0.9486255049705505,Black Ball,0.05970191955566406
83,38.96381378173828,49.64530944824219,66.23466491699219,26.278182983398438,0.271043062210083,Blue Block,0.05970191955566406
84,34.08566665649414,89.80891418457031,57.65727996826172,23.775619506835938,0.9696094393730164,Red Block,0.07271552085876465
84,127.49665832519531,69.0063705444336,65.37258911132812,61.6925048828125,0.9675775170326233,Black Block,0.07271552085876465
84,80.27286529541016,91.4911880493164,35.709747314453125,38.0738525390625,0.9507185220718384,Black Ball,0.07271552085876465
85,34.08566665649414,89.80891418457031,57.65727996826172,23.775619506835938,0.9696094393730164,Red Block,0.06287956237792969
85,127.49665832519531,69.0063705444336,65.37258911132812,61.6925048828125,0.9675775170326233,Black Block,0.06287956237792969
85,80.27286529541016,91.4911880493164,35.709747314453125,38.0738525390625,0.9507185220718384,Black Ball,0.06287956237792969
86,34.528873443603516,89.9075927734375,58.192909240722656,23.7666015625,0.9691867232322693,Red Block,0.05770516395568848
86,127.46044921875,69.01937103271484,65.15676879882812,61.80131530761719,0.9675220847129822,Black Block,0.05770516395568848
86,80.26223754882812,91.35763549804688,35.7261962890625,38.042266845703125,0.955513060092926,Black Ball,0.05770516395568848
87,34.528873443603516,89.9075927734375,58.192909240722656,23.7666015625,0.9691867232322693,Red Block,0.07987475395202637
87,127.46044921875,69.01937103271484,65.15676879882812,61.80131530761719,0.9675220847129822,Black Block,0.07987475395202637
87,80.26223754882812,91.35763549804688,35.7261962890625,38.042266845703125,0.955513060092926,Black Ball,0.07987475395202637
88,34.36310577392578,89.8497543334961,57.842552185058594,23.757064819335938,0.9712520241737366,Red Block,0.06401705741882324
88,127.39680480957031,69.00299072265625,65.560546875,61.60738754272461,0.9672157764434814,Black Block,0.06401705741882324
88,80.23119354248047,91.4437255859375,35.560577392578125,38.2213134765625,0.9511666297912598,Black Ball,0.06401705741882324
89,34.36310577392578,89.8497543334961,57.842552185058594,23.757064819335938,0.9712520241737366,Red Block,0.06877470016479492
89,127.39680480957031,69.00299072265625,65.560546875,61.60738754272461,0.9672157764434814,Black Block,0.06877470016479492
89,80.23119354248047,91.4437255859375,35.560577392578125,38.2213134765625,0.9511666297912598,Black Ball,0.06877470016479492
90,34.521602630615234,89.89344024658203,58.052024841308594,23.877639770507812,0.9690396785736084,Red Block,0.05153346061706543
90,80.31851196289062,91.42589569091797,35.89433288574219,38.28276062011719,0.9575163722038269,Black Ball,0.05153346061706543
90,128.59140014648438,75.17196655273438,62.092041015625,48.991703033447266,0.9377142786979675,Black Block,0.05153346061706543
91,34.521602630615234,89.89344024658203,58.052024841308594,23.877639770507812,0.9690396785736084,Red Block,0.06594967842102051
91,80.31851196289062,91.42589569091797,35.89433288574219,38.28276062011719,0.9575163722038269,Black Ball,0.06594967842102051
91,128.59140014648438,75.17196655273438,62.092041015625,48.991703033447266,0.9377142786979675,Black Block,0.06594967842102051
92,34.29045867919922,89.871337890625,58.109222412109375,23.820693969726562,0.9689779281616211,Red Block,0.05419778823852539
92,127.47269439697266,68.97211456298828,65.38529968261719,61.66007995605469,0.9670459628105164,Black Block,0.05419778823852539
92,80.27381134033203,91.46956634521484,35.6805419921875,38.0946044921875,0.9513174891471863,Black Ball,0.05419778823852539
93,34.29045867919922,89.871337890625,58.109222412109375,23.820693969726562,0.9689779281616211,Red Block,0.05790543556213379
93,127.47269439697266,68.97211456298828,65.38529968261719,61.66007995605469,0.9670459628105164,Black Block,0.05790543556213379
93,80.27381134033203,91.46956634521484,35.6805419921875,38.0946044921875,0.9513174891471863,Black Ball,0.05790543556213379
94,126.64591979980469,66.49887084960938,66.3653564453125,57.79541015625,0.9205227494239807,Black Block,0.0652472972869873
94,80.41785430908203,91.87974548339844,32.93536376953125,39.9041748046875,0.8620045185089111,Epuck,0.0652472972869873
94,37.31753158569336,72.45915985107422,62.84180450439453,52.64080810546875,0.6391171216964722,Epuck,0.0652472972869873
94,37.989845275878906,73.8972396850586,64.08543395996094,53.206298828125,0.4859350025653839,Green Block,0.0652472972869873
94,39.051795959472656,63.555625915527344,67.43019104003906,45.79046630859375,0.41150134801864624,Blue Block,0.0652472972869873
95,126.64591979980469,66.49887084960938,66.3653564453125,57.79541015625,0.9205227494239807,Black Block,0.06803655624389648
95,80.41785430908203,91.87974548339844,32.93536376953125,39.9041748046875,0.8620045185089111,Epuck,0.06803655624389648
95,37.31753158569336,72.45915985107422,62.84180450439453,52.64080810546875,0.6391171216964722,Epuck,0.06803655624389648
95,37.989845275878906,73.8972396850586,64.08543395996094,53.206298828125,0.4859350025653839,Green Block,0.06803655624389648
95,39.051795959472656,63.555625915527344,67.43019104003906,45.79046630859375,0.41150134801864624,Blue Block,0.06803655624389648
96,34.45552062988281,89.81017303466797,57.94664001464844,23.82421875,0.9703231453895569,Red Block,0.05652189254760742
96,127.27485656738281,68.99974822998047,65.71484375,62.23736572265625,0.9664372801780701,Black Block,0.05652189254760742
96,80.35089111328125,91.49394226074219,35.6514892578125,37.97503662109375,0.9545208811759949,Black Ball,0.05652189254760742
97,34.45552062988281,89.81017303466797,57.94664001464844,23.82421875,0.9703231453895569,Red Block,0.0639803409576416
97,127.27485656738281,68.99974822998047,65.71484375,62.23736572265625,0.9664372801780701,Black Block,0.0639803409576416
97,80.35089111328125,91.49394226074219,35.6514892578125,37.97503662109375,0.9545208811759949,Black Ball,0.0639803409576416
98,126.77699279785156,61.639686584472656,66.17916870117188,47.591827392578125,0.9183371067047119,Black Block,0.05301952362060547
98,39.77411651611328,49.71474075317383,66.04789733886719,26.302886962890625,0.7555795311927795,Blue Block,0.05301952362060547
98,81.11306762695312,95.74200439453125,36.99359130859375,31.911392211914062,0.4940394163131714,Epuck,0.05301952362060547
98,34.83449935913086,94.4298095703125,54.235313415527344,14.503860473632812,0.3465515673160553,Red Block,0.05301952362060547
99,126.77699279785156,61.639686584472656,66.17916870117188,47.591827392578125,0.9183371067047119,Black Block,0.0531306266784668
99,39.77411651611328,49.71474075317383,66.04789733886719,26.302886962890625,0.7555795311927795,Blue Block,0.0531306266784668
99,81.11306762695312,95.74200439453125,36.99359130859375,31.911392211914062,0.4940394163131714,Epuck,0.0531306266784668
99,34.83449935913086,94.4298095703125,54.235313415527344,14.503860473632812,0.3465515673160553,Red Block,0.0531306266784668
100,127.497314453125,69.05806732177734,65.36467742919922,61.49369430541992,0.9682992696762085,Black Block,0.06051325798034668
100,34.60426330566406,89.86036682128906,58.17085266113281,23.699432373046875,0.9631274342536926,Red Block,0.06051325798034668
100,80.23716735839844,91.36506652832031,35.40943908691406,37.877593994140625,0.9530692100524902,Black Ball,0.06051325798034668
101,127.497314453125,69.05806732177734,65.36467742919922,61.49369430541992,0.9682992696762085,Black Block,0.06008005142211914
101,34.60426330566406,89.86036682128906,58.17085266113281,23.699432373046875,0.9631274342536926,Red Block,0.06008005142211914
101,80.23716735839844,91.36506652832031,35.40943908691406,37.877593994140625,0.9530692100524902,Black Ball,0.06008005142211914
102,34.31301498413086,89.82023620605469,57.64405059814453,23.897216796875,0.97113436460495,Red Block,0.0558781623840332
102,127.4188461303711,69.09407043457031,65.26594543457031,61.7618408203125,0.9655501246452332,Black Block,0.0558781623840332
102,80.34349060058594,91.41789245605469,35.51340103149414,38.29559326171875,0.9493299126625061,Black Ball,0.0558781623840332
103,34.31301498413086,89.82023620605469,57.64405059814453,23.897216796875,0.97113436460495,Red Block,0.06634783744812012
103,127.4188461303711,69.09407043457031,65.26594543457031,61.7618408203125,0.9655501246452332,Black Block,0.06634783744812012
103,80.34349060058594,91.41789245605469,35.51340103149414,38.29559326171875,0.9493299126625061,Black Ball,0.06634783744812012
104,126.65292358398438,63.6964111328125,66.43804931640625,51.48099136352539,0.9642580151557922,Black Block,0.06878328323364258
104,39.85023498535156,54.64640426635742,67.37252807617188,34.491050720214844,0.560955286026001,Blue Block,0.06878328323364258
105,126.65292358398438,63.6964111328125,66.43804931640625,51.48099136352539,0.9642580151557922,Black Block,0.06577229499816895
105,39.85023498535156,54.64640426635742,67.37252807617188,34.491050720214844,0.560955286026001,Blue Block,0.06577229499816895
106,127.50157165527344,69.13209533691406,65.12506103515625,61.725406646728516,0.9670825600624084,Black Block,0.09194278717041016
106,34.621116638183594,89.86193084716797,58.166046142578125,23.73345947265625,0.9650509357452393,Red Block,0.09194278717041016
106,80.29337310791016,91.31636047363281,35.80303955078125,38.193267822265625,0.9532174468040466,Black Ball,0.09194278717041016
107,127.50157165527344,69.13209533691406,65.12506103515625,61.725406646728516,0.9670825600624084,Black Block,0.07366371154785156
107,34.621116638183594,89.86193084716797,58.166046142578125,23.73345947265625,0.9650509357452393,Red Block,0.07366371154785156
107,80.29337310791016,91.31636047363281,35.80303955078125,38.193267822265625,0.9532174468040466,Black Ball,0.07366371154785156
108,34.34856414794922,89.8670425415039,57.69524383544922,23.706024169921875,0.972453236579895,Red Block,0.07706594467163086
108,127.463134765625,68.96631622314453,65.43463897705078,61.775634765625,0.968192994594574,Black Block,0.07706594467163086
108,80.4122085571289,91.10238647460938,35.97105407714844,38.088897705078125,0.9537307620048523,Black Ball,0.07706594467163086
109,34.34856414794922,89.8670425415039,57.69524383544922,23.706024169921875,0.972453236579895,Red Block,0.05428647994995117
109,127.463134765625,68.96631622314453,65.43463897705078,61.775634765625,0.968192994594574,Black Block,0.05428647994995117
109,80.4122085571289,91.10238647460938,35.97105407714844,38.088897705078125,0.9537307620048523,Black Ball,0.05428647994995117
110,34.22431945800781,89.87357330322266,57.586830139160156,23.926803588867188,0.9714324474334717,Red Block,0.2102947235107422
110,127.16696166992188,69.1097183227539,65.27078247070312,62.19041442871094,0.9674764275550842,Black Block,0.2102947235107422
110,80.25818634033203,91.36550903320312,35.85947799682617,37.87217712402344,0.9554448127746582,Black Ball,0.2102947235107422
111,34.22431945800781,89.87357330322266,57.586830139160156,23.926803588867188,0.9714324474334717,Red Block,0.0711064338684082
111,127.16696166992188,69.1097183227539,65.27078247070312,62.19041442871094,0.9674764275550842,Black Block,0.0711064338684082
111,80.25818634033203,91.36550903320312,35.85947799682617,37.87217712402344,0.9554448127746582,Black Ball,0.0711064338684082
112,127.48138427734375,69.015869140625,65.36566925048828,61.60441589355469,0.9679179191589355,Black Block,0.056603193283081055
112,34.53023147583008,89.81961059570312,58.026634216308594,23.723419189453125,0.9655999541282654,Red Block,0.056603193283081055
112,80.24839782714844,91.43535614013672,35.545894622802734,37.90028381347656,0.9518275260925293,Black Ball,0.056603193283081055
113,127.48138427734375,69.015869140625,65.36566925048828,61.60441589355469,0.9679179191589355,Black Block,0.07027411460876465
113,34.53023147583008,89.81961059570312,58.026634216308594,23.723419189453125,0.9655999541282654,Red Block,0.07027411460876465
113,80.24839782714844,91.43535614013672,35.545894622802734,37.90028381347656,0.9518275260925293,Black Ball,0.07027411460876465
114,33.97528076171875,89.85734558105469,56.9180908203125,23.671478271484375,0.9716600179672241,Red Block,0.08691620826721191
114,127.50341796875,69.02056884765625,65.30162811279297,61.72343444824219,0.9672732949256897,Black Block,0.08691620826721191
114,80.17061614990234,91.42301940917969,35.65386962890625,37.9901123046875,0.9527509212493896,Black Ball,0.08691620826721191
115,33.97528076171875,89.85734558105469,56.9180908203125,23.671478271484375,0.9716600179672241,Red Block,0.059961795806884766
115,127.50341796875,69.02056884765625,65.30162811279297,61.72343444824219,0.9672732949256897,Black Block,0.059961795806884766
115,80.17061614990234,91.42301940917969,35.65386962890625,37.9901123046875,0.9527509212493896,Black Ball,0.059961795806884766
116,33.89333724975586,89.90143585205078,57.11930847167969,23.752105712890625,0.9685454368591309,Red Block,0.049561262130737305
116,127.46509552001953,69.00248718261719,65.37660217285156,61.729248046875,0.9674297571182251,Black Block,0.049561262130737305
116,80.38386535644531,91.5203857421875,35.414154052734375,37.990966796875,0.9453030824661255,Black Ball,0.049561262130737305
117,33.89333724975586,89.90143585205078,57.11930847167969,23.752105712890625,0.9685454368591309,Red Block,0.05337691307067871
117,127.46509552001953,69.00248718261719,65.37660217285156,61.729248046875,0.9674297571182251,Black Block,0.05337691307067871
117,80.38386535644531,91.5203857421875,35.414154052734375,37.990966796875,0.9453030824661255,Black Ball,0.05337691307067871
118,34.276527404785156,89.86956787109375,57.72529602050781,23.736968994140625,0.9711374044418335,Red Block,0.05542898178100586
118,127.45050048828125,69.01399230957031,65.14867401123047,61.74850082397461,0.9670002460479736,Black Block,0.05542898178100586
118,80.49847412109375,91.04734802246094,35.920291900634766,38.23561096191406,0.9504368305206299,Black Ball,0.05542898178100586
118,38.979248046875,49.65013885498047,66.36700439453125,26.2642822265625,0.27028775215148926,Blue Block,0.05542898178100586
119,34.276527404785156,89.86956787109375,57.72529602050781,23.736968994140625,0.9711374044418335,Red Block,0.05863070487976074
119,127.45050048828125,69.01399230957031,65.14867401123047,61.74850082397461,0.9670002460479736,Black Block,0.05863070487976074
119,80.49847412109375,91.04734802246094,35.920291900634766,38.23561096191406,0.9504368305206299,Black Ball,0.05863070487976074
119,38.979248046875,49.65013885498047,66.36700439453125,26.2642822265625,0.27028775215148926,Blue Block,0.05863070487976074
120,126.83209991455078,57.70752716064453,66.27259826660156,39.381683349609375,0.9602473378181458,Black Block,0.07678484916687012
120,80.05530548095703,97.91435241699219,36.150970458984375,26.830001831054688,0.7950027585029602,Epuck,0.07678484916687012
120,80.1097412109375,98.21578216552734,37.923282623291016,25.893997192382812,0.7208669781684875,Black Ball,0.07678484916687012
120,39.810081481933594,48.71443176269531,65.66206359863281,24.28668212890625,0.6968247294425964,Blue Block,0.07678484916687012
120,38.6917610168457,94.7597885131836,44.02826690673828,13.545806884765625,0.5401942133903503,Red Block,0.07678484916687012
121,126.83209991455078,57.70752716064453,66.27259826660156,39.381683349609375,0.9602473378181458,Black Block,0.0659332275390625
121,80.05530548095703,97.91435241699219,36.150970458984375,26.830001831054688,0.7950027585029602,Epuck,0.0659332275390625
121,80.1097412109375,98.21578216552734,37.923282623291016,25.893997192382812,0.7208669781684875,Black Ball,0.0659332275390625
121,39.810081481933594,48.71443176269531,65.66206359863281,24.28668212890625,0.6968247294425964,Blue Block,0.0659332275390625
121,38.6917610168457,94.7597885131836,44.02826690673828,13.545806884765625,0.5401942133903503,Red Block,0.0659332275390625
122,34.330055236816406,89.84510040283203,57.683433532714844,23.849197387695312,0.9721502661705017,Red Block,0.1225590705871582
122,127.44477844238281,69.02132415771484,65.16361236572266,61.88890075683594,0.9667487144470215,Black Block,0.1225590705871582
122,80.20806121826172,91.44407653808594,35.550079345703125,38.288543701171875,0.9477819204330444,Black Ball,0.1225590705871582
123,34.330055236816406,89.84510040283203,57.683433532714844,23.849197387695312,0.9721502661705017,Red Block,0.057489633560180664
123,127.44477844238281,69.02132415771484,65.16361236572266,61.88890075683594,0.9667487144470215,Black Block,0.057489633560180664
123,80.20806121826172,91.44407653808594,35.550079345703125,38.288543701171875,0.9477819204330444,Black Ball,0.057489633560180664
124,34.18218994140625,89.76750183105469,57.63385009765625,23.7427978515625,0.9694061279296875,Red Block,0.06184101104736328
124,127.46893310546875,68.98050689697266,65.162109375,61.809112548828125,0.967602014541626,Black Block,0.06184101104736328
124,80.30313110351562,91.40264892578125,35.716522216796875,37.972625732421875,0.9486874341964722,Black Ball,0.06184101104736328
125,34.18218994140625,89.76750183105469,57.63385009765625,23.7427978515625,0.9694061279296875,Red Block,0.06169748306274414
125,127.46893310546875,68.98050689697266,65.162109375,61.809112548828125,0.967602014541626,Black Block,0.06169748306274414
125,80.30313110351562,91.40264892578125,35.716522216796875,37.972625732421875,0.9486874341964722,Black Ball,0.06169748306274414
126,127.11270141601562,68.97734832763672,65.22952270507812,61.93571472167969,0.9675474762916565,Black Block,0.053650617599487305
126,34.21633529663086,89.85807037353516,58.980079650878906,23.81646728515625,0.9583730101585388,Red Block,0.053650617599487305
126,80.55073547363281,91.1278305053711,36.16107177734375,38.22064208984375,0.9550528526306152,Black Ball,0.053650617599487305
127,127.11270141601562,68.97734832763672,65.22952270507812,61.93571472167969,0.9675474762916565,Black Block,0.06449007987976074
127,34.21633529663086,89.85807037353516,58.980079650878906,23.81646728515625,0.9583730101585388,Red Block,0.06449007987976074
127,80.55073547363281,91.1278305053711,36.16107177734375,38.22064208984375,0.9550528526306152,Black Ball,0.06449007987976074
128,34.18506622314453,89.84613037109375,57.386688232421875,23.720611572265625,0.9713784456253052,Red Block,0.0479733943939209
128,127.50514221191406,68.98875427246094,65.08169555664062,61.84483337402344,0.96678626537323,Black Block,0.0479733943939209
128,80.33932495117188,91.64253234863281,35.66398620605469,37.91886901855469,0.9515457153320312,Black Ball,0.0479733943939209
128,38.91999053955078,50.10729217529297,66.31060791015625,26.85401153564453,0.25092509388923645,Blue Block,0.0479733943939209
129,34.18506622314453,89.84613037109375,57.386688232421875,23.720611572265625,0.9713784456253052,Red Block,0.05212736129760742
129,127.50514221191406,68.98875427246094,65.08169555664062,61.84483337402344,0.96678626537323,Black Block,0.05212736129760742
129,80.33932495117188,91.64253234863281,35.66398620605469,37.91886901855469,0.9515457153320312,Black Ball,0.05212736129760742
129,38.91999053955078,50.10729217529297,66.31060791015625,26.85401153564453,0.25092509388923645,Blue Block,0.05212736129760742
130,34.27347183227539,89.8603515625,58.16655731201172,23.814529418945312,0.9670711755752563,Red Block,0.05370783805847168
130,127.45310974121094,69.10502624511719,65.21139526367188,61.874725341796875,0.9667879343032837,Black Block,0.05370783805847168
130,80.2550048828125,91.40508270263672,35.968265533447266,37.94413757324219,0.9554585814476013,Black Ball,0.05370783805847168
131,34.27347183227539,89.8603515625,58.16655731201172,23.814529418945312,0.9670711755752563,Red Block,0.053682804107666016
131,127.45310974121094,69.10502624511719,65.21139526367188,61.874725341796875,0.9667879343032837,Black Block,0.053682804107666016
131,80.2550048828125,91.40508270263672,35.968265533447266,37.94413757324219,0.9554585814476013,Black Ball,0.053682804107666016
132,34.3521728515625,89.87982940673828,58.126800537109375,23.761444091796875,0.9701628088951111,Red Block,0.06184196472167969
132,127.43875122070312,69.00790405273438,65.17935180664062,61.95327377319336,0.9674534201622009,Black Block,0.06184196472167969
132,80.24726104736328,91.47535705566406,35.42805480957031,38.30705261230469,0.9503414630889893,Black Ball,0.06184196472167969
133,34.3521728515625,89.87982940673828,58.126800537109375,23.761444091796875,0.9701628088951111,Red Block,0.05536174774169922
133,127.43875122070312,69.00790405273438,65.17935180664062,61.95327377319336,0.9674534201622009,Black Block,0.05536174774169922
133,80.24726104736328,91.47535705566406,35.42805480957031,38.30705261230469,0.9503414630889893,Black Ball,0.05536174774169922
134,127.44393920898438,69.06548309326172,65.45996856689453,61.55790710449219,0.9676231145858765,Black Block,0.08036637306213379
134,34.08732986450195,89.79450988769531,57.62385559082031,23.70172119140625,0.9650828242301941,Red Block,0.08036637306213379
134,80.24684143066406,91.37826538085938,35.56248474121094,37.941253662109375,0.9520125985145569,Black Ball,0.08036637306213379
135,127.44393920898438,69.06548309326172,65.45996856689453,61.55790710449219,0.9676231145858765,Black Block,0.06498551368713379
135,34.08732986450195,89.79450988769531,57.62385559082031,23.70172119140625,0.9650828242301941,Red Block,0.06498551368713379
135,80.24684143066406,91.37826538085938,35.56248474121094,37.941253662109375,0.9520125985145569,Black Ball,0.06498551368713379
136,127.12577819824219,68.94967651367188,65.26937866210938,61.76417541503906,0.9687660336494446,Black Block,0.052399635314941406
136,34.180606842041016,89.8832015991211,58.221946716308594,23.878692626953125,0.968285322189331,Red Block,0.052399635314941406
136,80.17652893066406,91.47550964355469,35.876495361328125,37.856475830078125,0.9557206630706787,Black Ball,0.052399635314941406
136,38.986854553222656,49.32646179199219,66.42851257324219,25.677101135253906,0.2580147385597229,Blue Block,0.052399635314941406
137,127.12577819824219,68.94967651367188,65.26937866210938,61.76417541503906,0.9687660336494446,Black Block,0.054082632064819336
137,34.180606842041016,89.8832015991211,58.221946716308594,23.878692626953125,0.968285322189331,Red Block,0.054082632064819336
137,80.17652893066406,91.47550964355469,35.876495361328125,37.856475830078125,0.9557206630706787,Black Ball,0.054082632064819336
137,38.986854553222656,49.32646179199219,66.42851257324219,25.677101135253906,0.2580147385597229,Blue Block,0.054082632064819336
138,34.1624755859375,89.91377258300781,58.143402099609375,23.71234130859375,0.967279851436615,Red Block,0.06196236610412598
138,127.45893859863281,69.02522277832031,65.1983642578125,61.84736633300781,0.9672698974609375,Black Block,0.06196236610412598
138,80.27901458740234,91.42317199707031,35.76324462890625,38.077728271484375,0.9542842507362366,Black Ball,0.06196236610412598
139,34.1624755859375,89.91377258300781,58.143402099609375,23.71234130859375,0.967279851436615,Red Block,0.05559706687927246
139,127.45893859863281,69.02522277832031,65.1983642578125,61.84736633300781,0.9672698974609375,Black Block,0.05559706687927246
139,80.27901458740234,91.42317199707031,35.76324462890625,38.077728271484375,0.9542842507362366,Black Ball,0.05559706687927246
140,34.31741714477539,89.86196899414062,57.69886016845703,23.770263671875,0.9730916619300842,Red Block,0.09089493751525879
140,127.4132080078125,68.95726776123047,65.47140502929688,61.69645309448242,0.9677559733390808,Black Block,0.09089493751525879
140,80.16345977783203,91.53649139404297,35.32926559448242,38.08624267578125,0.9429256319999695,Black Ball,0.09089493751525879
141,34.31741714477539,89.86196899414062,57.69886016845703,23.770263671875,0.9730916619300842,Red Block,0.06304788589477539
141,127.4132080078125,68.95726776123047,65.47140502929688,61.69645309448242,0.9677559733390808,Black Block,0.06304788589477539
141,80.16345977783203,91.53649139404297,35.32926559448242,38.08624267578125,0.9429256319999695,Black Ball,0.06304788589477539
142,34.200130462646484,89.89395904541016,57.40796661376953,23.827423095703125,0.9723778963088989,Red Block,0.05878090858459473
142,127.20783233642578,68.9588623046875,65.26185607910156,61.90443420410156,0.9689766764640808,Black Block,0.05878090858459473
142,80.24444580078125,91.29801177978516,35.85957336425781,38.0093994140625,0.9545716047286987,Black Ball,0.05878090858459473
143,34.200130462646484,89.89395904541016,57.40796661376953,23.827423095703125,0.9723778963088989,Red Block,0.05158734321594238
143,127.20783233642578,68.9588623046875,65.26185607910156,61.90443420410156,0.9689766764640808,Black Block,0.05158734321594238
143,80.24444580078125,91.29801177978516,35.85957336425781,38.0093994140625,0.9545716047286987,Black Ball,0.05158734321594238
144,34.271324157714844,89.80859375,57.77626037597656,23.900588989257812,0.9716202020645142,Red Block,0.058982133865356445
144,127.43800354003906,69.00955200195312,65.22552490234375,61.93769836425781,0.9669436812400818,Black Block,0.058982133865356445
144,80.3185043334961,91.42794036865234,35.73317337036133,38.021484375,0.9526222944259644,Black Ball,0.058982133865356445
145,34.271324157714844,89.80859375,57.77626037597656,23.900588989257812,0.9716202020645142,Red Block,0.05893301963806152
145,127.43800354003906,69.00955200195312,65.22552490234375,61.93769836425781,0.9669436812400818,Black Block,0.05893301963806152
145,80.3185043334961,91.42794036865234,35.73317337036133,38.021484375,0.9526222944259644,Black Ball,0.05893301963806152
146,34.16215515136719,89.84562683105469,57.18421936035156,23.775787353515625,0.971979558467865,Red Block,0.06755280494689941
146,127.12571716308594,68.9891357421875,65.4046630859375,61.88890075683594,0.9675328135490417,Black Block,0.06755280494689941
146,80.25402069091797,91.46783447265625,35.73939514160156,37.95623779296875,0.9549624919891357,Black Ball,0.06755280494689941
147,34.16215515136719,89.84562683105469,57.18421936035156,23.775787353515625,0.971979558467865,Red Block,0.08802986145019531
147,127.12571716308594,68.9891357421875,65.4046630859375,61.88890075683594,0.9675328135490417,Black Block,0.08802986145019531
147,80.25402069091797,91.46783447265625,35.73939514160156,37.95623779296875,0.9549624919891357,Black Ball,0.08802986145019531
148,127.16674041748047,68.906982421875,65.15306091308594,61.79295349121094,0.9687020182609558,Black Block,0.06621694564819336
148,34.24737548828125,89.80455017089844,58.148651123046875,23.815216064453125,0.9655189514160156,Red Block,0.06621694564819336
148,80.31130981445312,91.46040344238281,35.79350280761719,37.90498352050781,0.9549185633659363,Black Ball,0.06621694564819336
149,127.16674041748047,68.906982421875,65.15306091308594,61.79295349121094,0.9687020182609558,Black Block,0.06030678749084473
149,34.24737548828125,89.80455017089844,58.148651123046875,23.815216064453125,0.9655189514160156,Red Block,0.06030678749084473
149,80.31130981445312,91.46040344238281,35.79350280761719,37.90498352050781,0.9549185633659363,Black Ball,0.06030678749084473
150,127.21205139160156,68.91451263427734,65.84243774414062,61.81672668457031,0.967440128326416,Black Block,0.06473255157470703
150,34.04488754272461,89.87285614013672,58.056983947753906,23.757522583007812,0.9632540941238403,Red Block,0.06473255157470703
150,80.26747131347656,91.45696258544922,35.63668441772461,37.8121337890625,0.9535825252532959,Black Ball,0.06473255157470703
150,38.94744110107422,49.28117370605469,66.33311462402344,25.12786102294922,0.2798920273780823,Blue Block,0.06473255157470703
150,124.17959594726562,4.137971878051758,14.046974182128906,7.891993999481201,0.27641528844833374,Blue Block,0.06473255157470703
151,127.21205139160156,68.91451263427734,65.84243774414062,61.81672668457031,0.967440128326416,Black Block,0.04845452308654785
151,34.04488754272461,89.87285614013672,58.056983947753906,23.757522583007812,0.9632540941238403,Red Block,0.04845452308654785
151,80.26747131347656,91.45696258544922,35.63668441772461,37.8121337890625,0.9535825252532959,Black Ball,0.04845452308654785
151,38.94744110107422,49.28117370605469,66.33311462402344,25.12786102294922,0.2798920273780823,Blue Block,0.04845452308654785
151,124.17959594726562,4.137971878051758,14.046974182128906,7.891993999481201,0.27641528844833374,Blue Block,0.04845452308654785
152,34.250030517578125,89.869873046875,57.80479431152344,23.77777099609375,0.9711709022521973,Red Block,0.10609793663024902
152,127.44804382324219,69.03980255126953,65.16409301757812,61.76091384887695,0.9674177765846252,Black Block,0.10609793663024902
152,80.15786743164062,91.48424530029297,35.402828216552734,38.12730407714844,0.9480220675468445,Black Ball,0.10609793663024902
153,34.250030517578125,89.869873046875,57.80479431152344,23.77777099609375,0.9711709022521973,Red Block,0.11331391334533691
153,127.44804382324219,69.03980255126953,65.16409301757812,61.76091384887695,0.9674177765846252,Black Block,0.11331391334533691
153,80.15786743164062,91.48424530029297,35.402828216552734,38.12730407714844,0.9480220675468445,Black Ball,0.11331391334533691
154,34.57316207885742,89.84740447998047,58.003562927246094,23.626953125,0.9679222702980042,Red Block,0.39850640296936035
154,127.40415954589844,69.00682830810547,65.58627319335938,61.695098876953125,0.9676573872566223,Black Block,0.39850640296936035
154,80.48721313476562,91.15889739990234,35.995479583740234,38.08851623535156,0.9557327628135681,Black Ball,0.39850640296936035
154,39.075096130371094,49.83786392211914,66.56166076660156,26.447792053222656,0.27362531423568726,Blue Block,0.39850640296936035
155,34.57316207885742,89.84740447998047,58.003562927246094,23.626953125,0.9679222702980042,Red Block,0.05815625190734863
155,127.40415954589844,69.00682830810547,65.58627319335938,61.695098876953125,0.9676573872566223,Black Block,0.05815625190734863
155,80.48721313476562,91.15889739990234,35.995479583740234,38.08851623535156,0.9557327628135681,Black Ball,0.05815625190734863
155,39.075096130371094,49.83786392211914,66.56166076660156,26.447792053222656,0.27362531423568726,Blue Block,0.05815625190734863
156,34.060062408447266,89.90403747558594,57.37207794189453,23.780380249023438,0.9701331853866577,Red Block,0.049551963806152344
156,127.14486694335938,68.97966766357422,65.2647705078125,62.076568603515625,0.9678834676742554,Black Block,0.049551963806152344
156,80.41893768310547,91.20892333984375,35.98223876953125,38.15460205078125,0.9549866318702698,Black Ball,0.049551963806152344
157,34.060062408447266,89.90403747558594,57.37207794189453,23.780380249023438,0.9701331853866577,Red Block,0.06585931777954102
157,127.14486694335938,68.97966766357422,65.2647705078125,62.076568603515625,0.9678834676742554,Black Block,0.06585931777954102
157,80.41893768310547,91.20892333984375,35.98223876953125,38.15460205078125,0.9549866318702698,Black Ball,0.06585931777954102
158,34.04074478149414,89.85389709472656,57.04106903076172,23.771377563476562,0.9719622135162354,Red Block,0.07530522346496582
158,127.12177276611328,69.00067138671875,65.37037658691406,62.101776123046875,0.9668737053871155,Black Block,0.07530522346496582
158,80.46835327148438,91.2068099975586,36.132747650146484,37.861175537109375,0.956292450428009,Black Ball,0.07530522346496582
159,34.04074478149414,89.85389709472656,57.04106903076172,23.771377563476562,0.9719622135162354,Red Block,0.058130502700805664
159,127.12177276611328,69.00067138671875,65.37037658691406,62.101776123046875,0.9668737053871155,Black Block,0.058130502700805664
159,80.46835327148438,91.2068099975586,36.132747650146484,37.861175537109375,0.956292450428009,Black Ball,0.058130502700805664
160,34.22207260131836,89.85482788085938,58.081321716308594,23.83343505859375,0.9720948338508606,Red Block,0.06624221801757812
160,127.47622680664062,68.95767211914062,65.11346435546875,61.87668228149414,0.9668447971343994,Black Block,0.06624221801757812
160,80.18501281738281,91.53624725341797,35.41828918457031,37.95625305175781,0.9472575783729553,Black Ball,0.06624221801757812
161,34.22207260131836,89.85482788085938,58.081321716308594,23.83343505859375,0.9720948338508606,Red Block,0.061495304107666016
161,127.47622680664062,68.95767211914062,65.11346435546875,61.87668228149414,0.9668447971343994,Black Block,0.061495304107666016
161,80.18501281738281,91.53624725341797,35.41828918457031,37.95625305175781,0.9472575783729553,Black Ball,0.061495304107666016
162,34.284523010253906,89.85430908203125,57.651123046875,23.802825927734375,0.9715389013290405,Red Block,0.05648946762084961
162,127.53131866455078,69.01576232910156,65.03413391113281,61.797119140625,0.967418909072876,Black Block,0.05648946762084961
162,80.34619903564453,91.41264343261719,35.75886154174805,38.089447021484375,0.9528099894523621,Black Ball,0.05648946762084961
163,34.284523010253906,89.85430908203125,57.651123046875,23.802825927734375,0.9715389013290405,Red Block,0.058937788009643555
163,127.53131866455078,69.01576232910156,65.03413391113281,61.797119140625,0.967418909072876,Black Block,0.058937788009643555
163,80.34619903564453,91.41264343261719,35.75886154174805,38.089447021484375,0.9528099894523621,Black Ball,0.058937788009643555
164,34.28360366821289,89.86344146728516,57.60035705566406,23.790512084960938,0.9710156321525574,Red Block,0.0555424690246582
164,127.45374298095703,69.03938293457031,65.18516540527344,61.87513732910156,0.9674405455589294,Black Block,0.0555424690246582
164,80.31895446777344,91.51962280273438,35.39984130859375,37.90940856933594,0.9538970589637756,Black Ball,0.0555424690246582
164,38.95079803466797,50.06098937988281,66.23309326171875,26.68115234375,0.28682655096054077,Blue Block,0.0555424690246582
165,34.28360366821289,89.86344146728516,57.60035705566406,23.790512084960938,0.9710156321525574,Red Block,0.05673098564147949
165,127.45374298095703,69.03938293457031,65.18516540527344,61.87513732910156,0.9674405455589294,Black Block,0.05673098564147949
165,80.31895446777344,91.51962280273438,35.39984130859375,37.90940856933594,0.9538970589637756,Black Ball,0.05673098564147949
165,38.95079803466797,50.06098937988281,66.23309326171875,26.68115234375,0.28682655096054077,Blue Block,0.05673098564147949
166,126.18622589111328,63.548301696777344,67.30189514160156,51.14961242675781,0.8555575013160706,Black Block,0.05479717254638672
166,39.5897216796875,57.66990661621094,67.06918334960938,39.68037414550781,0.5602538585662842,Blue Block,0.05479717254638672
166,127.61955261230469,93.18755340576172,20.974945068359375,9.495773315429688,0.3784247636795044,Blue Block,0.05479717254638672
166,38.55908203125,71.20602416992188,65.10623168945312,52.93858337402344,0.3331889510154724,Green Block,0.05479717254638672
167,126.18622589111328,63.548301696777344,67.30189514160156,51.14961242675781,0.8555575013160706,Black Block,0.056175947189331055
167,39.5897216796875,57.66990661621094,67.06918334960938,39.68037414550781,0.5602538585662842,Blue Block,0.056175947189331055
167,127.61955261230469,93.18755340576172,20.974945068359375,9.495773315429688,0.3784247636795044,Blue Block,0.056175947189331055
167,38.55908203125,71.20602416992188,65.10623168945312,52.93858337402344,0.3331889510154724,Green Block,0.056175947189331055
168,34.18506622314453,89.86262512207031,57.946044921875,23.636993408203125,0.9672874808311462,Red Block,0.05559253692626953
168,127.10157775878906,69.19231414794922,65.47012329101562,61.612396240234375,0.967121958732605,Black Block,0.05559253692626953
168,80.05886840820312,91.91703796386719,36.05233383178711,39.03076171875,0.9554396271705627,Black Ball,0.05559253692626953
169,34.18506622314453,89.86262512207031,57.946044921875,23.636993408203125,0.9672874808311462,Red Block,0.07529497146606445
169,127.10157775878906,69.19231414794922,65.47012329101562,61.612396240234375,0.967121958732605,Black Block,0.07529497146606445
169,80.05886840820312,91.91703796386719,36.05233383178711,39.03076171875,0.9554396271705627,Black Ball,0.07529497146606445
170,34.24403762817383,89.80863189697266,57.43950653076172,23.845443725585938,0.9729019999504089,Red Block,0.06497550010681152
170,127.3946533203125,68.93115997314453,65.51178741455078,61.7113037109375,0.9671521782875061,Black Block,0.06497550010681152
170,80.27210998535156,91.45037841796875,35.55659484863281,38.25201416015625,0.9443911910057068,Black Ball,0.06497550010681152
171,34.24403762817383,89.80863189697266,57.43950653076172,23.845443725585938,0.9729019999504089,Red Block,0.05503368377685547
171,127.3946533203125,68.93115997314453,65.51178741455078,61.7113037109375,0.9671521782875061,Black Block,0.05503368377685547
171,80.27210998535156,91.45037841796875,35.55659484863281,38.25201416015625,0.9443911910057068,Black Ball,0.05503368377685547
172,127.48594665527344,69.04808807373047,65.32742309570312,61.721954345703125,0.9677433371543884,Black Block,0.05626487731933594
172,34.49022674560547,89.8425064086914,58.14244079589844,23.873092651367188,0.9670854806900024,Red Block,0.05626487731933594
172,80.32778930664062,91.49342346191406,35.70549011230469,38.11761474609375,0.9503031373023987,Black Ball,0.05626487731933594
173,127.48594665527344,69.04808807373047,65.32742309570312,61.721954345703125,0.9677433371543884,Black Block,0.07029366493225098
173,34.49022674560547,89.8425064086914,58.14244079589844,23.873092651367188,0.9670854806900024,Red Block,0.07029366493225098
173,80.32778930664062,91.49342346191406,35.70549011230469,38.11761474609375,0.9503031373023987,Black Ball,0.07029366493225098
174,34.4907112121582,89.87512969970703,58.50141906738281,23.781417846679688,0.9712847471237183,Red Block,0.06480264663696289
174,127.41593933105469,69.12745666503906,65.51277923583984,61.55804443359375,0.9669070839881897,Black Block,0.06480264663696289
174,80.24901580810547,91.48756408691406,35.12443542480469,38.241363525390625,0.9434610605239868,Black Ball,0.06480264663696289
175,34.4907112121582,89.87512969970703,58.50141906738281,23.781417846679688,0.9712847471237183,Red Block,0.06814312934875488
175,127.41593933105469,69.12745666503906,65.51277923583984,61.55804443359375,0.9669070839881897,Black Block,0.06814312934875488
175,80.24901580810547,91.48756408691406,35.12443542480469,38.241363525390625,0.9434610605239868,Black Ball,0.06814312934875488
176,127.15512084960938,68.96210479736328,65.44928741455078,61.89790344238281,0.9675528407096863,Black Block,0.06213641166687012
176,34.34738540649414,89.84517669677734,58.1661376953125,23.819503784179688,0.9668745994567871,Red Block,0.06213641166687012
176,80.25342559814453,91.5389404296875,35.71675109863281,37.821563720703125,0.9533520936965942,Black Ball,0.06213641166687012
177,127.15512084960938,68.96210479736328,65.44928741455078,61.89790344238281,0.9675528407096863,Black Block,0.06824922561645508
177,34.34738540649414,89.84517669677734,58.1661376953125,23.819503784179688,0.9668745994567871,Red Block,0.06824922561645508
177,80.25342559814453,91.5389404296875,35.71675109863281,37.821563720703125,0.9533520936965942,Black Ball,0.06824922561645508
178,34.122291564941406,89.92233276367188,57.69965362548828,23.850845336914062,0.9703964591026306,Red Block,0.08652544021606445
178,127.43726348876953,69.031005859375,65.44712829589844,61.74650573730469,0.9675359725952148,Black Block,0.08652544021606445
178,80.16331481933594,91.43921661376953,35.82606506347656,37.95018005371094,0.9557293057441711,Black Ball,0.08652544021606445
178,38.994632720947266,49.54831314086914,66.46556854248047,26.128265380859375,0.2646932601928711,Blue Block,0.08652544021606445
179,34.122291564941406,89.92233276367188,57.69965362548828,23.850845336914062,0.9703964591026306,Red Block,0.05365777015686035
179,127.43726348876953,69.031005859375,65.44712829589844,61.74650573730469,0.9675359725952148,Black Block,0.05365777015686035
179,80.16331481933594,91.43921661376953,35.82606506347656,37.95018005371094,0.9557293057441711,Black Ball,0.05365777015686035
179,38.994632720947266,49.54831314086914,66.46556854248047,26.128265380859375,0.2646932601928711,Blue Block,0.05365777015686035
180,33.99400329589844,89.90618896484375,57.36585998535156,23.791976928710938,0.9716103672981262,Red Block,0.06275057792663574
180,127.39155578613281,69.00748443603516,65.32784271240234,61.81813430786133,0.9673956632614136,Black Block,0.06275057792663574
180,80.29154205322266,91.50877380371094,35.8501091003418,38.006744384765625,0.9536261558532715,Black Ball,0.06275057792663574
181,33.99400329589844,89.90618896484375,57.36585998535156,23.791976928710938,0.9716103672981262,Red Block,0.061470985412597656
181,127.39155578613281,69.00748443603516,65.32784271240234,61.81813430786133,0.9673956632614136,Black Block,0.061470985412597656
181,80.29154205322266,91.50877380371094,35.8501091003418,38.006744384765625,0.9536261558532715,Black Ball,0.061470985412597656
182,34.17818832397461,89.867431640625,57.542564392089844,23.90020751953125,0.9703426957130432,Red Block,0.07182693481445312
182,127.46250915527344,69.01541137695312,65.08953857421875,61.95936584472656,0.9670968055725098,Black Block,0.07182693481445312
182,80.33773040771484,91.4566650390625,35.83753967285156,38.13069152832031,0.9490191340446472,Black Ball,0.07182693481445312
183,34.17818832397461,89.867431640625,57.542564392089844,23.90020751953125,0.9703426957130432,Red Block,0.07352852821350098
183,127.46250915527344,69.01541137695312,65.08953857421875,61.95936584472656,0.9670968055725098,Black Block,0.07352852821350098
183,80.33773040771484,91.4566650390625,35.83753967285156,38.13069152832031,0.9490191340446472,Black Ball,0.07352852821350098
184,34.35490036010742,89.88665008544922,57.700584411621094,23.839797973632812,0.9716598391532898,Red Block,0.06920742988586426
184,127.42462158203125,68.97923278808594,65.22903442382812,61.78759765625,0.9672658443450928,Black Block,0.06920742988586426
184,80.12008666992188,91.49943542480469,35.40512466430664,38.08134460449219,0.9497196078300476,Black Ball,0.06920742988586426
185,34.35490036010742,89.88665008544922,57.700584411621094,23.839797973632812,0.9716598391532898,Red Block,0.06110668182373047
185,127.42462158203125,68.97923278808594,65.22903442382812,61.78759765625,0.9672658443450928,Black Block,0.06110668182373047
185,80.12008666992188,91.49943542480469,35.40512466430664,38.08134460449219,0.9497196078300476,Black Ball,0.06110668182373047
186,127.5184097290039,68.98954010009766,65.07551574707031,61.923126220703125,0.9674451351165771,Black Block,0.06915593147277832
186,33.717899322509766,89.9163818359375,57.09571838378906,23.748382568359375,0.9620219469070435,Red Block,0.06915593147277832
186,80.16326904296875,91.38900756835938,35.88853454589844,37.92626953125,0.9526797533035278,Black Ball,0.06915593147277832
187,127.5184097290039,68.98954010009766,65.07551574707031,61.923126220703125,0.9674451351165771,Black Block,0.06424069404602051
187,33.717899322509766,89.9163818359375,57.09571838378906,23.748382568359375,0.9620219469070435,Red Block,0.06424069404602051
187,80.16326904296875,91.38900756835938,35.88853454589844,37.92626953125,0.9526797533035278,Black Ball,0.06424069404602051
188,34.01298904418945,89.89671325683594,57.448707580566406,23.725936889648438,0.971515953540802,Red Block,0.05579233169555664
188,127.49710845947266,69.03076934814453,65.37239074707031,61.83430862426758,0.9673523306846619,Black Block,0.05579233169555664
188,80.31140899658203,91.37965393066406,35.6910400390625,38.056884765625,0.9547916054725647,Black Ball,0.05579233169555664
188,38.92198944091797,49.479705810546875,66.32896423339844,25.622726440429688,0.2506304979324341,Blue Block,0.05579233169555664
189,34.01298904418945,89.89671325683594,57.448707580566406,23.725936889648438,0.971515953540802,Red Block,0.05855059623718262
189,127.49710845947266,69.03076934814453,65.37239074707031,61.83430862426758,0.9673523306846619,Black Block,0.05855059623718262
189,80.31140899658203,91.37965393066406,35.6910400390625,38.056884765625,0.9547916054725647,Black Ball,0.05855059623718262
189,38.92198944091797,49.479705810546875,66.32896423339844,25.622726440429688,0.2506304979324341,Blue Block,0.05855059623718262
190,34.13957977294922,89.83415222167969,57.49015808105469,23.831756591796875,0.9691578149795532,Red Block,0.09276151657104492
190,127.51408386230469,68.99280548095703,65.08113861083984,61.77958679199219,0.9674168825149536,Black Block,0.09276151657104492
190,80.24429321289062,91.48448181152344,35.488399505615234,38.0660400390625,0.9517300724983215,Black Ball,0.09276151657104492
191,34.13957977294922,89.83415222167969,57.49015808105469,23.831756591796875,0.9691578149795532,Red Block,0.061960697174072266
191,127.51408386230469,68.99280548095703,65.08113861083984,61.77958679199219,0.9674168825149536,Black Block,0.061960697174072266
191,80.24429321289062,91.48448181152344,35.488399505615234,38.0660400390625,0.9517300724983215,Black Ball,0.061960697174072266
192,127.4549560546875,68.94827270507812,65.42388916015625,61.84527587890625,0.9677121043205261,Black Block,0.058428049087524414
192,34.173709869384766,89.83454895019531,57.75824737548828,23.771728515625,0.967576265335083,Red Block,0.058428049087524414
192,80.4653091430664,91.14628601074219,35.99745559692383,38.12353515625,0.9521825909614563,Black Ball,0.058428049087524414
193,127.4549560546875,68.94827270507812,65.42388916015625,61.84527587890625,0.9677121043205261,Black Block,0.07667088508605957
193,34.173709869384766,89.83454895019531,57.75824737548828,23.771728515625,0.967576265335083,Red Block,0.07667088508605957
193,80.4653091430664,91.14628601074219,35.99745559692383,38.12353515625,0.9521825909614563,Black Ball,0.07667088508605957
194,34.3923454284668,89.8779296875,57.823707580566406,23.719680786132812,0.9732013940811157,Red Block,0.06711959838867188
194,127.45164489746094,69.02397155761719,65.4310073852539,61.820098876953125,0.9671708345413208,Black Block,0.06711959838867188
194,80.19678497314453,91.47232055664062,35.45973205566406,38.12339782714844,0.9540871381759644,Black Ball,0.06711959838867188
194,38.928375244140625,49.652381896972656,66.16555786132812,25.97289276123047,0.25323766469955444,Blue Block,0.06711959838867188
195,34.3923454284668,89.8779296875,57.823707580566406,23.719680786132812,0.9732013940811157,Red Block,0.07452082633972168
195,127.45164489746094,69.02397155761719,65.4310073852539,61.820098876953125,0.9671708345413208,Black Block,0.07452082633972168
195,80.19678497314453,91.47232055664062,35.45973205566406,38.12339782714844,0.9540871381759644,Black Ball,0.07452082633972168
195,38.928375244140625,49.652381896972656,66.16555786132812,25.97289276123047,0.25323766469955444,Blue Block,0.07452082633972168
196,34.152854919433594,89.86028289794922,57.75078582763672,23.742294311523438,0.9709793925285339,Red Block,0.05371499061584473
196,127.44668579101562,68.97946166992188,65.18616485595703,61.81625747680664,0.9671902060508728,Black Block,0.05371499061584473
196,80.2778549194336,91.48383331298828,35.5162353515625,37.88993835449219,0.9513286352157593,Black Ball,0.05371499061584473
197,34.152854919433594,89.86028289794922,57.75078582763672,23.742294311523438,0.9709793925285339,Red Block,0.06996798515319824
197,127.44668579101562,68.97946166992188,65.18616485595703,61.81625747680664,0.9671902060508728,Black Block,0.06996798515319824
197,80.2778549194336,91.48383331298828,35.5162353515625,37.88993835449219,0.9513286352157593,Black Ball,0.06996798515319824
198,127.49179077148438,69.05426025390625,65.3287353515625,61.695037841796875,0.9673060774803162,Black Block,0.1295945644378662
198,34.269012451171875,89.8409652709961,58.00616455078125,23.862747192382812,0.9665011763572693,Red Block,0.1295945644378662
198,80.14933013916016,91.546630859375,35.5141716003418,38.00396728515625,0.9519026875495911,Black Ball,0.1295945644378662
199,127.49179077148438,69.05426025390625,65.3287353515625,61.695037841796875,0.9673060774803162,Black Block,0.052043914794921875
199,34.269012451171875,89.8409652709961,58.00616455078125,23.862747192382812,0.9665011763572693,Red Block,0.052043914794921875
199,80.14933013916016,91.546630859375,35.5141716003418,38.00396728515625,0.9519026875495911,Black Ball,0.052043914794921875
