step,K,T_I,T_D,target,error,P,I,D,ds,left speed,right speed
0,0.005,9999999999,0,200,-200.0,-1.0,-6.4000000006400005e-12,-0.0,-0.9500000000064
1,0.005,9999999999,0,200,-200.0,-1.0,-1.2800000001280001e-11,0.0,-0.9500000000127999
2,0.005,9999999999,0,200,-200.0,-1.0,-1.920000000192e-11,0.0,-0.9500000000191999
3,0.005,9999999999,0,200,-200.0,-1.0,-2.5600000002560002e-11,0.0,-0.9500000000255999
4,0.005,9999999999,0,200,-200.0,-1.0,-3.20000000032e-11,0.0,-0.9500000000319999
5,0.005,9999999999,0,200,-200.0,-1.0,-3.8400000003839997e-11,0.0,-0.9500000000383999
6,0.005,9999999999,0,200,-200.0,-1.0,-4.480000000448e-11,0.0,-0.9500000000447999
7,0.005,9999999999,0,200,-200.0,-1.0,-5.120000000512e-11,0.0,-0.9500000000511999
8,0.005,9999999999,0,200,-200.0,-1.0,-5.760000000576e-11,0.0,-0.9500000000575999
9,0.005,9999999999,0,200,-200.0,-1.0,-6.400000000639999e-11,0.0,-0.9500000000639999
10,0.005,9999999999,0,200,-200.0,-1.0,-7.040000000703999e-11,0.0,-0.9500000000703999
11,0.005,9999999999,0,200,-200.0,-1.0,-7.680000000767999e-11,0.0,-0.9500000000767999
12,0.005,9999999999,0,200,-196.90514285714286,-0.9845257142857143,-8.310096457973866e-11,0.0,-0.9345257143688153
13,0.005,9999999999,0,200,-196.32457142857143,-0.9816228571428571,-8.938335086608117e-11,0.0,-0.9316228572322405
14,0.005,9999999999,0,200,-196.32457142857143,-0.9816228571428571,-9.56657371524237e-11,0.0,-0.9316228572385228
15,0.005,9999999999,0,200,-196.32457142857143,-0.9816228571428571,-1.0194812343876622e-10,0.0,-0.9316228572448052
16,0.005,9999999999,0,200,-196.32457142857143,-0.9816228571428571,-1.0823050972510875e-10,0.0,-0.9316228572510876
17,0.005,9999999999,0,200,-196.32457142857143,-0.9816228571428571,-1.1451289601145126e-10,0.0,-0.9316228572573699
18,0.005,9999999999,0,200,-196.32457142857143,-0.9816228571428571,-1.207952822977938e-10,0.0,-0.9316228572636523
19,0.005,9999999999,0,200,-196.32457142857143,-0.9816228571428571,-1.270776685841363e-10,0.0,-0.9316228572699348
20,0.005,9999999999,0,200,-196.32457142857143,-0.9816228571428571,-1.3336005487047882e-10,0.0,-0.9316228572762172
21,0.005,9999999999,0,200,-196.32457142857143,-0.9816228571428571,-1.3964244115682135e-10,0.0,-0.9316228572824995
22,0.005,9999999999,0,200,-199.30514285714287,-0.9965257142857143,-1.460202057288877e-10,-0.0,-0.9465257144317345
23,0.005,9999999999,0,200,-199.6,-0.998,-1.5240740572952645e-10,-0.0,-0.9480000001524074
24,0.005,9999999999,0,200,-198.85714285714286,-0.9942857142857143,-1.5877083430159136e-10,0.0,-0.9442857144444852
25,0.005,9999999999,0,200,-197.57142857142858,-0.987857142857143,-1.6509312001650932e-10,0.0,-0.9378571430222361
26,0.005,9999999999,0,200,-195.22857142857143,-0.9761428571428572,-1.7134043430284833e-10,0.0,-0.9261428573141975
27,0.005,9999999999,0,200,-191.74285714285713,-0.9587142857142856,-1.7747620573203333e-10,0.0,-0.9087142858917618
28,0.005,9999999999,0,200,-187.1142857142857,-0.9355714285714285,-1.834638628754892e-10,0.0,-0.8855714287548924
29,0.005,9999999999,0,200,-181.248,-0.9062399999999999,-1.8926379887606922e-10,0.0,-0.8562400001892637
30,0.005,9999999999,0,200,-173.55314285714286,-0.8677657142857144,-1.9481749944805317e-10,0.0,-0.8177657144805318
31,0.005,9999999999,0,200,-164.60114285714286,-0.8230057142857143,-2.0008473602000845e-10,0.0,-0.773005714485799
32,0.005,9999999999,0,200,-155.07771428571428,-0.7753885714285714,-2.050472228776476e-10,0.0,-0.7253885716336186
33,0.005,9999999999,0,200,-144.81142857142856,-0.7240571428571428,-2.096811885923967e-10,0.0,-0.674057143066824
34,0.005,9999999999,0,200,-133.5165714285714,-0.667582857142857,-2.1395371887853825e-10,0.0,-0.6175828573568107
35,0.005,9999999999,0,200,-122.60742857142857,-0.6130371428571428,-2.178771565932163e-10,0.0,-0.56303714307502
36,0.005,9999999999,0,200,-112.784,-0.5639200000000001,-2.2148624459357721e-10,0.0,-0.5139200002214863
37,0.005,9999999999,0,200,-102.71771428571428,-0.5135885714285714,-2.2477321145104878e-10,0.0,-0.4635885716533446
38,0.005,9999999999,0,200,-92.58,-0.4629,-2.2773577145134503e-10,0.0,-0.41290000022773576
39,0.005,9999999999,0,200,-81.5657142857143,-0.4078285714285715,-2.3034587430874888e-10,0.0,-0.35782857165891735
40,0.005,9999999999,0,200,-69.69428571428571,-0.34847142857142854,-2.3257609145182904e-10,0.0,-0.2984714288040046
41,0.005,9999999999,0,200,-54.92285714285717,-0.27461428571428587,-2.3433362288057625e-10,0.0,-0.22461428594861949
42,0.005,9999999999,0,200,-35.62285714285713,-0.17811428571428564,-2.3547355430926167e-10,0.0,-0.1281142859497592
43,0.005,9999999999,0,200,-8.079999999999984,-0.04039999999999992,-2.357321143092875e-10,0.0,0.009599999764267966
44,0.005,9999999999,0,200,26.462857142857132,0.13231428571428566,-2.348853028806314e-10,0.0,0.18231428547940037
45,0.005,9999999999,0,200,68.67714285714283,0.3433857142857141,-2.3268763430898302e-10,0.0,0.39338571405302647
46,0.005,9999999999,0,200,117.16285714285715,0.5858142857142857,-2.289384228800367e-10,0.0,0.6358142854853474
47,0.005,9999999999,0,200,169.32,0.8466,-2.2352018287949486e-10,0.0,0.8965999997764799
48,0.005,9999999999,0,200,222.36285714285714,1.1118142857142856,-2.1640457145021185e-10,0.0,1.161814285497881
49,0.005,9999999999,0,200,278.0057142857143,1.3900285714285716,-2.0750838859217937e-10,0.0,1.4400285712210632
50,0.005,9999999999,0,200,331.81999999999994,1.6590999999999998,-1.9689014859111757e-10,0.0,1.7090999998031098
51,0.005,9999999999,0,200,382.8914285714286,1.914457142857143,-1.846376228756066e-10,0.0,1.9644571426725055
52,0.005,9999999999,0,200,432.36285714285714,2.1618142857142857,-1.7080201144565157e-10,0.0,2.2118142855434835
53,0.005,9999999999,0,200,474.1057142857144,2.3705285714285718,-1.5563062858699157e-10,0.0,2.420528571272941
54,0.005,9999999999,0,200,511.6628571428571,2.5583142857142853,-1.392574171567828e-10,0.0,2.6083142855750276
55,0.005,9999999999,0,200,541.4771428571429,2.7073857142857145,-1.2193014858362151e-10,0.0,2.7573857141637843
56,0.005,9999999999,0,200,565.1342857142856,2.8256714285714284,-1.0384585143895594e-10,0.0,2.8756714284675824
57,0.005,9999999999,0,200,583.7057142857142,2.918528571428571,-8.516726857994523e-11,0.0,2.9685285713434033
58,0.005,9999999999,0,200,600.4057142857143,3.0020285714285717,-6.595428572088107e-11,0.0,3.052028571362617
59,0.005,9999999999,0,200,610.4485714285713,3.052242857142857,-4.6419931433213336e-11,0.0,3.102242857096437
60,0.005,9999999999,0,200,614.9914285714286,3.0749571428571434,-2.6740205716959647e-11,0.0,3.124957142830403
61,0.005,9999999999,0,200,615.862857142857,3.0793142857142852,-7.032594286417464e-12,0.0,3.1293142857072525
62,0.005,9999999999,0,200,607.9485714285713,3.0397428571428566,1.2421760001242253e-11,-0.0,3.089742857155278
63,0.005,9999999999,0,200,594.4628571428572,2.972314285714286,3.1444571431715965e-11,-0.0,3.0223142857457304
64,0.005,9999999999,0,200,572.12,2.8606000000000003,4.975241143354675e-11,-0.0,2.9106000000497523
65,0.005,9999999999,0,200,547.3628571428571,2.736814285714286,6.726802286386974e-11,-0.0,2.7868142857815537
66,0.005,9999999999,0,200,519.6057142857143,2.5980285714285714,8.389540572267534e-11,-0.0,2.6480285715124667
67,0.005,9999999999,0,200,489.6485714285715,2.4482428571428576,9.956416000995652e-11,-0.0,2.498242857242422
68,0.005,9999999999,0,200,456.8914285714285,2.2844571428571423,1.1418468572570428e-10,-0.0,2.334457142971327
69,0.005,9999999999,0,200,423.2628571428571,2.1163142857142856,1.2772909715563013e-10,-0.0,2.1663142858420144
70,0.005,9999999999,0,200,391.925142857143,1.959625714285715,1.4027070172831287e-10,-0.0,2.0096257144259857
71,0.005,9999999999,0,200,360.83028571428565,1.8041514285714282,1.5181727087232468e-10,-0.0,1.8541514287232455
72,0.005,9999999999,0,200,332.4782857142857,1.6623914285714285,1.6245657601624576e-10,-0.0,1.712391428733885
73,0.005,9999999999,0,200,305.55485714285714,1.5277742857142858,1.7223433144579496e-10,-0.0,1.57777428588652
74,0.005,9999999999,0,200,281.17428571428576,1.4058714285714289,1.8123190858955188e-10,-0.0,1.4558714287526608
75,0.005,9999999999,0,200,257.408,1.2870400000000002,1.8946896459037557e-10,-0.0,1.3370400001894691
76,0.005,9999999999,0,200,234.82742857142864,1.1741371428571432,1.9698344230541272e-10,-0.0,1.2241371430541268
77,0.005,9999999999,0,200,213.04685714285716,1.0652342857142858,2.0380094173466592e-10,-0.0,1.1152342859180868
78,0.005,9999999999,0,200,191.7948571428572,0.9589742857142861,2.0993837716385108e-10,-0.0,1.0089742859242246
79,0.005,9999999999,0,200,170.9142857142857,0.8545714285714285,2.1540763430725513e-10,-0.0,0.9045714287868362
80,0.005,9999999999,0,200,151.2714285714286,0.7563571428571431,2.2024832002202495e-10,-0.0,0.8063571430773915
81,0.005,9999999999,0,200,132.64285714285717,0.6632142857142859,2.2449289145102078e-10,-0.0,0.7132142859387788
82,0.005,9999999999,0,200,114.75714285714287,0.5737857142857143,2.2816512002281661e-10,-0.0,0.6237857145138795
83,0.005,9999999999,0,200,98.14285714285717,0.4907142857142858,2.313056914517021e-10,-0.0,0.5407142859455916
84,0.005,9999999999,0,200,82.58571428571429,0.4129285714285715,2.339484343091092e-10,-0.0,0.4629285716625199
85,0.005,9999999999,0,200,67.52857142857141,0.3376428571428571,2.361093485950396e-10,-0.0,0.3876428573789664
86,0.005,9999999999,0,200,56.13771428571425,0.2806885714285713,2.379057554523621e-10,-0.0,0.330688571666477
87,0.005,9999999999,0,200,42.075428571428574,0.21037714285714287,2.3925216916678244e-10,-0.0,0.26037714309639504
88,0.005,9999999999,0,200,28.718285714285713,0.14359142857142856,2.401711543097315e-10,-0.0,0.19359142881159974
89,0.005,9999999999,0,200,16.232571428571447,0.08116285714285723,2.4069059659549775e-10,-0.0,0.13116285738354783
90,0.005,9999999999,0,200,3.7611428571428576,0.018805714285714287,2.4081095316693833e-10,-0.0,0.06880571452652524
91,0.005,9999999999,0,200,-8.824571428571431,-0.04412285714285716,2.405285668811958e-10,-0.0,0.005877143097671414
92,0.005,9999999999,0,200,-21.52457142857142,-0.1076228571428571,2.3983978059541264e-10,-0.0,-0.057622856903017314
93,0.005,9999999999,0,200,-31.37257142857146,-0.1568628571428573,2.38835858309598e-10,-0.0,-0.10686285690402143
94,0.005,9999999999,0,200,-44.94399999999999,-0.22471999999999995,2.373976503094541e-10,-0.0,-0.17471999976260227
95,0.005,9999999999,0,200,-57.91542857142855,-0.28957714285714276,2.355443565949831e-10,-0.0,-0.2395771426215984
96,0.005,9999999999,0,200,-73.69600000000001,-0.3684800000000001,2.331860845947473e-10,-0.0,-0.318479999766814
97,0.005,9999999999,0,200,-86.3337142857143,-0.43166857142857146,2.3042340573732816e-10,-0.0,-0.38166857119814807
98,0.005,9999999999,0,200,-97.748,-0.48874,2.2729546973701536e-10,-0.0,-0.43873999977270456
99,0.005,9999999999,0,200,-108.3337142857143,-0.5416685714285715,2.2382879087952585e-10,-0.0,-0.49166857120474267
100,0.005,9999999999,0,200,-117.748,-0.58874,2.2006085487914906e-10,-0.0,-0.5387399997799391
101,0.005,9999999999,0,200,-126.46228571428571,-0.6323114285714285,2.1601406173588722e-10,-0.0,-0.5823114283554144
102,0.005,9999999999,0,200,-132.55314285714286,-0.6627657142857143,2.1177236116403449e-10,-0.0,-0.6127657140739419
103,0.005,9999999999,0,200,-141.73371428571429,-0.7086685714285714,2.0723688230643808e-10,-0.0,-0.6586685712213345
104,0.005,9999999999,0,200,-145.45314285714286,-0.7272657142857143,2.0258238173454407e-10,-0.0,-0.6772657140831319
105,0.005,9999999999,0,200,-148.96742857142857,-0.7448371428571429,1.9781542401978165e-10,-0.0,-0.6948371426593274
106,0.005,9999999999,0,200,-152.96742857142857,-0.7648371428571429,1.9292046630500645e-10,-0.0,-0.7148371426642224
107,0.005,9999999999,0,200,-155.76742857142858,-0.7788371428571429,1.8793590859022223e-10,-0.0,-0.728837142669207
108,0.005,9999999999,0,200,-158.63885714285715,-0.7931942857142857,1.8285946516114318e-10,-0.0,-0.7431942855314262
109,0.005,9999999999,0,200,-160.73885714285714,-0.8036942857142857,1.777158217320574e-10,-0.0,-0.7536942855365698
110,0.005,9999999999,0,200,-163.01028571428571,-0.8150514285714285,1.724994925886786e-10,-0.0,-0.765051428398929
111,0.005,9999999999,0,200,-163.38685714285714,-0.8169342857142857,1.6727111315958433e-10,-0.0,-0.7669342855470146
112,0.005,9999999999,0,200,-163.92971428571428,-0.8196485714285714,1.620253623019169e-10,-0.0,-0.769648571266546
113,0.005,9999999999,0,200,-165.2297142857143,-0.8261485714285715,1.567380114442453e-10,-0.0,-0.7761485712718335
114,0.005,9999999999,0,200,-167.72457142857144,-0.8386228571428572,1.5137082515799428e-10,-0.0,-0.7886228569914864
115,0.005,9999999999,0,200,-169.796,-0.84898,1.4593735315745094e-10,-0.0,-0.7989799998540625
116,0.005,9999999999,0,200,-170.0817142857143,-0.8504085714285715,1.4049473829976382e-10,-0.0,-0.8004085712880767
117,0.005,9999999999,0,200,-170.796,-0.85398,1.3502926629921726e-10,-0.0,-0.8039799998649706
118,0.005,9999999999,0,200,-171.81028571428573,-0.8590514285714287,1.2953133715581033e-10,-0.0,-0.8090514284418973
119,0.005,9999999999,0,200,-172.86742857142858,-0.8643371428571429,1.2399957944097141e-10,-0.0,-0.8143371427331433
120,0.005,9999999999,0,200,-171.31542857142858,-0.8565771428571429,1.185174857261375e-10,0.0,-0.8065771427386254
121,0.005,9999999999,0,200,-173.82457142857143,-0.8691228571428572,1.1295509943986699e-10,-0.0,-0.8191228570299021
122,0.005,9999999999,0,200,-176.85314285714284,-0.8842657142857142,1.0729579886787248e-10,-0.0,-0.8342657141784183
123,0.005,9999999999,0,200,-177.88171428571428,-0.8894085714285714,1.016035840101604e-10,-0.0,-0.8394085713269678
124,0.005,9999999999,0,200,-178.85314285714287,-0.8942657142857143,9.588028343815951e-11,-0.0,-0.844265714189834
125,0.005,9999999999,0,200,-179.15314285714285,-0.8957657142857143,9.014738286615764e-11,-0.0,-0.8457657141955669
126,0.005,9999999999,0,200,-180.35314285714287,-0.9017657142857144,8.437608229415195e-11,-0.0,-0.8517657142013383
127,0.005,9999999999,0,200,-181.31028571428573,-0.9065514285714287,7.85741531507146e-11,-0.0,-0.8565514284928545
128,0.005,9999999999,0,200,-182.01028571428571,-0.9100514285714286,7.274982400727502e-11,-0.0,-0.8600514284986788
129,0.005,9999999999,0,200,-182.2582857142857,-0.9112914285714285,6.691755886383466e-11,-0.0,-0.8612914285045109
130,0.005,9999999999,0,200,-185.23885714285714,-0.9261942857142857,6.098991543467047e-11,-0.0,-0.8761942856532958
131,0.005,9999999999,0,200,-185.63885714285715,-0.9281942857142857,5.5049472005504996e-11,-0.0,-0.8781942856592362
132,0.005,9999999999,0,200,-186.26228571428572,-0.9313114285714287,4.908907886205182e-11,-0.0,-0.8813114285223396
133,0.005,9999999999,0,200,-186.67657142857144,-0.9333828571428572,4.311542857574016e-11,-0.0,-0.8833828570997417
134,0.005,9999999999,0,200,-186.50514285714286,-0.9325257142857143,3.714726400371478e-11,0.0,-0.882525714248567
135,0.005,9999999999,0,200,-186.76228571428572,-0.9338114285714286,3.117087086026e-11,-0.0,-0.8838114285402577
136,0.005,9999999999,0,200,-186.748,-0.93374,2.5194934859662403e-11,0.0,-0.883739999974805
137,0.005,9999999999,0,200,-186.89085714285713,-0.9344542857142857,1.9214427430492922e-11,-0.0,-0.8844542856950712
138,0.005,9999999999,0,200,-186.67657142857144,-0.9333828571428572,1.3240777144181271e-11,0.0,-0.8833828571296164
139,0.005,9999999999,0,200,-186.35714285714286,-0.9317857142857143,7.277348572156358e-12,0.0,-0.8817857142784369
140,0.005,9999999999,0,200,-186.5,-0.9325,1.3093485715595574e-12,-0.0,-0.8824999999986906
141,0.005,9999999999,0,200,-186.5,-0.9325,-4.658651429037242e-12,0.0,-0.8825000000046586
142,0.005,9999999999,0,200,-182.20514285714285,-0.9110257142857142,-1.0489216001048872e-11,0.0,-0.8610257142962033
143,0.005,9999999999,0,200,-181.69085714285714,-0.9084542857142858,-1.6303323430201712e-11,0.0,-0.858454285730589
144,0.005,9999999999,0,200,-180.01028571428571,-0.9000514285714286,-2.2063652573634886e-11,0.0,-0.8500514285934923
145,0.005,9999999999,0,200,-179.95314285714286,-0.8997657142857144,-2.7822153145639305e-11,0.0,-0.8497657143135365
146,0.005,9999999999,0,200,-179.96742857142857,-0.8998371428571429,-3.358111086050092e-11,-0.0,-0.849837142890724
147,0.005,9999999999,0,200,-179.53885714285715,-0.8976942857142858,-3.932635428964687e-11,0.0,-0.847694285753612
148,0.005,9999999999,0,200,-179.0817142857143,-0.8954085714285716,-4.505696914736278e-11,0.0,-0.8454085714736285
149,0.005,9999999999,0,200,-179.26742857142858,-0.8963371428571429,-5.0793526862222154e-11,-0.0,-0.8463371429079364
150,0.005,9999999999,0,200,-178.93885714285713,-0.8946942857142857,-5.651957029136618e-11,0.0,-0.8446942857708052
151,0.005,9999999999,0,200,-178.53885714285715,-0.8926942857142858,-6.223281372050894e-11,0.0,-0.8426942857765185
152,0.005,9999999999,0,200,-182.27657142857143,-0.9113828571428572,-6.80656640068065e-11,-0.0,-0.8613828572109228
153,0.005,9999999999,0,200,-181.67657142857144,-0.9083828571428572,-7.387931429310217e-11,0.0,-0.8583828572167365
154,0.005,9999999999,0,200,-182.77142857142857,-0.9138571428571429,-7.972800000797276e-11,-0.0,-0.8638571429368709
155,0.005,9999999999,0,200,-182.3,-0.9115000000000001,-8.556160000855612e-11,0.0,-0.8615000000855616
156,0.005,9999999999,0,200,-181.57142857142858,-0.9078571428571429,-9.137188572342286e-11,0.0,-0.8578571429485148
157,0.005,9999999999,0,200,-180.77142857142857,-0.9038571428571429,-9.715657143828705e-11,0.0,-0.8538571429542995
158,0.005,9999999999,0,200,-180.5,-0.9025,-1.0293257143886463e-10,0.0,-0.8525000001029325
159,0.005,9999999999,0,200,-179.4857142857143,-0.8974285714285715,-1.0867611429658185e-10,0.0,-0.8474285715372475
160,0.005,9999999999,0,200,-178.57142857142858,-0.8928571428571429,-1.1439040001143898e-10,0.0,-0.8428571429715332
161,0.005,9999999999,0,200,-177.4,-0.887,-1.2006720001200665e-10,0.0,-0.8370000001200671
162,0.005,9999999999,0,200,-176.42857142857142,-0.8821428571428571,-1.2571291429828553e-10,0.0,-0.83214285726857
163,0.005,9999999999,0,200,-175.82857142857142,-0.8791428571428571,-1.3133942858456248e-10,0.0,-0.8291428572741965
164,0.005,9999999999,0,200,-174.78571428571428,-0.8739285714285714,-1.3693257144226463e-10,0.0,-0.8239285715655039
165,0.005,9999999999,0,200,-173.95714285714286,-0.8697857142857143,-1.4249920001424987e-10,0.0,-0.8197857144282135
166,0.005,9999999999,0,200,-172.95714285714286,-0.8647857142857143,-1.4803382858623191e-10,0.0,-0.814785714433748
167,0.005,9999999999,0,200,-172.14285714285714,-0.8607142857142858,-1.535424000153542e-10,0.0,-0.8107142858678281
168,0.005,9999999999,0,200,-170.8,-0.8540000000000001,-1.5900800001590077e-10,0.0,-0.8040000001590081
169,0.005,9999999999,0,200,-169.67142857142858,-0.8483571428571429,-1.644374857307294e-10,0.0,-0.7983571430215803
170,0.005,9999999999,0,200,-168.45714285714286,-0.8422857142857143,-1.6982811430269706e-10,0.0,-0.7922857144555424
171,0.005,9999999999,0,200,-167.67142857142858,-0.8383571428571429,-1.751936000175193e-10,0.0,-0.7883571430323365
172,0.005,9999999999,0,200,-166.75714285714287,-0.8337857142857144,-1.805298285894815e-10,0.0,-0.7837857144662441
173,0.005,9999999999,0,200,-165.6,-0.828,-1.8582902859001144e-10,0.0,-0.7780000001858289
174,0.005,9999999999,0,200,-164.45714285714286,-0.8222857142857143,-1.9109165716196623e-10,0.0,-0.7722857144768059
175,0.005,9999999999,0,200,-163.2,-0.816,-1.963140571624885e-10,0.0,-0.766000000196314
176,0.005,9999999999,0,200,-162.01428571428573,-0.8100714285714287,-2.014985143058641e-10,0.0,-0.7600714287729271
177,0.005,9999999999,0,200,-160.8857142857143,-0.8044285714285715,-2.0664685716352181e-10,0.0,-0.7544285716352183
178,0.005,9999999999,0,200,-159.26228571428572,-0.7963114285714287,-2.1174325030688857e-10,0.0,-0.7463114287831719
179,0.005,9999999999,0,200,-158.02457142857145,-0.7901228571428572,-2.1680003659310852e-10,0.0,-0.7401228573596572
180,0.005,9999999999,0,200,-155.77257142857144,-0.7788628571428572,-2.217847588793213e-10,0.0,-0.728862857364642
181,0.005,9999999999,0,200,-153.67771428571427,-0.7683885714285714,-2.2670244573695593e-10,0.0,-0.7183885716552738
182,0.005,9999999999,0,200,-151.54,-0.7576999999999999,-2.3155172573744087e-10,0.0,-0.7077000002315517
183,0.005,9999999999,0,200,-149.47371428571427,-0.7473685714285714,-2.3633488459506205e-10,0.0,-0.6973685716649062
184,0.005,9999999999,0,200,-147.19314285714285,-0.7359657142857142,-2.410450651669616e-10,0.0,-0.6859657145267593
185,0.005,9999999999,0,200,-144.5982857142857,-0.7229914285714285,-2.4567221031028146e-10,0.0,-0.6729914288171007
186,0.005,9999999999,0,200,-142.03199999999998,-0.7101599999999999,-2.5021723431073596e-10,0.0,-0.660160000250217
187,0.005,9999999999,0,200,-139.53714285714287,-0.6976857142857144,-2.546824228826111e-10,0.0,-0.6476857145403967
188,0.005,9999999999,0,200,-136.85142857142858,-0.6842571428571429,-2.590616685973347e-10,0.0,-0.6342571431162045
189,0.005,9999999999,0,200,-134.48000000000002,-0.6724000000000001,-2.63365028597765e-10,0.0,-0.6224000002633651
190,0.005,9999999999,0,200,-132.33714285714285,-0.6616857142857143,-2.675998171696171e-10,0.0,-0.6116857145533141
191,0.005,9999999999,0,200,-129.50857142857143,-0.6475428571428572,-2.717440914557458e-10,0.0,-0.5975428574146012
192,0.005,9999999999,0,200,-125.66571428571429,-0.6283285714285715,-2.757653943132908e-10,0.0,-0.5783285717043368
193,0.005,9999999999,0,200,-122.39428571428573,-0.6119714285714286,-2.796820114565396e-10,0.0,-0.5619714288511106
194,0.005,9999999999,0,200,-118.66571428571429,-0.5933285714285714,-2.834793143140622e-10,0.0,-0.5433285717120507
195,0.005,9999999999,0,200,-115.10857142857142,-0.5755428571428571,-2.8716278860014487e-10,0.0,-0.5255428574300198
196,0.005,9999999999,0,200,-111.23714285714287,-0.5561857142857144,-2.9072237717192936e-10,0.0,-0.5061857145764367
197,0.005,9999999999,0,200,-107.03714285714285,-0.5351857142857143,-2.9414756574370043e-10,0.0,-0.48518571457986187
198,0.005,9999999999,0,200,-103.58,-0.5179,-2.974621257440319e-10,0.0,-0.4679000002974622
199,0.005,9999999999,0,200,-98.99428571428572,-0.4949714285714286,-3.006299428872058e-10,0.0,-0.4449714288720586
200,0.005,9999999999,0,200,-94.5942857142857,-0.47297142857142854,-3.036569600303656e-10,0.0,-0.4229714288750855
201,0.005,9999999999,0,200,-89.46571428571428,-0.4473285714285714,-3.065198628877948e-10,0.0,-0.3973285717350913
202,0.005,9999999999,0,200,-85.60857142857142,-0.4280428571428571,-3.0925933717378294e-10,0.0,-0.37804285745211647
203,0.005,9999999999,0,200,-80.5942857142857,-0.40297142857142854,-3.11838354316898e-10,0.0,-0.3529714288832669
204,0.005,9999999999,0,200,-76.03714285714285,-0.3801857142857143,-3.142715428885699e-10,0.0,-0.33018571459998586
205,0.005,9999999999,0,200,-70.09428571428572,-0.3504714285714286,-3.1651456003165126e-10,0.0,-0.30047142888794315
206,0.005,9999999999,0,200,-64.33714285714285,-0.32168571428571424,-3.185733486032858e-10,0.0,-0.2716857146042876
207,0.005,9999999999,0,200,-58.75142857142859,-0.29375714285714294,-3.2045339431775946e-10,0.0,-0.24375714317759634
208,0.005,9999999999,0,200,-52.12285714285716,-0.2606142857142858,-3.221213257464977e-10,0.0,-0.21061428603640714
209,0.005,9999999999,0,200,-45.99428571428572,-0.22997142857142863,-3.2359314288950204e-10,0.0,-0.17997142889502177
210,0.005,9999999999,0,200,-39.69428571428574,-0.19847142857142872,-3.2486336003248615e-10,0.0,-0.14847142889629206
211,0.005,9999999999,0,200,-33.5514285714286,-0.16775714285714302,-3.259370057468792e-10,0.0,-0.11775714318308002
212,0.005,9999999999,0,200,-26.251428571428562,-0.13125714285714282,-3.2677705146124896e-10,0.0,-0.08125714318391987
213,0.005,9999999999,0,200,-20.022857142857163,-0.10011428571428582,-3.274177828898845e-10,0.0,-0.05011428604170361
214,0.005,9999999999,0,200,-11.837142857142851,-0.05918571428571426,-3.2779657146135095e-10,0.0,-0.00918571461351083
215,0.005,9999999999,0,200,-4.5800000000000125,-0.022900000000000063,-3.279431314613656e-10,0.0,0.02709999967205681
216,0.005,9999999999,0,200,3.219999999999999,0.016099999999999996,-3.278400914613553e-10,0.0,0.0660999996721599
217,0.005,9999999999,0,200,11.619999999999976,0.05809999999999988,-3.2746825146131807e-10,0.0,0.10809999967253163
218,0.005,9999999999,0,200,21.062857142857155,0.10531428571428578,-3.2679424003267925e-10,0.0,0.15531428538749154
219,0.005,9999999999,0,200,31.77714285714282,0.1588857142857141,-3.25777371461149e-10,0.0,0.20888571395993671
220,0.005,9999999999,0,200,43.74857142857141,0.21874285714285704,-3.2437741717529474e-10,0.0,0.26874285681847965
221,0.005,9999999999,0,200,55.26285714285714,0.27631428571428573,-3.226090057465465e-10,0.0,0.32631428539167673
222,0.005,9999999999,0,200,65.94857142857143,0.3297428571428571,-3.2049865146062117e-10,0.0,0.3797428568223585
223,0.005,9999999999,0,200,78.94857142857143,0.3947428571428571,-3.179722971746543e-10,0.0,0.4447428568248848
224,0.005,9999999999,0,200,91.04857142857139,0.45524285714285695,-3.150587428886486e-10,0.0,0.5052428568277982
225,0.005,9999999999,0,200,105.13428571428568,0.5256714285714285,-3.116944457454551e-10,0.0,0.575671428259734
226,0.005,9999999999,0,200,119.79142857142858,0.598957142857143,-3.0786112003078604e-10,0.0,0.6489571425492819
227,0.005,9999999999,0,200,134.59142857142854,0.6729571428571427,-3.035541943160696e-10,0.0,0.7229571425535886
228,0.005,9999999999,0,200,150.03428571428566,0.7501714285714283,-2.9875309717273237e-10,0.0,0.8001714282726752
229,0.005,9999999999,0,200,165.92000000000002,0.8296000000000001,-2.9344365717220143e-10,0.0,0.8795999997065566
230,0.005,9999999999,0,200,181.66285714285715,0.9083142857142857,-2.8763044574304863e-10,0.0,0.9583142854266553
231,0.005,9999999999,0,200,199.76285714285717,0.9988142857142859,-2.8123803431383795e-10,0.0,1.0488142854330478
232,0.005,9999999999,0,200,220.07714285714286,1.1003857142857143,-2.7419556574170513e-10,0.0,1.1503857140115188
233,0.005,9999999999,0,200,239.33428571428573,1.1966714285714286,-2.6653686859808216e-10,0.0,1.2466714283048919
234,0.005,9999999999,0,200,257.84857142857146,1.2892428571428574,-2.5828571431154273e-10,0.0,1.3392428568845718
235,0.005,9999999999,0,200,272.57714285714286,1.3628857142857143,-2.495632457392419e-10,0.0,1.412885714036151
236,0.005,9999999999,0,200,290.2628571428571,1.4513142857142856,-2.4027483430974163e-10,0.0,1.5013142854740107
237,0.005,9999999999,0,200,307.52000000000004,1.5376000000000003,-2.3043419430875755e-10,0.0,1.5875999997695662
238,0.005,9999999999,0,200,320.77714285714296,1.6038857142857148,-2.2016932573630254e-10,0.0,1.6538857140655456
239,0.005,9999999999,0,200,330.1485714285715,1.6507428571428573,-2.0960457144953176e-10,0.0,1.7007428569332528
240,0.005,9999999999,0,200,335.2914285714286,1.6764571428571429,-1.988752457341731e-10,0.0,1.7264571426582678
241,0.005,9999999999,0,200,334.67714285714294,1.6733857142857147,-1.8816557716167357e-10,-0.0,1.7233857140975493
242,0.005,9999999999,0,200,330.62,1.6531,-1.7758573716061556e-10,-0.0,1.7030999998224143
243,0.005,9999999999,0,200,326.81999999999994,1.6340999999999997,-1.6712749715956975e-10,-0.0,1.6840999998328723
244,0.005,9999999999,0,200,321.4057142857142,1.6070285714285713,-1.568425143013984e-10,-0.0,1.6570285712717288
245,0.005,9999999999,0,200,315.22,1.5761000000000003,-1.4675547430038969e-10,-0.0,1.6260999998532448
246,0.005,9999999999,0,200,303.5057142857143,1.5175285714285716,-1.370432914422756e-10,-0.0,1.5675285712915283
247,0.005,9999999999,0,200,290.07714285714286,1.4503857142857144,-1.277608228699188e-10,-0.0,1.5003857141579535
248,0.005,9999999999,0,200,275.06285714285707,1.3753142857142853,-1.1895881144046718e-10,-0.0,1.4253142855953265
249,0.005,9999999999,0,200,261.2771428571428,1.306385714285714,-1.1059794286820251e-10,-0.0,1.356385714175116
250,0.005,9999999999,0,200,248.37714285714281,1.241885714285714,-1.0264987429597915e-10,-0.0,1.2918857141830642
251,0.005,9999999999,0,200,237.10571428571427,1.1855285714285715,-9.506249143807756e-11,-0.0,1.2355285713335091
252,0.005,9999999999,0,200,227.13428571428568,1.1356714285714284,-8.779419429449358e-11,-0.0,1.1856714284836343
253,0.005,9999999999,0,200,214.60571428571427,1.0730285714285714,-8.092681143666399e-11,-0.0,1.1230285713476447
254,0.005,9999999999,0,200,202.0057142857143,1.0100285714285715,-7.446262857887472e-11,-0.0,1.0600285713541089
255,0.005,9999999999,0,200,190.53428571428566,0.9526714285714283,-6.836553143540787e-11,-0.0,1.0026714285030627
256,0.005,9999999999,0,200,179.23428571428576,0.8961714285714288,-6.263003429197718e-11,-0.0,0.9461714285087989
257,0.005,9999999999,0,200,167.73942857142856,0.8386971428571428,-5.726237257715469e-11,-0.0,0.8886971427998804
258,0.005,9999999999,0,200,158.92514285714287,0.7946257142857144,-5.217676800521756e-11,-0.0,0.8446257142335376
259,0.005,9999999999,0,200,150.1017142857143,0.7505085714285715,-4.737351314759437e-11,-0.0,0.800508571381198
260,0.005,9999999999,0,200,141.93542857142853,0.7096771428571427,-4.2831579432854466e-11,-0.0,0.7596771428143111
261,0.005,9999999999,0,200,134.54057142857135,0.6727028571428568,-3.852628114670966e-11,-0.0,0.7227028571043306
262,0.005,9999999999,0,200,127.03142857142859,0.635157142857143,-3.4461275432017443e-11,-0.0,0.6851571428226817
263,0.005,9999999999,0,200,120.42228571428575,0.6021114285714287,-3.060776228877495e-11,-0.0,0.652111428540821
264,0.005,9999999999,0,200,113.72742857142856,0.5686371428571428,-2.6968484574125302e-11,-0.0,0.6186371428301743
265,0.005,9999999999,0,200,106.97542857142855,0.5348771428571427,-2.3545270859497265e-11,-0.0,0.5848771428335975
266,0.005,9999999999,0,200,100.35199999999998,0.5017599999999999,-2.0334006859176138e-11,-0.0,0.551759999979666
267,0.005,9999999999,0,200,95.43771428571432,0.47718857142857163,-1.728000000172788e-11,-0.0,0.5271885714112916
268,0.005,9999999999,0,200,89.85714285714283,0.4492857142857142,-1.4404571430011766e-11,-0.0,0.4992857142713096
269,0.005,9999999999,0,200,84.24285714285713,0.42121428571428565,-1.170880000117076e-11,-0.0,0.47121428570257684
270,0.005,9999999999,0,200,79.58571428571429,0.39792857142857146,-9.162057143773229e-12,-0.0,0.4479285714194094
271,0.005,9999999999,0,200,73.75714285714287,0.36878571428571433,-6.8018285721086345e-12,-0.0,0.4187857142789125
272,0.005,9999999999,0,200,67.80000000000001,0.3390000000000001,-4.632228571891674e-12,-0.0,0.38899999999536783
273,0.005,9999999999,0,200,62.157142857142844,0.3107857142857142,-2.6432000002641997e-12,-0.0,0.360785714283071
274,0.005,9999999999,0,200,56.21428571428572,0.28107142857142864,-8.44342857227171e-13,-0.0,0.3310714285705843
275,0.005,9999999999,0,200,51.242857142857105,0.2562142857142855,7.954285715082335e-13,-0.0,0.3062142857150809
276,0.005,9999999999,0,200,46.64285714285714,0.2332142857142857,2.2880000002289194e-12,-0.0,0.2832142857165737
277,0.005,9999999999,0,200,41.157142857142844,0.20578571428571424,3.605028571789193e-12,-0.0,0.2557857142893193
278,0.005,9999999999,0,200,36.18571428571431,0.18092857142857155,4.762971429047846e-12,-0.0,0.2309285714333345
279,0.005,9999999999,0,200,31.342857142857156,0.15671428571428578,5.765942857719572e-12,-0.0,0.20671428572005174
280,0.005,9999999999,0,200,26.05714285714288,0.1302857142857144,6.599771429231528e-12,-0.0,0.18028571429231416
281,0.005,9999999999,0,200,21.285714285714278,0.10642857142857139,7.280914286442498e-12,-0.0,0.15642857143585231
282,0.005,9999999999,0,200,16.485714285714266,0.08242857142857134,7.80845714363811e-12,-0.0,0.13242857143637982
283,0.005,9999999999,0,200,11.642857142857139,0.0582142857142857,8.181028572246795e-12,-0.0,0.10821428572246672
284,0.005,9999999999,0,200,7.371428571428567,0.03685714285714283,8.416914286556098e-12,-0.0,0.08685714286555975
285,0.005,9999999999,0,200,2.528571428571439,0.012642857142857195,8.497828572278476e-12,-0.0,0.06264285715135502
286,0.005,9999999999,0,200,-1.7285714285714278,-0.00864285714285714,8.44251428655866e-12,-0.0,0.04135714286558538
287,0.005,9999999999,0,200,-6.1142857142857,-0.0305714285714285,8.246857143681951e-12,-0.0,0.01942857143681836
288,0.005,9999999999,0,200,-10.842857142857156,-0.05421428571428578,7.899885715075826e-12,-0.0,-0.0042142857063858855
289,0.005,9999999999,0,200,-15.185714285714283,-0.07592857142857141,7.413942857884375e-12,-0.0,-0.025928571421157467
290,0.005,9999999999,0,200,-19.599999999999994,-0.09799999999999998,6.786742857821654e-12,-0.0,-0.047999999993213235
291,0.005,9999999999,0,200,-23.071428571428584,-0.11535714285714292,6.048457143462111e-12,-0.0,-0.06535714285109447
292,0.005,9999999999,0,200,-26.571428571428584,-0.13285714285714292,5.198171429091368e-12,-0.0,-0.08285714285194475
293,0.005,9999999999,0,200,-30.31428571428569,-0.15157142857142844,4.22811428613722e-12,-0.0,-0.10157142856720032
294,0.005,9999999999,0,200,-33.62857142857143,-0.16814285714285718,3.1520000003153233e-12,-0.0,-0.11814285713970517
295,0.005,9999999999,0,200,-36.74285714285716,-0.1837142857142858,1.976228571626317e-12,-0.0,-0.1337142857123096
296,0.005,9999999999,0,200,-40.70000000000002,-0.2035000000000001,6.738285714960769e-13,-0.0,-0.1534999999993263
297,0.005,9999999999,0,200,-43.70000000000002,-0.21850000000000008,-7.245714286437637e-13,-0.0,-0.16850000000072463
298,0.005,9999999999,0,200,-46.22857142857143,-0.23114285714285715,-2.2038857145059806e-12,-0.0,-0.181142857145061
299,0.005,9999999999,0,200,-48.985714285714295,-0.24492857142857147,-3.771428571805593e-12,-0.0,-0.19492857143234288
