step,K,T_I,T_D,target,error,P,I,D,ds,left speed,right speed
0,0.0025,9999999999,0,200,-49.73714285714286,-0.12434285714285714,-7.957942857938652e-13,-0.0,-0.07434285714365294
1,0.0025,9999999999,0,200,-49.45142857142858,-0.12362857142857145,-1.5870171430158447e-12,0.0,-0.07362857143015847
2,0.0025,9999999999,0,200,-51.45142857142858,-0.12862857142857145,-2.410240000241024e-12,-0.0,-0.07862857143098169
3,0.0025,9999999999,0,200,-49.73714285714286,-0.12434285714285714,-3.2060342860348897e-12,0.0,-0.07434285714606317
4,0.0025,9999999999,0,200,-49.880000000000024,-0.12470000000000006,-4.004114286114698e-12,-0.0,-0.07470000000400417
5,0.0025,9999999999,0,200,-50.1657142857143,-0.12541428571428576,-4.806765714766392e-12,-0.0,-0.07541428571909252
6,0.0025,9999999999,0,200,-50.02285714285716,-0.12505714285714292,-5.6071314291321426e-12,0.0,-0.07505714286275005
7,0.0025,9999999999,0,200,-49.45142857142858,-0.12362857142857145,-6.398354286354123e-12,0.0,-0.0736285714349698
8,0.0025,9999999999,0,200,-49.880000000000024,-0.12470000000000006,-7.196434286433931e-12,-0.0,-0.0747000000071965
9,0.0025,9999999999,0,200,-50.02285714285716,-0.12505714285714292,-7.996800000799683e-12,-0.0,-0.07505714286513972
10,0.0025,9999999999,0,200,-45.880000000000024,-0.11470000000000007,-8.73088000087309e-12,0.0,-0.06470000000873094
11,0.0025,9999999999,0,200,-50.1657142857143,-0.12541428571428576,-9.533531429524785e-12,-0.0,-0.0754142857238193
12,0.0025,9999999999,0,200,-50.1657142857143,-0.12541428571428576,-1.0336182858176477e-11,0.0,-0.07541428572462193
13,0.0025,9999999999,0,200,-50.880000000000024,-0.12720000000000006,-1.1150262858257886e-11,-0.0,-0.07720000001115034
14,0.0025,9999999999,0,200,-51.880000000000024,-0.12970000000000007,-1.1980342858340895e-11,-0.0,-0.0797000000119804
15,0.0025,9999999999,0,200,-52.880000000000024,-0.13220000000000007,-1.2826422858425502e-11,-0.0,-0.0822000000128265
16,0.0025,9999999999,0,200,-46.880000000000024,-0.11720000000000007,-1.3576502858500512e-11,0.0,-0.06720000001357657
17,0.0025,9999999999,0,200,-54.16571428571427,-0.13541428571428568,-1.4443154287158607e-11,-0.0,-0.08541428572872882
18,0.0025,9999999999,0,200,-55.30857142857141,-0.13827142857142855,-1.532809143010424e-11,-0.0,-0.08827142858675664
19,0.0025,9999999999,0,200,-56.16571428571427,-0.14041428571428569,-1.6226742858765536e-11,-0.0,-0.09041428573051243
20,0.0025,9999999999,0,200,-58.022857142857134,-0.14505714285714283,-1.7155108573144085e-11,-0.0,-0.09505714287429794
21,0.0025,9999999999,0,200,-58.16571428571427,-0.1454142857142857,-1.808576000180858e-11,-0.0,-0.09541428573237144
22,0.0025,9999999999,0,200,-57.73714285714286,-0.14434285714285713,-1.9009554287615247e-11,0.0,-0.09434285716186668
23,0.0025,9999999999,0,200,-57.30857142857141,-0.14327142857142852,-1.9926491430564084e-11,0.0,-0.09327142859135502
24,0.0025,9999999999,0,200,-58.30857142857141,-0.14577142857142852,-2.085942857351452e-11,-0.0,-0.09577142859228795
25,0.0025,9999999999,0,200,-63.30857142857141,-0.15827142857142854,-2.1872365716472956e-11,-0.0,-0.1082714285933009
26,0.0025,9999999999,0,200,-59.879999999999995,-0.1497,-2.2830445716568766e-11,0.0,-0.09970000002283043
27,0.0025,9999999999,0,200,-63.59428571428572,-0.15898571428571429,-2.384795428809909e-11,-0.0,-0.10898571430956223
28,0.0025,9999999999,0,200,-65.16571428571427,-0.16291428571428568,-2.489060571677478e-11,-0.0,-0.11291428573917629
29,0.0025,9999999999,0,200,-61.59428571428572,-0.1539857142857143,-2.5876114288301903e-11,0.0,-0.10398571431159041
30,0.0025,9999999999,0,200,-61.30857142857141,-0.15327142857142853,-2.6857051431257138e-11,0.0,-0.10327142859828557
31,0.0025,9999999999,0,200,-62.16571428571427,-0.1554142857142857,-2.7851702859928034e-11,-0.0,-0.10541428574213739
32,0.0025,9999999999,0,200,-62.879999999999995,-0.15719999999999998,-2.8857782860028643e-11,-0.0,-0.10720000002885775
33,0.0025,9999999999,0,200,-62.73714285714286,-0.15684285714285714,-2.986157714584331e-11,0.0,-0.10684285717271873
34,0.0025,9999999999,0,200,-63.45142857142858,-0.15862857142857145,-3.0876800003087686e-11,-0.0,-0.10862857145944825
35,0.0025,9999999999,0,200,-65.30857142857141,-0.16327142857142854,-3.192173714604933e-11,-0.0,-0.11327142860335028
36,0.0025,9999999999,0,200,-63.30857142857141,-0.15827142857142854,-3.293467428900776e-11,0.0,-0.10827142860436322
37,0.0025,9999999999,0,200,-64.59428571428572,-0.1614857142857143,-3.3968182860539686e-11,-0.0,-0.11148571431968247
38,0.0025,9999999999,0,200,-64.02285714285713,-0.16005714285714284,-3.499254857492784e-11,0.0,-0.11005714289213538
39,0.0025,9999999999,0,200,-64.88,-0.16219999999999998,-3.603062857503164e-11,-0.0,-0.1122000000360306
40,0.0025,9999999999,0,200,-64.73714285714286,-0.16184285714285715,-3.706642286084951e-11,0.0,-0.11184285717992358
41,0.0025,9999999999,0,200,-65.16571428571427,-0.16291428571428568,-3.810907428952521e-11,-0.0,-0.11291428575239475
42,0.0025,9999999999,0,200,-65.16571428571427,-0.16291428571428568,-3.91517257182009e-11,0.0,-0.11291428575343741
43,0.0025,9999999999,0,200,-70.16571428571427,-0.1754142857142857,-4.027437714688461e-11,-0.0,-0.12541428575456004
44,0.0025,9999999999,0,200,-66.30857142857141,-0.16577142857142854,-4.133531428984784e-11,0.0,-0.11577142861276386
45,0.0025,9999999999,0,200,-66.30857142857141,-0.16577142857142854,-4.2396251432811073e-11,0.0,-0.11577142861382479
46,0.0025,9999999999,0,200,-66.59428571428572,-0.1664857142857143,-4.3461760004346194e-11,-0.0,-0.11648571432917605
47,0.0025,9999999999,0,200,-66.88,-0.1672,-4.453184000445321e-11,-0.0,-0.11720000004453184
48,0.0025,9999999999,0,200,-66.30857142857141,-0.16577142857142854,-4.559277714741644e-11,0.0,-0.11577142861702132
49,0.0025,9999999999,0,200,-68.02285714285713,-0.17005714285714285,-4.668114286181098e-11,-0.0,-0.12005714290382398
50,0.0025,9999999999,0,200,-68.45142857142858,-0.17112857142857146,-4.777636571906337e-11,-0.0,-0.12112857147634783
51,0.0025,9999999999,0,200,-67.45142857142858,-0.16862857142857146,-4.8855588576314154e-11,0.0,-0.11862857147742704
52,0.0025,9999999999,0,200,-67.30857142857141,-0.16827142857142854,-4.9932525719278985e-11,0.0,-0.11827142862136107
53,0.0025,9999999999,0,200,-67.88,-0.1697,-5.1018605719387597e-11,-0.0,-0.11970000005101859
54,0.0025,9999999999,0,200,-68.16571428571427,-0.17041428571428568,-5.210925714806808e-11,-0.0,-0.12041428576639494
55,0.0025,9999999999,0,200,-68.02285714285713,-0.17005714285714285,-5.3197622862462636e-11,0.0,-0.12005714291034046
56,0.0025,9999999999,0,200,-67.73714285714286,-0.16934285714285716,-5.42814171482853e-11,0.0,-0.11934285719713857
57,0.0025,9999999999,0,200,-72.02285714285713,-0.18005714285714283,-5.543378286268625e-11,-0.0,-0.13005714291257664
58,0.0025,9999999999,0,200,-68.30857142857141,-0.17077142857142855,-5.65267200056527e-11,0.0,-0.12077142862795527
59,0.0025,9999999999,0,200,-68.45142857142858,-0.17112857142857146,-5.762194286290507e-11,-0.0,-0.1211285714861934
60,0.0025,9999999999,0,200,-68.88,-0.1722,-5.872402286301528e-11,-0.0,-0.12220000005872401
61,0.0025,9999999999,0,200,-68.02285714285713,-0.17005714285714285,-5.981238857740983e-11,0.0,-0.12005714291695523
62,0.0025,9999999999,0,200,-66.88,-0.1672,-6.088246857751684e-11,0.0,-0.11720000006088245
63,0.0025,9999999999,0,200,-67.16571428571427,-0.16791428571428568,-6.195712000619573e-11,-0.0,-0.11791428577624281
64,0.0025,9999999999,0,200,-67.30857142857141,-0.16827142857142854,-6.303405714916057e-11,-0.0,-0.11827142863446259
65,0.0025,9999999999,0,200,-67.16571428571427,-0.16791428571428568,-6.410870857783947e-11,0.0,-0.1179142857783944
66,0.0025,9999999999,0,200,-68.88,-0.1722,-6.521078857794968e-11,-0.0,-0.12220000006521077
67,0.0025,9999999999,0,200,-67.30857142857141,-0.16827142857142854,-6.628772572091451e-11,0.0,-0.11827142863771627
68,0.0025,9999999999,0,200,-66.73714285714286,-0.16684285714285715,-6.735552000673558e-11,0.0,-0.11684285721021266
69,0.0025,9999999999,0,200,-67.16571428571427,-0.16791428571428568,-6.843017143541448e-11,-0.0,-0.11791428578271586
70,0.0025,9999999999,0,200,-67.45142857142858,-0.16862857142857146,-6.950939429266525e-11,-0.0,-0.11862857149808086
71,0.0025,9999999999,0,200,-66.88,-0.1672,-7.057947429277226e-11,0.0,-0.11720000007057947
72,0.0025,9999999999,0,200,-66.88,-0.1672,-7.164955429287928e-11,0.0,-0.11720000007164953
73,0.0025,9999999999,0,200,-67.59428571428572,-0.1689857142857143,-7.273106286441599e-11,-0.0,-0.11898571435844536
74,0.0025,9999999999,0,200,-66.02285714285713,-0.16505714285714285,-7.378742857880735e-11,0.0,-0.11505714293093026
75,0.0025,9999999999,0,200,-66.45142857142858,-0.16612857142857146,-7.485065143605653e-11,-0.0,-0.11612857150342211
76,0.0025,9999999999,0,200,-66.30857142857141,-0.16577142857142854,-7.591158857901977e-11,0.0,-0.11577142864734012
77,0.0025,9999999999,0,200,-66.45142857142858,-0.16612857142857146,-7.697481143626896e-11,-0.0,-0.11612857150554627
78,0.0025,9999999999,0,200,-66.30857142857141,-0.16577142857142854,-7.803574857923219e-11,0.0,-0.11577142864946428
79,0.0025,9999999999,0,200,-66.02285714285713,-0.16505714285714285,-7.909211429362354e-11,0.0,-0.11505714293623497
80,0.0025,9999999999,0,200,-66.02285714285713,-0.16505714285714285,-8.01484800080149e-11,0.0,-0.11505714293729132
81,0.0025,9999999999,0,200,-65.88,-0.16469999999999999,-8.12025600081203e-11,0.0,-0.11470000008120255
82,0.0025,9999999999,0,200,-65.88,-0.16469999999999999,-8.225664000822571e-11,0.0,-0.11470000008225663
83,0.0025,9999999999,0,200,-66.16571428571427,-0.16541428571428568,-8.3315291436903e-11,-0.0,-0.11541428579760098
84,0.0025,9999999999,0,200,-66.02285714285713,-0.16505714285714285,-8.437165715129435e-11,0.0,-0.11505714294151449
85,0.0025,9999999999,0,200,-66.30857142857141,-0.16577142857142854,-8.543259429425758e-11,-0.0,-0.11577142865686114
86,0.0025,9999999999,0,200,-65.73714285714286,-0.16434285714285715,-8.648438858007705e-11,0.0,-0.11434285722934152
87,0.0025,9999999999,0,200,-65.45142857142858,-0.16362857142857146,-8.753161143732463e-11,0.0,-0.11362857151610307
88,0.0025,9999999999,0,200,-66.02285714285713,-0.16505714285714285,-8.858797715171598e-11,-0.0,-0.11505714294573081
89,0.0025,9999999999,0,200,-65.45142857142858,-0.16362857142857146,-8.963520000896356e-11,0.0,-0.11362857151820664
90,0.0025,9999999999,0,200,-65.59428571428572,-0.1639857142857143,-9.06847085804971e-11,-0.0,-0.113985714376399
91,0.0025,9999999999,0,200,-63.45142857142858,-0.15862857142857145,-9.169993143774147e-11,0.0,-0.10862857152027137
92,0.0025,9999999999,0,200,-65.59428571428572,-0.1639857142857143,-9.2749440009275e-11,-0.0,-0.11398571437846373
93,0.0025,9999999999,0,200,-66.16571428571427,-0.16541428571428568,-9.380809143795229e-11,-0.0,-0.11541428580809378
94,0.0025,9999999999,0,200,-66.16571428571427,-0.16541428571428568,-9.486674286662956e-11,0.0,-0.11541428580915243
95,0.0025,9999999999,0,200,-66.45142857142858,-0.16612857142857146,-9.592996572387875e-11,-0.0,-0.11612857152450141
96,0.0025,9999999999,0,200,-66.59428571428572,-0.1664857142857143,-9.699547429541387e-11,-0.0,-0.11648571438270976
97,0.0025,9999999999,0,200,-67.30857142857141,-0.16827142857142854,-9.807241143837872e-11,-0.0,-0.11827142866950095
98,0.0025,9999999999,0,200,-67.02285714285713,-0.16755714285714285,-9.914477715277167e-11,0.0,-0.11755714295628762
99,0.0025,9999999999,0,200,-67.73714285714286,-0.16934285714285716,-1.0022857143859433e-10,-0.0,-0.11934285724308573
100,0.0025,9999999999,0,200,-68.30857142857141,-0.17077142857142855,-1.0132150858156075e-10,-0.0,-0.12077142867275005
101,0.0025,9999999999,0,200,-68.88,-0.1722,-1.0242358858167096e-10,-0.0,-0.12220000010242359
102,0.0025,9999999999,0,200,-69.30857142857141,-0.17327142857142852,-1.0353252572463902e-10,-0.0,-0.12327142867496103
103,0.0025,9999999999,0,200,-70.16571428571427,-0.1754142857142857,-1.046551771533227e-10,-0.0,-0.12541428581894087
104,0.0025,9999999999,0,200,-70.16571428571427,-0.1754142857142857,-1.0577782858200641e-10,0.0,-0.12541428582006353
105,0.0025,9999999999,0,200,-70.16571428571427,-0.1754142857142857,-1.0690048001069009e-10,0.0,-0.1254142858211862
106,0.0025,9999999999,0,200,-76.16571428571429,-0.19041428571428573,-1.0811913143938338e-10,-0.0,-0.14041428582240484
107,0.0025,9999999999,0,200,-70.16571428571427,-0.1754142857142857,-1.0924178286806709e-10,0.0,-0.12541428582352748
108,0.0025,9999999999,0,200,-69.45142857142858,-0.17362857142857144,-1.1035300572532107e-10,0.0,-0.12362857153892444
109,0.0025,9999999999,0,200,-68.73714285714286,-0.17184285714285716,-1.1145280001114533e-10,0.0,-0.12184285725430995
110,0.0025,9999999999,0,200,-68.30857142857141,-0.17077142857142855,-1.1254573715411176e-10,0.0,-0.1207714286839743
111,0.0025,9999999999,0,200,-73.73714285714286,-0.18434285714285714,-1.1372553143994403e-10,-0.0,-0.13434285725658268
112,0.0025,9999999999,0,200,-67.45142857142858,-0.16862857142857146,-1.148047542971948e-10,0.0,-0.11862857154337621
113,0.0025,9999999999,0,200,-67.16571428571427,-0.16791428571428568,-1.1587940572587369e-10,0.0,-0.1179142858301651
114,0.0025,9999999999,0,200,-68.45142857142858,-0.17112857142857146,-1.1697462858312608e-10,-0.0,-0.12112857154554608
115,0.0025,9999999999,0,200,-66.16571428571427,-0.16541428571428568,-1.1803328001180336e-10,0.0,-0.11541428583231896
116,0.0025,9999999999,0,200,-64.59428571428572,-0.1614857142857143,-1.1906678858333528e-10,0.0,-0.11148571440478107
117,0.0025,9999999999,0,200,-62.45142857142858,-0.15612857142857145,-1.2006601144057807e-10,0.0,-0.10612857154863746
118,0.0025,9999999999,0,200,-60.30857142857141,-0.15077142857142853,-1.210309485835317e-10,0.0,-0.10077142869245946
119,0.0025,9999999999,0,200,-57.45142857142858,-0.14362857142857144,-1.2195017144076648e-10,0.0,-0.09362857155052161
120,0.0025,9999999999,0,200,-56.30857142857141,-0.14077142857142852,-1.2285110858371371e-10,0.0,-0.09077142869427964
121,0.0025,9999999999,0,200,-54.879999999999995,-0.1372,-1.237291885838015e-10,0.0,-0.08720000012372918
122,0.0025,9999999999,0,200,-47.59428571428572,-0.11898571428571429,-1.2449069715530625e-10,0.0,-0.06898571441020498
123,0.0025,9999999999,0,200,-51.30857142857141,-0.12827142857142854,-1.2531163429824548e-10,-0.0,-0.07827142869674016
124,0.0025,9999999999,0,200,-49.16571428571427,-0.12291428571428568,-1.2609828572689558e-10,0.0,-0.07291428584038397
125,0.0025,9999999999,0,200,-50.16571428571427,-0.12541428571428567,-1.2690093715554727e-10,-0.0,-0.0754142858411866
126,0.0025,9999999999,0,200,-45.73714285714283,-0.11434285714285708,-1.2763273144133473e-10,0.0,-0.06434285727048981
127,0.0025,9999999999,0,200,-45.16571428571427,-0.11291428571428569,-1.2835538286997844e-10,0.0,-0.06291428584264107
128,0.0025,9999999999,0,200,-43.02285714285716,-0.1075571428571429,-1.29043748584333e-10,0.0,-0.05755714298618665
129,0.0025,9999999999,0,200,-44.59428571428569,-0.11148571428571423,-1.297572571558329e-10,-0.0,-0.06148571441547149
130,0.0025,9999999999,0,200,-39.73714285714286,-0.09934285714285715,-1.3039305144161078e-10,0.0,-0.049342857273250204
131,0.0025,9999999999,0,200,-36.30857142857144,-0.0907714285714286,-1.3097398858452603e-10,0.0,-0.04077142870240258
132,0.0025,9999999999,0,200,-35.45142857142858,-0.08862857142857145,-1.3154121144172561e-10,0.0,-0.03862857156011265
133,0.0025,9999999999,0,200,-30.594285714285718,-0.0764857142857143,-1.3203072001320313e-10,0.0,-0.026485714417745013
134,0.0025,9999999999,0,200,-30.880000000000024,-0.07720000000000006,-1.3252480001325255e-10,-0.0,-0.027200000132524854
135,0.0025,9999999999,0,200,-29.30857142857144,-0.0732714285714286,-1.3299373715615655e-10,0.0,-0.023271428704422337
136,0.0025,9999999999,0,200,-29.022857142857163,-0.0725571428571429,-1.3345810287048871e-10,0.0,-0.022557142990601006
137,0.0025,9999999999,0,200,-25.1657142857143,-0.06291428571428576,-1.3386075429910042e-10,0.0,-0.012914285848146509
138,0.0025,9999999999,0,200,-22.30857142857144,-0.055771428571428604,-1.3421769144199325e-10,0.0,-0.0057714287056462935
139,0.0025,9999999999,0,200,-25.30857142857144,-0.0632714285714286,-1.3462262858489087e-10,-0.0,-0.013271428706051233
140,0.0025,9999999999,0,200,-17.022857142857163,-0.042557142857142904,-1.3489499429920383e-10,0.0,0.007442857007962107
141,0.0025,9999999999,0,200,-16.45142857142858,-0.04112857142857145,-1.35158217156373e-10,0.0,0.008871428436270333
142,0.0025,9999999999,0,200,-15.30857142857144,-0.0382714285714286,-1.3540315429925465e-10,0.0,0.011728571293168247
143,0.0025,9999999999,0,200,-17.594285714285718,-0.043985714285714295,-1.3568466287071136e-10,-0.0,0.006014285578601043
144,0.0025,9999999999,0,200,-3.1657142857143015,-0.007914285714285754,-1.3573531429928784e-10,0.0,0.042085714149978935
145,0.0025,9999999999,0,200,-6.451428571428579,-0.016128571428571447,-1.3583853715644105e-10,-0.0,0.03387142843559002
146,0.0025,9999999999,0,200,-3.594285714285718,-0.008985714285714295,-1.3589604572787536e-10,0.0,0.04101428557838966
147,0.0025,9999999999,0,200,-5.737142857142857,-0.014342857142857142,-1.3598784001359883e-10,-0.0,0.03565714272115502
148,0.0025,9999999999,0,200,-3.451428571428579,-0.008628571428571447,-1.360430628707472e-10,0.0,0.04137142843538549
149,0.0025,9999999999,0,200,1.2628571428571433,0.0031571428571428584,-1.3602285715645948e-10,0.0,0.05315714272112
150,0.0025,9999999999,0,200,2.548571428571421,0.006371428571428552,-1.3598208001359827e-10,0.0,0.05637142843544647
151,0.0025,9999999999,0,200,1.2628571428571433,0.0031571428571428584,-1.3596187429931055e-10,-0.0,0.05315714272118099
152,0.0025,9999999999,0,200,8.262857142857143,0.02065714285714286,-1.358296685850116e-10,0.0,0.0706571427213132
153,0.0025,9999999999,0,200,13.69142857142856,0.0342285714285714,-1.3561060572784686e-10,0.0,0.0842285712929608
154,0.0025,9999999999,0,200,13.119999999999976,0.03279999999999994,-1.3540068572782585e-10,-0.0,0.08279999986459927
155,0.0025,9999999999,0,200,19.8342857142857,0.04958571428571425,-1.3508333715636554e-10,0.0,0.09958571415063092
156,0.0025,9999999999,0,200,21.8342857142857,0.054585714285714244,-1.3473398858490203e-10,0.0,0.10458571415098025
157,0.0025,9999999999,0,200,23.119999999999976,0.05779999999999994,-1.3436406858486504e-10,0.0,0.10779999986563588
158,0.0025,9999999999,0,200,23.119999999999976,0.05779999999999994,-1.3399414858482803e-10,0.0,0.1077999998660058
159,0.0025,9999999999,0,200,26.8342857142857,0.06708571428571425,-1.3356480001335654e-10,0.0,0.11708571415214945
160,0.0025,9999999999,0,200,29.119999999999976,0.07279999999999995,-1.3309888001330992e-10,0.0,0.12279999986690107
161,0.0025,9999999999,0,200,32.40571428571428,0.0810142857142857,-1.3258038858468666e-10,0.0,0.1310142855817053
162,0.0025,9999999999,0,200,37.8342857142857,0.09458571428571425,-1.3197504001319754e-10,0.0,0.14458571415373922
163,0.0025,9999999999,0,200,39.26285714285714,0.09815714285714286,-1.3134683429884902e-10,0.0,0.14815714272579603
164,0.0025,9999999999,0,200,42.119999999999976,0.10529999999999995,-1.306729142987816e-10,0.0,0.15529999986932702
165,0.0025,9999999999,0,200,42.119999999999976,0.10529999999999995,-1.2999899429871422e-10,0.0,0.15529999987000095
166,0.0025,9999999999,0,200,45.54857142857142,0.11387142857142855,-1.2927021715578416e-10,0.0,0.16387142844215835
167,0.0025,9999999999,0,200,47.97714285714284,0.1199428571428571,-1.2850258286999313e-10,0.0,0.16994285701435452
168,0.0025,9999999999,0,200,48.54857142857142,0.12137142857142856,-1.2772580572705832e-10,0.0,0.17137142844370276
169,0.0025,9999999999,0,200,52.26285714285714,0.13065714285714286,-1.2688960001268897e-10,0.0,0.18065714273025324
170,0.0025,9999999999,0,200,55.119999999999976,0.13779999999999995,-1.260076800126008e-10,0.0,0.18779999987399226
171,0.0025,9999999999,0,200,57.83428571428573,0.14458571428571432,-1.250823314410797e-10,0.0,0.19458571416063197
172,0.0025,9999999999,0,200,60.262857142857115,0.1506571428571428,-1.2411812572669756e-10,0.0,0.20065714273302465
173,0.0025,9999999999,0,200,57.262857142857115,0.1431571428571428,-1.232019200123202e-10,-0.0,0.19315714273394086
174,0.0025,9999999999,0,200,65.12,0.16280000000000003,-1.2216000001221603e-10,0.0,0.21279999987784004
175,0.0025,9999999999,0,200,69.40571428571428,0.1735142857142857,-1.2104950858353357e-10,0.0,0.22351428559323622
176,0.0025,9999999999,0,200,71.69142857142856,0.1792285714285714,-1.19902445726276e-10,0.0,0.22922857130866897
177,0.0025,9999999999,0,200,68.54857142857139,0.17137142857142848,-1.1880566858330916e-10,-0.0,0.2213714284526228
178,0.0025,9999999999,0,200,70.97714285714284,0.1774428571428571,-1.1767003429748134e-10,0.0,0.22744285702518707
179,0.0025,9999999999,0,200,73.40571428571428,0.1835142857142857,-1.1649554286879246e-10,0.0,0.2335142855977902
180,0.0025,9999999999,0,200,76.97714285714284,0.1924428571428571,-1.1526390858295501e-10,0.0,0.24244285702759322
181,0.0025,9999999999,0,200,77.83428571428573,0.19458571428571433,-1.1401856001140192e-10,0.0,0.24458571417169578
182,0.0025,9999999999,0,200,78.83428571428573,0.1970857142857143,-1.1275721143984721e-10,0.0,0.2470857141729571
183,0.0025,9999999999,0,200,79.26285714285711,0.19815714285714278,-1.1148900572543468e-10,0.0,0.24815714274565376
184,0.0025,9999999999,0,200,79.83428571428573,0.1995857142857143,-1.1021165715387836e-10,0.0,0.24958571417550268
185,0.0025,9999999999,0,200,82.97714285714284,0.2074428571428571,-1.0888402286803131e-10,0.0,0.25744285703397307
186,0.0025,9999999999,0,200,86.40571428571428,0.21601428571428571,-1.0750153143932165e-10,0.0,0.2660142856067842
187,0.0025,9999999999,0,200,90.12,0.22530000000000003,-1.0605961143917745e-10,0.0,0.27529999989394044
188,0.0025,9999999999,0,200,85.69142857142856,0.2142285714285714,-1.0468854858189749e-10,-0.0,0.2642285713238829
189,0.0025,9999999999,0,200,92.26285714285711,0.23065714285714278,-1.0321234286746415e-10,0.0,0.28065714275393044
190,0.0025,9999999999,0,200,93.40571428571428,0.2335142857142857,-1.0171785143874327e-10,0.0,0.28351428561256786
191,0.0025,9999999999,0,200,90.54857142857139,0.22637142857142847,-1.0026907429574127e-10,-0.0,0.2763714284711594
192,0.0025,9999999999,0,200,94.40571428571428,0.2360142857142857,-9.875858286701879e-11,0.0,0.2860142856155271
193,0.0025,9999999999,0,200,97.26285714285717,0.24315714285714293,-9.720237715257745e-11,0.0,0.29315714275994054
194,0.0025,9999999999,0,200,95.83428571428573,0.23958571428571432,-9.566902858099554e-11,-0.0,0.2895857141900453
195,0.0025,9999999999,0,200,95.54857142857145,0.23887142857142862,-9.414025143798552e-11,-0.0,0.28887142847728836
196,0.0025,9999999999,0,200,96.40571428571428,0.2410142857142857,-9.259776000925986e-11,0.0,0.29101428562168796
197,0.0025,9999999999,0,200,96.83428571428573,0.24208571428571432,-9.104841143767635e-11,0.0,0.2920857141946659
198,0.0025,9999999999,0,200,98.54857142857145,0.24637142857142863,-8.947163429466154e-11,0.0,0.296371428481957
199,0.0025,9999999999,0,200,103.9771428571429,0.25994285714285725,-8.780800000878088e-11,0.0,0.30994285705504926
200,0.0025,9999999999,0,200,97.83428571428573,0.24458571428571432,-8.62426514371958e-11,-0.0,0.29458571419947166
201,0.0025,9999999999,0,200,98.69142857142862,0.24672857142857155,-8.466358857989502e-11,0.0,0.29672857134390795
202,0.0025,9999999999,0,200,97.40571428571428,0.2435142857142857,-8.310509715116774e-11,-0.0,0.2935142856311806
203,0.0025,9999999999,0,200,97.54857142857145,0.24387142857142863,-8.154432000815451e-11,0.0,0.2938714284898843
204,0.0025,9999999999,0,200,96.83428571428573,0.24208571428571432,-7.999497143657102e-11,-0.0,0.2920857142057193
205,0.0025,9999999999,0,200,97.26285714285717,0.24315714285714293,-7.843876572212968e-11,0.0,0.2931571427787042
206,0.0025,9999999999,0,200,97.40571428571428,0.2435142857142857,-7.68802742934024e-11,0.0,0.29351428563740545
207,0.0025,9999999999,0,200,94.83428571428573,0.23708571428571432,-7.53629257218221e-11,-0.0,0.2870857142103514
208,0.0025,9999999999,0,200,94.54857142857145,0.23637142857142862,-7.385014857881368e-11,-0.0,0.28637142849757846
209,0.0025,9999999999,0,200,95.40571428571428,0.2385142857142857,-7.23236571500896e-11,0.0,0.2885142856419621
210,0.0025,9999999999,0,200,94.12,0.2353,-7.0817737149939e-11,-0.0,0.28529999992918226
211,0.0025,9999999999,0,200,91.83428571428573,0.2295857142857143,-6.93483885783635e-11,-0.0,0.2795857142163659
212,0.0025,9999999999,0,200,90.97714285714284,0.22744285714285709,-6.789275429250365e-11,-0.0,0.27744285707496436
213,0.0025,9999999999,0,200,91.40571428571428,0.2285142857142857,-6.643026286378597e-11,0.0,0.27851428564785546
214,0.0025,9999999999,0,200,90.40571428571428,0.22601428571428572,-6.49837714350699e-11,-0.0,0.27601428564930197
215,0.0025,9999999999,0,200,87.12,0.21780000000000002,-6.35898514349305e-11,-0.0,0.2677999999364102
216,0.0025,9999999999,0,200,83.83428571428573,0.20958571428571432,-6.224850286336779e-11,-0.0,0.2595857142234658
217,0.0025,9999999999,0,200,82.54857142857139,0.20637142857142848,-6.092772572037858e-11,-0.0,0.25637142851050077
218,0.0025,9999999999,0,200,85.69142857142856,0.2142285714285714,-5.955666286309862e-11,0.0,0.26422857136901473
219,0.0025,9999999999,0,200,80.12,0.2003,-5.827474286297042e-11,-0.0,0.25029999994172525
220,0.0025,9999999999,0,200,77.97714285714284,0.19494285714285708,-5.702710857713138e-11,-0.0,0.24494285708582997
221,0.0025,9999999999,0,200,75.69142857142856,0.1892285714285714,-5.581604571986741e-11,-0.0,0.23922857137275538
222,0.0025,9999999999,0,200,74.12,0.18530000000000002,-5.4630125719748815e-11,-0.0,0.23529999994536988
223,0.0025,9999999999,0,200,73.54857142857139,0.1838714285714285,-5.3453348576774004e-11,-0.0,0.23387142851797516
224,0.0025,9999999999,0,200,72.54857142857139,0.1813714285714285,-5.229257143380078e-11,-0.0,0.23137142851913595
225,0.0025,9999999999,0,200,71.12,0.1778,-5.1154651433686985e-11,-0.0,0.22779999994884537
226,0.0025,9999999999,0,200,69.83428571428573,0.17458571428571432,-5.003730286214668e-11,-0.0,0.22458571423567703
227,0.0025,9999999999,0,200,67.54857142857139,0.16887142857142848,-4.895652571918145e-11,-0.0,0.21887142852247193
228,0.0025,9999999999,0,200,65.40571428571428,0.1635142857142857,-4.791003429050538e-11,-0.0,0.21351428566637565
229,0.0025,9999999999,0,200,61.54857142857139,0.1538714285714285,-4.692525714754976e-11,-0.0,0.20387142852450324
230,0.0025,9999999999,0,200,60.120000000000005,0.15030000000000002,-4.5963337147453574e-11,-0.0,0.2002999999540367
231,0.0025,9999999999,0,200,58.97714285714284,0.1474428571428571,-4.501970286164492e-11,-0.0,0.19744285709783738
232,0.0025,9999999999,0,200,58.83428571428573,0.14708571428571432,-4.407835429012221e-11,-0.0,0.19708571424163596
233,0.0025,9999999999,0,200,57.54857142857139,0.14387142857142848,-4.3157577147172995e-11,-0.0,0.19387142852827088
234,0.0025,9999999999,0,200,56.97714285714284,0.1424428571428571,-4.224594286136755e-11,-0.0,0.19244285710061115
235,0.0025,9999999999,0,200,53.69142857142856,0.1342285714285714,-4.138688000413878e-11,-0.0,0.18422857138718451
236,0.0025,9999999999,0,200,50.69142857142856,0.1267285714285714,-4.057581714691482e-11,-0.0,0.17672857138799558
237,0.0025,9999999999,0,200,47.97714285714284,0.1199428571428571,-3.980818286112376e-11,-0.0,0.1699428571030489
238,0.0025,9999999999,0,200,46.8342857142857,0.11708571428571425,-3.9058834289620254e-11,-0.0,0.16708571424665541
239,0.0025,9999999999,0,200,46.54857142857142,0.11637142857142856,-3.831405714668864e-11,-0.0,0.16637142853311448
240,0.0025,9999999999,0,200,45.8342857142857,0.11458571428571425,-3.758070857518673e-11,-0.0,0.16458571424813356
241,0.0025,9999999999,0,200,39.97714285714284,0.0999428571428571,-3.694107428940848e-11,-0.0,0.14994285710591604
242,0.0025,9999999999,0,200,41.26285714285714,0.10315714285714286,-3.6280868575056744e-11,0.0,0.153157142820862
243,0.0025,9999999999,0,200,39.26285714285714,0.09815714285714286,-3.565266286070821e-11,-0.0,0.1481571428214902
244,0.0025,9999999999,0,200,38.8342857142857,0.09708571428571425,-3.50313142892175e-11,-0.0,0.14708571425068295
245,0.0025,9999999999,0,200,36.26285714285714,0.09065714285714287,-3.4451108574873776e-11,-0.0,0.14065714282269176
246,0.0025,9999999999,0,200,34.26285714285714,0.08565714285714286,-3.390290286053324e-11,-0.0,0.13565714282323996
247,0.0025,9999999999,0,200,32.69142857142856,0.0817285714285714,-3.337984000333808e-11,-0.0,0.13172857139519156
248,0.0025,9999999999,0,200,31.262857142857143,0.07815714285714286,-3.287963428900235e-11,-0.0,0.12815714282426321
249,0.0025,9999999999,0,200,28.262857142857143,0.07065714285714286,-3.242742857467141e-11,-0.0,0.12065714282471544
250,0.0025,9999999999,0,200,25.119999999999976,0.06279999999999994,-3.202550857463123e-11,-0.0,0.11279999996797443
251,0.0025,9999999999,0,200,22.405714285714282,0.056014285714285704,-3.166701714602395e-11,-0.0,0.1060142856826187
252,0.0025,9999999999,0,200,19.977142857142837,0.049942857142857094,-3.1347382860277693e-11,-0.0,0.09994285711150971
253,0.0025,9999999999,0,200,17.8342857142857,0.04458571428571425,-3.106203428882059e-11,-0.0,0.09458571425465222
254,0.0025,9999999999,0,200,15.548571428571421,0.03887142857142855,-3.081325714593857e-11,-0.0,0.0888714285406153
255,0.0025,9999999999,0,200,12.834285714285699,0.032085714285714245,-3.060790857448946e-11,-0.0,0.08208571425510633
256,0.0025,9999999999,0,200,11.262857142857143,0.02815714285714286,-3.0427702860185723e-11,-0.0,0.07815714282671515
257,0.0025,9999999999,0,200,8.977142857142837,0.022442857142857094,-3.028406857445708e-11,-0.0,0.07244285711257303
258,0.0025,9999999999,0,200,5.119999999999976,0.01279999999999994,-3.0202148574448885e-11,-0.0,0.06279999996979779
259,0.0025,9999999999,0,200,-1.3085714285714403,-0.003271428571428601,-3.022308571730812e-11,-0.0,0.046728571398348316
260,0.0025,9999999999,0,200,-1.8800000000000239,-0.00470000000000006,-3.0253165717311133e-11,-0.0,0.045299999969746776
261,0.0025,9999999999,0,200,-6.451428571428579,-0.016128571428571447,-3.035638857446431e-11,-0.0,0.03387142854107217
262,0.0025,9999999999,0,200,-7.022857142857163,-0.017557142857142907,-3.046875428876126e-11,-0.0,0.03244285711238834
263,0.0025,9999999999,0,200,-12.594285714285718,-0.0314857142857143,-3.0670262860209985e-11,-0.0,0.01851428568361544
264,0.0025,9999999999,0,200,-12.880000000000024,-0.03220000000000006,-3.08763428602306e-11,-0.0,0.017799999969123598
265,0.0025,9999999999,0,200,-16.594285714285718,-0.04148571428571429,-3.114185143168572e-11,-0.0,0.008514285683143857
266,0.0025,9999999999,0,200,-22.022857142857163,-0.05505714285714291,-3.149421714600667e-11,-0.0,-0.005057142888637123
267,0.0025,9999999999,0,200,-21.45142857142858,-0.05362857142857145,-3.183744000318385e-11,0.0,-0.0036285714604088887
268,0.0025,9999999999,0,200,-24.022857142857163,-0.060057142857142906,-3.2221805717508e-11,-0.0,-0.010057142889364712
269,0.0025,9999999999,0,200,-24.880000000000024,-0.06220000000000006,-3.261988571754781e-11,-0.0,-0.012200000032619944
270,0.0025,9999999999,0,200,-27.1657142857143,-0.06791428571428576,-3.3054537146162704e-11,-0.0,-0.01791428574734029
271,0.0025,9999999999,0,200,-28.737142857142857,-0.07184285714285714,-3.351433143192297e-11,-0.0,-0.021842857176371466
272,0.0025,9999999999,0,200,-28.1657142857143,-0.07041428571428575,-3.396498286053946e-11,0.0,-0.02041428574825073
273,0.0025,9999999999,0,200,-28.737142857142857,-0.07184285714285714,-3.442477714629973e-11,-0.0,-0.02184285717728192
274,0.0025,9999999999,0,200,-32.73714285714286,-0.08184285714285715,-3.49485714320664e-11,-0.0,-0.03184285717780572
275,0.0025,9999999999,0,200,-27.1657142857143,-0.06791428571428576,-3.5383222860681295e-11,0.0,-0.01791428574966898
276,0.0025,9999999999,0,200,-27.1657142857143,-0.06791428571428576,-3.581787428929618e-11,0.0,-0.017914285750103634
277,0.0025,9999999999,0,200,-26.022857142857163,-0.06505714285714291,-3.623424000362354e-11,0.0,-0.015057142893377146
278,0.0025,9999999999,0,200,-21.1657142857143,-0.052914285714285754,-3.6572891432228835e-11,0.0,-0.0029142857508586417
279,0.0025,9999999999,0,200,-27.45142857142858,-0.06862857142857146,-3.7012114289415616e-11,-0.0,-0.018628571465583568
280,0.0025,9999999999,0,200,-26.022857142857163,-0.06505714285714291,-3.7428480003742975e-11,0.0,-0.015057142894571385
281,0.0025,9999999999,0,200,-28.880000000000024,-0.07220000000000006,-3.7890560003789177e-11,-0.0,-0.02220000003789062
282,0.0025,9999999999,0,200,-28.1657142857143,-0.07041428571428575,-3.834121143240567e-11,0.0,-0.02041428575262695
283,0.0025,9999999999,0,200,-30.022857142857163,-0.0750571428571429,-3.882157714673942e-11,-0.0,-0.025057142895964474
284,0.0025,9999999999,0,200,-30.880000000000024,-0.07720000000000006,-3.931565714678884e-11,-0.0,-0.02720000003931572
285,0.0025,9999999999,0,200,-33.59428571428572,-0.0839857142857143,-3.985316571827116e-11,-0.0,-0.03398571432556746
286,0.0025,9999999999,0,200,-32.02285714285716,-0.08005714285714291,-4.0365531432608116e-11,0.0,-0.030057142897508438
287,0.0025,9999999999,0,200,-32.880000000000024,-0.08220000000000006,-4.089161143266072e-11,-0.0,-0.03220000004089167
288,0.0025,9999999999,0,200,-34.1657142857143,-0.08541428571428576,-4.143826286128681e-11,-0.0,-0.03541428575572403
289,0.0025,9999999999,0,200,-40.880000000000024,-0.10220000000000007,-4.209234286135222e-11,-0.0,-0.05220000004209241
290,0.0025,9999999999,0,200,-36.30857142857144,-0.0907714285714286,-4.2673280004267463e-11,0.0,-0.04077142861410188
291,0.0025,9999999999,0,200,-36.59428571428572,-0.0914857142857143,-4.325878857575458e-11,-0.0,-0.04148571432897308
292,0.0025,9999999999,0,200,-38.880000000000024,-0.09720000000000006,-4.388086857581679e-11,-0.0,-0.04720000004388093
293,0.0025,9999999999,0,200,-44.30857142857144,-0.1107714285714286,-4.4589805718744836e-11,-0.0,-0.060771428616018405
294,0.0025,9999999999,0,200,-41.73714285714286,-0.10434285714285714,-4.5257600004525904e-11,0.0,-0.05434285718811474
295,0.0025,9999999999,0,200,-43.1657142857143,-0.10791428571428575,-4.5948251433166394e-11,-0.0,-0.057914285760234
296,0.0025,9999999999,0,200,-48.30857142857144,-0.1207714285714286,-4.6721188576100835e-11,-0.0,-0.07077142861814978
297,0.0025,9999999999,0,200,-46.1657142857143,-0.11541428571428576,-4.745984000474613e-11,0.0,-0.0654142857617456
298,0.0025,9999999999,0,200,-46.880000000000024,-0.11720000000000007,-4.820992000482113e-11,-0.0,-0.06720000004820999
299,0.0025,9999999999,0,200,-48.45142857142858,-0.12112857142857145,-4.8985142862041516e-11,-0.0,-0.07112857147755659
300,0.0025,9999999999,0,200,-51.30857142857144,-0.1282714285714286,-4.9806080004980745e-11,-0.0,-0.07827142862123466
301,0.0025,9999999999,0,200,-51.73714285714286,-0.12934285714285715,-5.063387429077781e-11,-0.0,-0.07934285719349103
302,0.0025,9999999999,0,200,-53.1657142857143,-0.13291428571428576,-5.14845257194343e-11,-0.0,-0.0829142857657703
303,0.0025,9999999999,0,200,-54.73714285714286,-0.13684285714285715,-5.236032000523617e-11,-0.0,-0.08684285719521746
304,0.0025,9999999999,0,200,-55.30857142857141,-0.13827142857142855,-5.3245257148181806e-11,-0.0,-0.08827142862467381
305,0.0025,9999999999,0,200,-57.30857142857141,-0.14327142857142852,-5.416219429113064e-11,-0.0,-0.09327142862559072
306,0.0025,9999999999,0,200,-58.30857142857141,-0.14577142857142852,-5.509513143408107e-11,-0.0,-0.09577142862652364
307,0.0025,9999999999,0,200,-64.30857142857141,-0.16077142857142854,-5.612406857704111e-11,-0.0,-0.11077142862755261
308,0.0025,9999999999,0,200,-60.30857142857141,-0.15077142857142853,-5.7089005719994756e-11,0.0,-0.10077142862851753
309,0.0025,9999999999,0,200,-61.879999999999995,-0.1547,-5.807908572009377e-11,-0.0,-0.1047000000580791
310,0.0025,9999999999,0,200,-63.45142857142858,-0.15862857142857145,-5.909430857733815e-11,-0.0,-0.10862857148766576
311,0.0025,9999999999,0,200,-65.59428571428572,-0.1639857142857143,-6.014381714887167e-11,-0.0,-0.1139857143458581
312,0.0025,9999999999,0,200,-65.59428571428572,-0.1639857142857143,-6.11933257204052e-11,0.0,-0.11398571434690762
313,0.0025,9999999999,0,200,-66.88,-0.1672,-6.22634057205122e-11,-0.0,-0.1172000000622634
314,0.0025,9999999999,0,200,-67.45142857142858,-0.16862857142857146,-6.334262857776299e-11,-0.0,-0.1186285714919141
315,0.0025,9999999999,0,200,-69.59428571428572,-0.1739857142857143,-6.445613714930291e-11,-0.0,-0.12398571435017043
316,0.0025,9999999999,0,200,-70.02285714285713,-0.17505714285714283,-6.557650286370064e-11,-0.0,-0.12505714292271936
317,0.0025,9999999999,0,200,-71.30857142857141,-0.17827142857142853,-6.671744000667188e-11,-0.0,-0.12827142863814595
318,0.0025,9999999999,0,200,-76.30857142857143,-0.19077142857142856,-6.793837714965111e-11,-0.0,-0.14077142863936692
319,0.0025,9999999999,0,200,-74.88,-0.1872,-6.913645714977093e-11,0.0,-0.13720000006913646
320,0.0025,9999999999,0,200,-73.30857142857143,-0.18327142857142856,-7.030939429274536e-11,0.0,-0.13327142864173797
321,0.0025,9999999999,0,200,-75.45142857142856,-0.18862857142857142,-7.151661715000893e-11,-0.0,-0.13862857150008806
322,0.0025,9999999999,0,200,-80.5942857142857,-0.20148571428571427,-7.280612572156646e-11,-0.0,-0.15148571435852037
323,0.0025,9999999999,0,200,-76.02285714285713,-0.19005714285714284,-7.40224914359738e-11,0.0,-0.14005714293116533
324,0.0025,9999999999,0,200,-77.5942857142857,-0.19398571428571426,-7.526400000752653e-11,-0.0,-0.14398571436097823
325,0.0025,9999999999,0,200,-78.88,-0.1972,-7.652608000765273e-11,-0.0,-0.14720000007652606
326,0.0025,9999999999,0,200,-79.30857142857143,-0.19827142857142857,-7.779501715063677e-11,-0.0,-0.1482714286492236
327,0.0025,9999999999,0,200,-79.5942857142857,-0.19898571428571427,-7.906852572219269e-11,-0.0,-0.1489857143647828
328,0.0025,9999999999,0,200,-80.5942857142857,-0.20148571428571427,-8.03580342937502e-11,-0.0,-0.15148571436607228
329,0.0025,9999999999,0,200,-82.16571428571429,-0.20541428571428572,-8.167268572245309e-11,-0.0,-0.1554142857959584
330,0.0025,9999999999,0,200,-82.45142857142856,-0.2061285714285714,-8.299190857972788e-11,-0.0,-0.15612857151156334
331,0.0025,9999999999,0,200,-82.88,-0.2072,-8.431798857986049e-11,-0.0,-0.157200000084318
332,0.0025,9999999999,0,200,-83.73714285714286,-0.20934285714285714,-8.565778286570876e-11,-0.0,-0.15934285722851493
333,0.0025,9999999999,0,200,-89.30857142857143,-0.22327142857142857,-8.708672000870879e-11,-0.0,-0.1732714286585153
334,0.0025,9999999999,0,200,-85.30857142857143,-0.21327142857142856,-8.845165715170241e-11,0.0,-0.1632714286598802
335,0.0025,9999999999,0,200,-86.5942857142857,-0.21648571428571425,-8.983716572326955e-11,-0.0,-0.16648571437555143
336,0.0025,9999999999,0,200,-86.16571428571429,-0.21541428571428572,-9.121581715197886e-11,0.0,-0.16541428580550155
337,0.0025,9999999999,0,200,-93.73714285714286,-0.23434285714285716,-9.271561143784311e-11,-0.0,-0.18434285723557275
338,0.0025,9999999999,0,200,-87.73714285714286,-0.21934285714285714,-9.411940572369778e-11,0.0,-0.16934285723697656
339,0.0025,9999999999,0,200,-89.02285714285713,-0.22255714285714284,-9.554377143812593e-11,-0.0,-0.1725571429526866
340,0.0025,9999999999,0,200,-89.5942857142857,-0.22398571428571426,-9.697728000969784e-11,-0.0,-0.17398571438269156
341,0.0025,9999999999,0,200,-89.88,-0.22469999999999998,-9.841536000984166e-11,-0.0,-0.17470000009841535
342,0.0025,9999999999,0,200,-90.45142857142856,-0.22612857142857143,-9.986258286712924e-11,-0.0,-0.17612857152843403
343,0.0025,9999999999,0,200,-91.16571428571429,-0.22791428571428574,-1.0132123429584653e-10,-0.0,-0.17791428581560698
344,0.0025,9999999999,0,200,-91.30857142857143,-0.22827142857142857,-1.0278217143884978e-10,-0.0,-0.17827142867421075
345,0.0025,9999999999,0,200,-95.16571428571429,-0.23791428571428572,-1.0430482286757347e-10,-0.0,-0.18791428581859054
346,0.0025,9999999999,0,200,-92.5942857142857,-0.23148571428571427,-1.057863314391502e-10,0.0,-0.18148571439150057
347,0.0025,9999999999,0,200,-93.16571428571429,-0.2329142857142857,-1.0727698286787069e-10,-0.0,-0.18291428582156272
348,0.0025,9999999999,0,200,-100.45142857142856,-0.2511285714285714,-1.0888420572517427e-10,-0.0,-0.2011285715374556
349,0.0025,9999999999,0,200,-95.16571428571429,-0.23791428571428572,-1.1040685715389795e-10,0.0,-0.18791428582469255
350,0.0025,9999999999,0,200,-94.88,-0.2372,-1.1192493715404976e-10,0.0,-0.18720000011192495
351,0.0025,9999999999,0,200,-96.02285714285713,-0.24005714285714283,-1.134613028684891e-10,-0.0,-0.1900571429706041
352,0.0025,9999999999,0,200,-100.02285714285713,-0.25005714285714287,-1.1506166858293485e-10,-0.0,-0.20005714297220456
353,0.0025,9999999999,0,200,-96.02285714285713,-0.24005714285714283,-1.165980342973742e-10,0.0,-0.19005714297374088
354,0.0025,9999999999,0,200,-96.30857142857143,-0.24077142857142858,-1.1813897144038543e-10,-0.0,-0.19077142868956753
355,0.0025,9999999999,0,200,-96.45142857142856,-0.24112857142857141,-1.196821942976826e-10,-0.0,-0.19112857154825358
356,0.0025,9999999999,0,200,-96.73714285714286,-0.24184285714285714,-1.2122998858355167e-10,-0.0,-0.19184285726408712
357,0.0025,9999999999,0,200,-98.30857142857143,-0.24577142857142856,-1.2280292572656612e-10,-0.0,-0.19577142869423148
358,0.0025,9999999999,0,200,-97.73714285714286,-0.24434285714285714,-1.2436672001243676e-10,0.0,-0.19434285726722383
359,0.0025,9999999999,0,200,-99.45142857142856,-0.24862857142857142,-1.2595794286973876e-10,-0.0,-0.19862857155452934
360,0.0025,9999999999,0,200,-107.5942857142857,-0.2689857142857143,-1.2767945144133947e-10,-0.0,-0.21898571441339376
361,0.0025,9999999999,0,200,-99.45142857142856,-0.24862857142857142,-1.2927067429864146e-10,0.0,-0.19862857155784208
362,0.0025,9999999999,0,200,-99.30857142857143,-0.24827142857142856,-1.308596114416575e-10,0.0,-0.19827142870228814
363,0.0025,9999999999,0,200,-99.30857142857143,-0.24827142857142856,-1.3244854858467352e-10,0.0,-0.1982714287038771
364,0.0025,9999999999,0,200,-99.88,-0.2497,-1.3404662858483335e-10,-0.0,-0.19970000013404665
365,0.0025,9999999999,0,200,-100.73714285714286,-0.25184285714285715,-1.356584228707088e-10,-0.0,-0.20184285727851559
366,0.0025,9999999999,0,200,-100.5942857142857,-0.25148571428571426,-1.3726793144229832e-10,0.0,-0.2014857144229822
367,0.0025,9999999999,0,200,-95.02285714285713,-0.23755714285714283,-1.3878829715673608e-10,0.0,-0.18755714299593113
368,0.0025,9999999999,0,200,-100.73714285714286,-0.25184285714285715,-1.4040009144261153e-10,-0.0,-0.20184285728325724
369,0.0025,9999999999,0,200,-101.73714285714286,-0.25434285714285715,-1.420278857284886e-10,-0.0,-0.20434285728488505
370,0.0025,9999999999,0,200,-101.5942857142857,-0.25398571428571426,-1.4365339430007975e-10,0.0,-0.20398571442936764
371,0.0025,9999999999,0,200,-101.5942857142857,-0.25398571428571426,-1.4527890287167087e-10,0.0,-0.20398571443099317
372,0.0025,9999999999,0,200,-101.5942857142857,-0.25398571428571426,-1.46904411443262e-10,0.0,-0.2039857144326187
373,0.0025,9999999999,0,200,-102.16571428571429,-0.2554142857142857,-1.485390628719969e-10,-0.0,-0.20541428586282479
374,0.0025,9999999999,0,200,-102.5942857142857,-0.25648571428571426,-1.5018057144358963e-10,-0.0,-0.20648571443589486
375,0.0025,9999999999,0,200,-105.88,-0.2647,-1.5187465144375905e-10,-0.0,-0.21470000015187463
376,0.0025,9999999999,0,200,-102.5942857142857,-0.25648571428571426,-1.5351616001535178e-10,0.0,-0.20648571443923042
377,0.0025,9999999999,0,200,-102.73714285714286,-0.25684285714285715,-1.5515995430123043e-10,-0.0,-0.2068428572980171
378,0.0025,9999999999,0,200,-102.88,-0.2572,-1.5680603430139507e-10,-0.0,-0.207200000156806
379,0.0025,9999999999,0,200,-103.16571428571429,-0.2579142857142857,-1.5845668573013155e-10,-0.0,-0.2079142858727424
380,0.0025,9999999999,0,200,-102.88,-0.2572,-1.6010276573029616e-10,0.0,-0.20720000016010276
381,0.0025,9999999999,0,200,-103.5942857142857,-0.25898571428571426,-1.6176027430189046e-10,-0.0,-0.20898571444747455
382,0.0025,9999999999,0,200,-102.73714285714286,-0.25684285714285715,-1.6340406858776913e-10,0.0,-0.20684285730626123
383,0.0025,9999999999,0,200,-103.45142857142856,-0.25862857142857143,-1.650592914450775e-10,-0.0,-0.20862857159363074
384,0.0025,9999999999,0,200,-103.88,-0.2597,-1.6672137144524373e-10,-0.0,-0.20970000016672136
385,0.0025,9999999999,0,200,-105.16571428571429,-0.2629142857142857,-1.684040228739834e-10,-0.0,-0.21291428588268974
386,0.0025,9999999999,0,200,-103.88,-0.2597,-1.7006610287414966e-10,0.0,-0.20970000017006613
387,0.0025,9999999999,0,200,-103.73714285714286,-0.25934285714285715,-1.7172589716002992e-10,0.0,-0.20934285731458308
388,0.0025,9999999999,0,200,-103.02285714285713,-0.2575571428571428,-1.7337426287448046e-10,0.0,-0.2075571430305171
389,0.0025,9999999999,0,200,-106.88,-0.2672,-1.750843428746515e-10,-0.0,-0.21720000017508434
390,0.0025,9999999999,0,200,-103.16571428571429,-0.2579142857142857,-1.7673499430338797e-10,0.0,-0.20791428589102073
391,0.0025,9999999999,0,200,-103.30857142857143,-0.2582714285714286,-1.7838793144641042e-10,-0.0,-0.20827142874981652
392,0.0025,9999999999,0,200,-103.02285714285713,-0.2575571428571428,-1.8003629716086094e-10,0.0,-0.20755714303717915
393,0.0025,9999999999,0,200,-103.73714285714286,-0.25934285714285715,-1.8169609144674125e-10,-0.0,-0.20934285732455327
394,0.0025,9999999999,0,200,-102.88,-0.2572,-1.8334217144690586e-10,0.0,-0.20720000018334217
395,0.0025,9999999999,0,200,-102.45142857142856,-0.2561285714285714,-1.8498139430421269e-10,0.0,-0.20612857161355286
396,0.0025,9999999999,0,200,-102.45142857142856,-0.2561285714285714,-1.8662061716151946e-10,0.0,-0.20612857161519205
397,0.0025,9999999999,0,200,-101.5942857142857,-0.25398571428571426,-1.8824612573311058e-10,0.0,-0.2039857144739604
398,0.0025,9999999999,0,200,-101.5942857142857,-0.25398571428571426,-1.898716343047017e-10,0.0,-0.2039857144755859
399,0.0025,9999999999,0,200,-102.02285714285713,-0.2550571428571428,-1.9150400001915067e-10,-0.0,-0.2050571430486468
400,0.0025,9999999999,0,200,-106.02285714285713,-0.2650571428571428,-1.9320036573360605e-10,-0.0,-0.21505714305034318
401,0.0025,9999999999,0,200,-101.88,-0.2547,-1.9483044573376902e-10,0.0,-0.20470000019483042
402,0.0025,9999999999,0,200,-101.73714285714286,-0.25434285714285715,-1.964582400196461e-10,0.0,-0.2043428573393154
403,0.0025,9999999999,0,200,-101.30857142857143,-0.2532714285714286,-1.9807917716266534e-10,0.0,-0.20327142876950777
404,0.0025,9999999999,0,200,-100.5942857142857,-0.25148571428571426,-1.9968868573425485e-10,0.0,-0.20148571448540298
405,0.0025,9999999999,0,200,-97.88,-0.2447,-2.0125476573441146e-10,0.0,-0.19470000020125477
406,0.0025,9999999999,0,200,-100.88,-0.2522,-2.0286884573457288e-10,-0.0,-0.20220000020286882
407,0.0025,9999999999,0,200,-100.45142857142856,-0.2511285714285714,-2.0447606859187645e-10,0.0,-0.20112857163304748
408,0.0025,9999999999,0,200,-100.30857142857143,-0.2507714285714286,-2.060810057348941e-10,0.0,-0.2007714287775096
409,0.0025,9999999999,0,200,-100.30857142857143,-0.2507714285714286,-2.0768594287791176e-10,0.0,-0.20077142877911452
410,0.0025,9999999999,0,200,-100.5942857142857,-0.25148571428571426,-2.0929545144950125e-10,-0.0,-0.20148571449500974
411,0.0025,9999999999,0,200,-100.88,-0.2522,-2.1090953144966266e-10,-0.0,-0.2022000002109095
412,0.0025,9999999999,0,200,-92.16571428571429,-0.2304142857142857,-2.1238418287838156e-10,0.0,-0.18041428592666992
413,0.0025,9999999999,0,200,-99.02285714285713,-0.24755714285714284,-2.1396854859282572e-10,-0.0,-0.19755714307111139
414,0.0025,9999999999,0,200,-99.02285714285713,-0.24755714285714284,-2.1555291430726987e-10,0.0,-0.19755714307269573
415,0.0025,9999999999,0,200,-103.30857142857143,-0.2582714285714286,-2.1720585145029232e-10,-0.0,-0.20827142878863447
416,0.0025,9999999999,0,200,-98.45142857142856,-0.24612857142857142,-2.187810743075927e-10,0.0,-0.19612857164735248
417,0.0025,9999999999,0,200,-98.02285714285713,-0.24505714285714283,-2.2034944002203525e-10,0.0,-0.19505714307749228
418,0.0025,9999999999,0,200,-97.45142857142856,-0.24362857142857142,-2.2190866287933402e-10,0.0,-0.19362857165048009
419,0.0025,9999999999,0,200,-97.16571428571429,-0.24291428571428572,-2.2346331430806091e-10,0.0,-0.192914285937749
420,0.0025,9999999999,0,200,-96.45142857142856,-0.24112857142857141,-2.2500653716535807e-10,0.0,-0.19112857165357794
421,0.0025,9999999999,0,200,-96.30857142857143,-0.24077142857142858,-2.2654747430836932e-10,0.0,-0.19077142879797604
422,0.0025,9999999999,0,200,-95.16571428571429,-0.23791428571428572,-2.2807012573709303e-10,0.0,-0.18791428594235582
423,0.0025,9999999999,0,200,-98.02285714285713,-0.24505714285714283,-2.2963849145153557e-10,-0.0,-0.19505714308678135
424,0.0025,9999999999,0,200,-95.30857142857143,-0.23827142857142858,-2.311634285945452e-10,0.0,-0.188271428802592
425,0.0025,9999999999,0,200,-94.02285714285713,-0.23505714285714285,-2.3266779430898136e-10,0.0,-0.18505714308981064
426,0.0025,9999999999,0,200,-94.02285714285713,-0.23505714285714285,-2.3417216002341747e-10,0.0,-0.185057143091315
427,0.0025,9999999999,0,200,-92.88,-0.2322,-2.3565824002356607e-10,0.0,-0.18220000023565824
428,0.0025,9999999999,0,200,-93.16571428571429,-0.2329142857142857,-2.371488914522866e-10,-0.0,-0.1829142859514346
429,0.0025,9999999999,0,200,-92.73714285714286,-0.23184285714285716,-2.3863268573814925e-10,0.0,-0.18184285738148986
430,0.0025,9999999999,0,200,-91.88,-0.2297,-2.401027657382962e-10,0.0,-0.17970000024010274
431,0.0025,9999999999,0,200,-90.5942857142857,-0.22648571428571426,-2.415522743098698e-10,0.0,-0.17648571452726652
432,0.0025,9999999999,0,200,-90.73714285714286,-0.22684285714285715,-2.430040685957292e-10,-0.0,-0.1768428573858612
433,0.0025,9999999999,0,200,-90.45142857142856,-0.22612857142857143,-2.444512914530168e-10,0.0,-0.1761285716730227
434,0.0025,9999999999,0,200,-90.73714285714286,-0.22684285714285715,-2.4590308573887633e-10,-0.0,-0.1768428573887602
435,0.0025,9999999999,0,200,-89.45142857142856,-0.22362857142857143,-2.473343085961623e-10,0.0,-0.17362857167590573
436,0.0025,9999999999,0,200,-89.02285714285713,-0.22255714285714284,-2.4875867431059047e-10,0.0,-0.17255714310590153
437,0.0025,9999999999,0,200,-89.73714285714286,-0.22434285714285715,-2.501944685964483e-10,-0.0,-0.1743428573930516
438,0.0025,9999999999,0,200,-82.30857142857143,-0.20577142857142858,-2.5151140573943717e-10,0.0,-0.15577142882293998
439,0.0025,9999999999,0,200,-88.16571428571429,-0.22041428571428573,-2.5292205716814967e-10,-0.0,-0.17041428596720776
440,0.0025,9999999999,0,200,-88.73714285714286,-0.22184285714285715,-2.54341851454006e-10,-0.0,-0.171842857397199
441,0.0025,9999999999,0,200,-87.73714285714286,-0.21934285714285714,-2.557456457398606e-10,0.0,-0.16934285739860278
442,0.0025,9999999999,0,200,-88.02285714285713,-0.22005714285714284,-2.571540114542872e-10,-0.0,-0.17005714311429687
443,0.0025,9999999999,0,200,-87.30857142857143,-0.21827142857142856,-2.58550948597284e-10,0.0,-0.16827142882997953
444,0.0025,9999999999,0,200,-87.16571428571429,-0.21791428571428573,-2.5994560002599494e-10,0.0,-0.1679142859742313
445,0.0025,9999999999,0,200,-87.30857142857143,-0.21827142857142856,-2.6134253716899177e-10,-0.0,-0.16827142883277107
446,0.0025,9999999999,0,200,-88.88,-0.22219999999999998,-2.6276461716913393e-10,-0.0,-0.1722000002627646
447,0.0025,9999999999,0,200,-87.73714285714286,-0.21934285714285714,-2.6416841145498865e-10,0.0,-0.16934285740702554
448,0.0025,9999999999,0,200,-88.02285714285713,-0.22005714285714284,-2.655767771694152e-10,-0.0,-0.17005714312271963
449,0.0025,9999999999,0,200,-88.02285714285713,-0.22005714285714284,-2.6698514288384174e-10,0.0,-0.170057143124128
450,0.0025,9999999999,0,200,-88.73714285714286,-0.22184285714285715,-2.68404937169698e-10,-0.0,-0.1718428574112621
451,0.0025,9999999999,0,200,-89.45142857142856,-0.22362857142857143,-2.69836160026984e-10,-0.0,-0.17362857169840756
452,0.0025,9999999999,0,200,-90.16571428571429,-0.22541428571428573,-2.712788114556997e-10,-0.0,-0.17541428598556452
453,0.0025,9999999999,0,200,-89.02285714285713,-0.22255714285714284,-2.727031771701278e-10,0.0,-0.172557143129846
454,0.0025,9999999999,0,200,-92.73714285714286,-0.23184285714285716,-2.741869714559905e-10,-0.0,-0.18184285741704415
455,0.0025,9999999999,0,200,-92.5942857142857,-0.23148571428571427,-2.756684800275672e-10,0.0,-0.18148571456138274
456,0.0025,9999999999,0,200,-94.16571428571429,-0.23541428571428571,-2.771751314562893e-10,-0.0,-0.18541428599146087
457,0.0025,9999999999,0,200,-96.73714285714286,-0.24184285714285714,-2.787229257421584e-10,-0.0,-0.19184285742158008
458,0.0025,9999999999,0,200,-97.45142857142856,-0.24362857142857142,-2.802821485994572e-10,-0.0,-0.19362857170885356
459,0.0025,9999999999,0,200,-99.02285714285713,-0.24755714285714284,-2.818665143139013e-10,-0.0,-0.19755714313900935
460,0.0025,9999999999,0,200,-100.88,-0.2522,-2.834805943140627e-10,-0.0,-0.20220000028348056
461,0.0025,9999999999,0,200,-95.88,-0.2397,-2.850146743142161e-10,0.0,-0.18970000028501466
462,0.0025,9999999999,0,200,-104.73714285714286,-0.26184285714285715,-2.86690468600098e-10,-0.0,-0.21184285742954762
463,0.0025,9999999999,0,200,-107.16571428571429,-0.2679142857142857,-2.8840512002884086e-10,-0.0,-0.21791428600269086
464,0.0025,9999999999,0,200,-109.30857142857143,-0.27327142857142855,-2.901540571718729e-10,-0.0,-0.22327142886158263
465,0.0025,9999999999,0,200,-120.88,-0.30219999999999997,-2.920881371720663e-10,-0.0,-0.2522000002920881
466,0.0025,9999999999,0,200,-116.02285714285713,-0.29005714285714285,-2.939445028865376e-10,0.0,-0.24005714315108734
467,0.0025,9999999999,0,200,-119.5942857142857,-0.29898571428571424,-2.9585801145815753e-10,-0.0,-0.24898571458157226
468,0.0025,9999999999,0,200,-120.88,-0.30219999999999997,-2.977920914583509e-10,-0.0,-0.25220000029779205
469,0.0025,9999999999,0,200,-123.30857142857143,-0.3082714285714286,-2.997650286014054e-10,-0.0,-0.25827142887119364
470,0.0025,9999999999,0,200,-128.16571428571427,-0.3204142857142857,-3.0181568003018184e-10,-0.0,-0.2704142860161014
471,0.0025,9999999999,0,200,-133.73714285714286,-0.33434285714285716,-3.0395547431611014e-10,-0.0,-0.28434285744681265
472,0.0025,9999999999,0,200,-135.45142857142858,-0.33862857142857145,-3.0612269717346967e-10,-0.0,-0.28862857173469414
473,0.0025,9999999999,0,200,-140.02285714285716,-0.3500571428571429,-3.0836306288797945e-10,-0.0,-0.30005714316550597
474,0.0025,9999999999,0,200,-141.73714285714286,-0.3543428571428571,-3.106308571739205e-10,-0.0,-0.304342857453488
475,0.0025,9999999999,0,200,-146.45142857142858,-0.36612857142857147,-3.1297408003129765e-10,-0.0,-0.31612857174154557
476,0.0025,9999999999,0,200,-148.02285714285716,-0.3700571428571429,-3.1534244574582016e-10,-0.0,-0.32005714317248535
477,0.0025,9999999999,0,200,-149.88,-0.3747,-3.1774052574606e-10,-0.0,-0.3247000003177405
478,0.0025,9999999999,0,200,-153.73714285714286,-0.38434285714285715,-3.2020032003202023e-10,-0.0,-0.3343428574630575
479,0.0025,9999999999,0,200,-159.73714285714286,-0.39934285714285717,-3.227561143179901e-10,-0.0,-0.3493428574656133
480,0.0025,9999999999,0,200,-157.88,-0.3947,-3.252821943182427e-10,0.0,-0.3447000003252822
481,0.0025,9999999999,0,200,-161.30857142857144,-0.4032714285714286,-3.2786313146135794e-10,-0.0,-0.35327142889929175
482,0.0025,9999999999,0,200,-163.02285714285716,-0.4075571428571429,-3.304714971759045e-10,-0.0,-0.3575571431876144
483,0.0025,9999999999,0,200,-164.73714285714286,-0.4118428571428572,-3.3310729146188227e-10,-0.0,-0.36184285747596445
484,0.0025,9999999999,0,200,-165.59428571428572,-0.4139857142857143,-3.357568000335758e-10,-0.0,-0.3639857146214711
485,0.0025,9999999999,0,200,-166.16571428571427,-0.4154142857142857,-3.384154514624131e-10,-0.0,-0.36541428605270115
486,0.0025,9999999999,0,200,-168.45142857142858,-0.42112857142857146,-3.411106743198255e-10,-0.0,-0.37112857176968217
487,0.0025,9999999999,0,200,-172.59428571428572,-0.4314857142857143,-3.438721828915302e-10,-0.0,-0.3814857146295865
488,0.0025,9999999999,0,200,-170.02285714285713,-0.42505714285714286,-3.4659254860608794e-10,0.0,-0.3750571432037354
489,0.0025,9999999999,0,200,-173.88,-0.4347,-3.493746286063662e-10,-0.0,-0.3847000003493746
490,0.0025,9999999999,0,200,-174.73714285714286,-0.43684285714285714,-3.521704228923601e-10,-0.0,-0.38684285749502756
491,0.0025,9999999999,0,200,-175.16571428571427,-0.4379142857142857,-3.549730743212118e-10,-0.0,-0.38791428606925876
492,0.0025,9999999999,0,200,-177.16571428571427,-0.4429142857142857,-3.578077257500666e-10,-0.0,-0.39291428607209344
493,0.0025,9999999999,0,200,-178.88,-0.4472,-3.6066980575035287e-10,-0.0,-0.3972000003606698
494,0.0025,9999999999,0,200,-183.73714285714286,-0.45934285714285716,-3.6360960003636113e-10,-0.0,-0.40934285750646676
495,0.0025,9999999999,0,200,-180.30857142857144,-0.4507714285714286,-3.664945371795068e-10,0.0,-0.40077142893792317
496,0.0025,9999999999,0,200,-181.45142857142858,-0.45362857142857144,-3.6939776003693996e-10,-0.0,-0.4036285717979692
497,0.0025,9999999999,0,200,-181.73714285714286,-0.45434285714285716,-3.72305554322945e-10,-0.0,-0.40434285751516275
498,0.0025,9999999999,0,200,-182.02285714285713,-0.4550571428571428,-3.7521792003752196e-10,-0.0,-0.40505714323236075
499,0.0025,9999999999,0,200,-183.73714285714286,-0.45934285714285716,-3.781577143235302e-10,-0.0,-0.4093428575210149
500,0.0025,9999999999,0,200,-183.88,-0.4597,-3.810997943238244e-10,-0.0,-0.4097000003810998
501,0.0025,9999999999,0,200,-185.30857142857144,-0.4632714285714286,-3.8406473146697803e-10,-0.0,-0.41327142895549335
502,0.0025,9999999999,0,200,-186.02285714285713,-0.46505714285714284,-3.870410971815614e-10,-0.0,-0.41505714324418397
503,0.0025,9999999999,0,200,-185.88,-0.4647,-3.900151771818588e-10,0.0,-0.4147000003900152
504,0.0025,9999999999,0,200,-185.73714285714286,-0.46434285714285717,-3.9298697146787025e-10,0.0,-0.41434285753584416
505,0.0025,9999999999,0,200,-185.45142857142858,-0.46362857142857145,-3.9595419432530986e-10,0.0,-0.41362857182452567
506,0.0025,9999999999,0,200,-193.88,-0.4847,-3.990562743256201e-10,-0.0,-0.4347000003990563
507,0.0025,9999999999,0,200,-187.16571428571427,-0.46791428571428567,-4.02050925754491e-10,0.0,-0.41791428611633663
508,0.0025,9999999999,0,200,-188.30857142857144,-0.4707714285714286,-4.050638628976494e-10,-0.0,-0.4207714289764925
509,0.0025,9999999999,0,200,-189.73714285714286,-0.4743428571428572,-4.080996571836673e-10,-0.0,-0.42434285755095685
510,0.0025,9999999999,0,200,-190.02285714285713,-0.47505714285714284,-4.1114002289825705e-10,-0.0,-0.42505714326828287
511,0.0025,9999999999,0,200,-189.45142857142858,-0.47362857142857145,-4.1417124575570305e-10,0.0,-0.4236285718427427
512,0.0025,9999999999,0,200,-188.88,-0.4722,-4.1719332575600525e-10,0.0,-0.42220000041719336
513,0.0025,9999999999,0,200,-187.73714285714286,-0.4693428571428572,-4.201971200420199e-10,0.0,-0.4193428575630543
514,0.0025,9999999999,0,200,-190.59428571428572,-0.4764857142857143,-4.2324662861375344e-10,-0.0,-0.4264857147089609
515,0.0025,9999999999,0,200,-190.16571428571427,-0.4754142857142857,-4.2628928004262915e-10,0.0,-0.42541428614057497
516,0.0025,9999999999,0,200,-186.45142857142858,-0.46612857142857145,-4.292725029000703e-10,0.0,-0.41612857185784397
517,0.0025,9999999999,0,200,-191.02285714285713,-0.47755714285714285,-4.323288686146616e-10,-0.0,-0.42755714328947175
518,0.0025,9999999999,0,200,-191.30857142857144,-0.4782714285714286,-4.3538980575782487e-10,-0.0,-0.4282714290068184
519,0.0025,9999999999,0,200,-191.16571428571427,-0.4779142857142857,-4.384484571867021e-10,0.0,-0.42791428615273414
520,0.0025,9999999999,0,200,-191.88,-0.4797,-4.4151853718700917e-10,-0.0,-0.42970000044151857
521,0.0025,9999999999,0,200,-192.16571428571427,-0.4804142857142857,-4.445931886158881e-10,-0.0,-0.4304142861588789
522,0.0025,9999999999,0,200,-192.16571428571427,-0.4804142857142857,-4.4766784004476697e-10,0.0,-0.43041428616195354
523,0.0025,9999999999,0,200,-192.59428571428572,-0.4814857142857143,-4.5074934861650374e-10,-0.0,-0.43148571473646363
524,0.0025,9999999999,0,200,-193.88,-0.4847,-4.5385142861681386e-10,-0.0,-0.43470000045385143
525,0.0025,9999999999,0,200,-193.73714285714286,-0.48434285714285713,-4.5695122290283817e-10,0.0,-0.43434285759980834
526,0.0025,9999999999,0,200,-193.88,-0.4847,-4.600533029031484e-10,-0.0,-0.43470000046005336
527,0.0025,9999999999,0,200,-194.45142857142858,-0.48612857142857147,-4.631645257606023e-10,-0.0,-0.436128571891736
528,0.0025,9999999999,0,200,-192.88,-0.4822,-4.66250605760911e-10,0.0,-0.4322000004662506
529,0.0025,9999999999,0,200,-195.45142857142858,-0.48862857142857147,-4.693778286183666e-10,-0.0,-0.4386285718979493
530,0.0025,9999999999,0,200,-193.88,-0.4847,-4.724799086186767e-10,0.0,-0.4347000004724799
531,0.0025,9999999999,0,200,-196.45142857142858,-0.49112857142857147,-4.756231314761339e-10,-0.0,-0.44112857190419463
532,0.0025,9999999999,0,200,-194.45142857142858,-0.48612857142857147,-4.787343543335879e-10,0.0,-0.4361285719073058
533,0.0025,9999999999,0,200,-195.73714285714286,-0.48934285714285713,-4.818661486196154e-10,-0.0,-0.4393428576247233
534,0.0025,9999999999,0,200,-195.30857142857144,-0.48827142857142863,-4.849910857627851e-10,0.0,-0.43827142905641975
535,0.0025,9999999999,0,200,-190.16571428571427,-0.4754142857142857,-4.880337371916607e-10,0.0,-0.4254142862023194
536,0.0025,9999999999,0,200,-195.02285714285713,-0.48755714285714286,-4.911541029062585e-10,-0.0,-0.437557143348297
537,0.0025,9999999999,0,200,-196.02285714285713,-0.49005714285714286,-4.942904686208579e-10,-0.0,-0.4400571433514333
538,0.0025,9999999999,0,200,-197.02285714285713,-0.49255714285714286,-4.974428343354588e-10,-0.0,-0.4425571433545857
539,0.0025,9999999999,0,200,-195.88,-0.4897,-5.005769143357723e-10,0.0,-0.43970000050057695
540,0.0025,9999999999,0,200,-196.59428571428572,-0.4914857142857143,-5.037224229075154e-10,-0.0,-0.4414857147894367
541,0.0025,9999999999,0,200,-196.59428571428572,-0.4914857142857143,-5.068679314792585e-10,0.0,-0.44148571479258225
542,0.0025,9999999999,0,200,-196.59428571428572,-0.4914857142857143,-5.100134400510017e-10,0.0,-0.44148571479572774
543,0.0025,9999999999,0,200,-197.73714285714286,-0.49434285714285714,-5.131772343370323e-10,-0.0,-0.4443428576560344
544,0.0025,9999999999,0,200,-196.88,-0.4922,-5.163273143373473e-10,0.0,-0.44220000051632735
545,0.0025,9999999999,0,200,-197.73714285714286,-0.49434285714285714,-5.19491108623378e-10,-0.0,-0.44434285766234827
546,0.0025,9999999999,0,200,-193.88,-0.4847,-5.225931886236882e-10,0.0,-0.4347000005225932
547,0.0025,9999999999,0,200,-200.0,-0.5,-5.257931886240083e-10,-0.0,-0.4500000005257932
548,0.0025,9999999999,0,200,-197.45142857142858,-0.49362857142857147,-5.289524114814669e-10,0.0,-0.4436285719575239
549,0.0025,9999999999,0,200,-198.02285714285713,-0.49505714285714286,-5.321207771960696e-10,-0.0,-0.44505714338926367
550,0.0025,9999999999,0,200,-195.45142857142858,-0.48862857142857147,-5.352480000535252e-10,0.0,-0.4386285719638195
551,0.0025,9999999999,0,200,-199.16571428571427,-0.4979142857142857,-5.384346514824153e-10,-0.0,-0.44791428625272034
552,0.0025,9999999999,0,200,-198.16571428571427,-0.4954142857142857,-5.416053029113037e-10,0.0,-0.445414286255891
553,0.0025,9999999999,0,200,-198.73714285714286,-0.49684285714285714,-5.44785097197336e-10,-0.0,-0.44684285768764226
554,0.0025,9999999999,0,200,-197.88,-0.4947,-5.479511771976525e-10,0.0,-0.44470000054795117
555,0.0025,9999999999,0,200,-199.16571428571427,-0.4979142857142857,-5.511378286265427e-10,-0.0,-0.4479142862654235
556,0.0025,9999999999,0,200,-198.59428571428572,-0.4964857142857143,-5.543153371982889e-10,0.0,-0.44648571484002963
557,0.0025,9999999999,0,200,-195.02285714285713,-0.48755714285714286,-5.574357029128867e-10,0.0,-0.4375571434145786
558,0.0025,9999999999,0,200,-195.45142857142858,-0.48862857142857147,-5.605629257703424e-10,-0.0,-0.4386285719891344
559,0.0025,9999999999,0,200,-199.59428571428572,-0.4989857142857143,-5.637564343420903e-10,-0.0,-0.44898571484947075
560,0.0025,9999999999,0,200,-200.0,-0.5,-5.669564343424102e-10,-0.0,-0.4500000005669565
561,0.0025,9999999999,0,200,-191.59428571428572,-0.4789857142857143,-5.700219429141454e-10,0.0,-0.4289857148557362
562,0.0025,9999999999,0,200,-198.16571428571427,-0.4954142857142857,-5.731925943430339e-10,-0.0,-0.4454142862874783
563,0.0025,9999999999,0,200,-200.0,-0.5,-5.76392594343354e-10,-0.0,-0.4500000005763926
564,0.0025,9999999999,0,200,-199.30857142857144,-0.4982714285714286,-5.795815314865301e-10,0.0,-0.44827142915101015
565,0.0025,9999999999,0,200,-200.0,-0.5,-5.827815314868501e-10,-0.0,-0.4500000005827815
566,0.0025,9999999999,0,200,-200.0,-0.5,-5.859815314871702e-10,0.0,-0.4500000005859815
567,0.0025,9999999999,0,200,-198.45142857142858,-0.4961285714285715,-5.891567543446306e-10,0.0,-0.44612857201772826
568,0.0025,9999999999,0,200,-193.02285714285713,-0.48255714285714285,-5.922451200592252e-10,0.0,-0.432557143449388
569,0.0025,9999999999,0,200,-199.16571428571427,-0.4979142857142857,-5.954317714881152e-10,-0.0,-0.44791428630971747
570,0.0025,9999999999,0,200,-199.59428571428572,-0.4989857142857143,-5.986252800598631e-10,-0.0,-0.4489857148843396
571,0.0025,9999999999,0,200,-200.0,-0.5,-6.018252800601831e-10,-0.0,-0.45000000060182527
572,0.0025,9999999999,0,200,-192.88,-0.4822,-6.049113600604918e-10,0.0,-0.43220000060491137
573,0.0025,9999999999,0,200,-196.02285714285713,-0.49005714285714286,-6.080477257750912e-10,-0.0,-0.4400571434651906
574,0.0025,9999999999,0,200,-199.30857142857144,-0.4982714285714286,-6.112366629182672e-10,-0.0,-0.44827142918266527
575,0.0025,9999999999,0,200,-199.88,-0.4997,-6.144347429185871e-10,-0.0,-0.4497000006144347
576,0.0025,9999999999,0,200,-198.30857142857144,-0.4957714285714286,-6.176076800617614e-10,0.0,-0.4457714291890363
577,0.0025,9999999999,0,200,-199.73714285714286,-0.49934285714285714,-6.208034743477953e-10,-0.0,-0.4493428577636606
578,0.0025,9999999999,0,200,-199.73714285714286,-0.49934285714285714,-6.239992686338292e-10,0.0,-0.4493428577668564
579,0.0025,9999999999,0,200,-198.88,-0.4972,-6.271813486341475e-10,0.0,-0.44720000062718135
580,0.0025,9999999999,0,200,-199.45142857142858,-0.4986285714285715,-6.303725714916094e-10,-0.0,-0.4486285720589441
581,0.0025,9999999999,0,200,-198.02285714285713,-0.49505714285714286,-6.33540937206212e-10,0.0,-0.4450571434906838
582,0.0025,9999999999,0,200,-200.0,-0.5,-6.36740937206532e-10,-0.0,-0.4500000006367409
583,0.0025,9999999999,0,200,-200.0,-0.5,-6.399409372068522e-10,0.0,-0.450000000639941
584,0.0025,9999999999,0,200,-200.0,-0.5,-6.431409372071723e-10,0.0,-0.450000000643141
585,0.0025,9999999999,0,200,-200.0,-0.5,-6.463409372074921e-10,0.0,-0.450000000646341
586,0.0025,9999999999,0,200,-200.0,-0.5,-6.495409372078123e-10,0.0,-0.450000000649541
587,0.0025,9999999999,0,200,-200.0,-0.5,-6.527409372081324e-10,0.0,-0.450000000652741
588,0.0025,9999999999,0,200,-200.0,-0.5,-6.559409372084524e-10,0.0,-0.450000000655941
589,0.0025,9999999999,0,200,-200.0,-0.5,-6.591409372087725e-10,0.0,-0.450000000659141
590,0.0025,9999999999,0,200,-200.0,-0.5,-6.623409372090925e-10,0.0,-0.45000000066234097
591,0.0025,9999999999,0,200,-194.88,-0.4872,-6.654590172094042e-10,0.0,-0.43720000066545905
592,0.0025,9999999999,0,200,-199.59428571428572,-0.4989857142857143,-6.686525257811522e-10,-0.0,-0.44898571495436684
593,0.0025,9999999999,0,200,-200.0,-0.5,-6.718525257814722e-10,-0.0,-0.4500000006718526
594,0.0025,9999999999,0,200,-200.0,-0.5,-6.750525257817922e-10,0.0,-0.4500000006750526
595,0.0025,9999999999,0,200,-200.0,-0.5,-6.782525257821123e-10,0.0,-0.4500000006782526
596,0.0025,9999999999,0,200,-200.0,-0.5,-6.814525257824324e-10,0.0,-0.45000000068145257
597,0.0025,9999999999,0,200,-200.0,-0.5,-6.846525257827523e-10,0.0,-0.45000000068465257
598,0.0025,9999999999,0,200,-200.0,-0.5,-6.878525257830724e-10,0.0,-0.45000000068785256
599,0.0025,9999999999,0,200,-200.0,-0.5,-6.910525257833924e-10,0.0,-0.45000000069105256
600,0.0025,9999999999,0,200,-200.0,-0.5,-6.942525257837125e-10,0.0,-0.45000000069425256
601,0.0025,9999999999,0,200,-200.0,-0.5,-6.974525257840326e-10,0.0,-0.45000000069745255
602,0.0025,9999999999,0,200,-200.0,-0.5,-7.006525257843525e-10,0.0,-0.45000000070065255
603,0.0025,9999999999,0,200,-200.0,-0.5,-7.038525257846726e-10,0.0,-0.45000000070385254
604,0.0025,9999999999,0,200,-200.0,-0.5,-7.070525257849927e-10,0.0,-0.45000000070705254
605,0.0025,9999999999,0,200,-199.88,-0.4997,-7.102506057853126e-10,0.0,-0.44970000071025057
606,0.0025,9999999999,0,200,-200.0,-0.5,-7.134506057856325e-10,-0.0,-0.45000000071345064
607,0.0025,9999999999,0,200,-200.0,-0.5,-7.166506057859526e-10,0.0,-0.45000000071665064
608,0.0025,9999999999,0,200,-200.0,-0.5,-7.198506057862727e-10,0.0,-0.45000000071985063
609,0.0025,9999999999,0,200,-200.0,-0.5,-7.230506057865927e-10,0.0,-0.45000000072305063
610,0.0025,9999999999,0,200,-200.0,-0.5,-7.262506057869127e-10,0.0,-0.4500000007262506
611,0.0025,9999999999,0,200,-200.0,-0.5,-7.294506057872328e-10,0.0,-0.4500000007294506
612,0.0025,9999999999,0,200,-200.0,-0.5,-7.326506057875528e-10,0.0,-0.4500000007326506
613,0.0025,9999999999,0,200,-200.0,-0.5,-7.358506057878729e-10,0.0,-0.4500000007358506
614,0.0025,9999999999,0,200,-200.0,-0.5,-7.39050605788193e-10,0.0,-0.4500000007390506
615,0.0025,9999999999,0,200,-200.0,-0.5,-7.422506057885129e-10,0.0,-0.4500000007422506
616,0.0025,9999999999,0,200,-200.0,-0.5,-7.45450605788833e-10,0.0,-0.4500000007454506
617,0.0025,9999999999,0,200,-200.0,-0.5,-7.486506057891531e-10,0.0,-0.4500000007486506
618,0.0025,9999999999,0,200,-200.0,-0.5,-7.518506057894731e-10,0.0,-0.4500000007518506
619,0.0025,9999999999,0,200,-200.0,-0.5,-7.550506057897931e-10,0.0,-0.4500000007550506
620,0.0025,9999999999,0,200,-200.0,-0.5,-7.582506057901131e-10,0.0,-0.4500000007582506
621,0.0025,9999999999,0,200,-200.0,-0.5,-7.614506057904332e-10,0.0,-0.4500000007614506
622,0.0025,9999999999,0,200,-200.0,-0.5,-7.646506057907533e-10,0.0,-0.4500000007646506
623,0.0025,9999999999,0,200,-200.0,-0.5,-7.678506057910733e-10,0.0,-0.45000000076785057
624,0.0025,9999999999,0,200,-200.0,-0.5,-7.710506057913933e-10,0.0,-0.45000000077105057
625,0.0025,9999999999,0,200,-200.0,-0.5,-7.742506057917134e-10,0.0,-0.45000000077425056
626,0.0025,9999999999,0,200,-200.0,-0.5,-7.774506057920334e-10,0.0,-0.45000000077745067
627,0.0025,9999999999,0,200,-200.0,-0.5,-7.806506057923535e-10,0.0,-0.45000000078065067
628,0.0025,9999999999,0,200,-200.0,-0.5,-7.838506057926735e-10,0.0,-0.45000000078385066
629,0.0025,9999999999,0,200,-198.16571428571427,-0.4954142857142857,-7.870212572215621e-10,0.0,-0.445414286501307
630,0.0025,9999999999,0,200,-200.0,-0.5,-7.902212572218822e-10,-0.0,-0.45000000079022123
631,0.0025,9999999999,0,200,-200.0,-0.5,-7.93421257222202e-10,0.0,-0.45000000079342123
632,0.0025,9999999999,0,200,-200.0,-0.5,-7.966212572225222e-10,0.0,-0.4500000007966212
633,0.0025,9999999999,0,200,-200.0,-0.5,-7.998212572228423e-10,0.0,-0.4500000007998212
634,0.0025,9999999999,0,200,-200.0,-0.5,-8.030212572231623e-10,0.0,-0.4500000008030212
635,0.0025,9999999999,0,200,-199.59428571428572,-0.4989857142857143,-8.062147657949101e-10,0.0,-0.4489857150919291
636,0.0025,9999999999,0,200,-199.16571428571427,-0.4979142857142857,-8.094014172238002e-10,0.0,-0.44791428652368714
637,0.0025,9999999999,0,200,-200.0,-0.5,-8.126014172241203e-10,-0.0,-0.45000000081260144
638,0.0025,9999999999,0,200,-199.88,-0.4997,-8.157994972244401e-10,0.0,-0.44970000081579947
639,0.0025,9999999999,0,200,-200.0,-0.5,-8.189994972247601e-10,-0.0,-0.45000000081899955
640,0.0025,9999999999,0,200,-200.0,-0.5,-8.221994972250802e-10,0.0,-0.45000000082219954
641,0.0025,9999999999,0,200,-200.0,-0.5,-8.253994972254003e-10,0.0,-0.45000000082539954
642,0.0025,9999999999,0,200,-200.0,-0.5,-8.285994972257202e-10,0.0,-0.45000000082859953
643,0.0025,9999999999,0,200,-200.0,-0.5,-8.317994972260403e-10,0.0,-0.45000000083179953
644,0.0025,9999999999,0,200,-200.0,-0.5,-8.349994972263604e-10,0.0,-0.4500000008349995
645,0.0025,9999999999,0,200,-200.0,-0.5,-8.381994972266804e-10,0.0,-0.4500000008381995
646,0.0025,9999999999,0,200,-200.0,-0.5,-8.413994972270004e-10,0.0,-0.4500000008413995
647,0.0025,9999999999,0,200,-200.0,-0.5,-8.445994972273205e-10,0.0,-0.4500000008445995
648,0.0025,9999999999,0,200,-200.0,-0.5,-8.477994972276405e-10,0.0,-0.4500000008477995
649,0.0025,9999999999,0,200,-200.0,-0.5,-8.509994972279606e-10,0.0,-0.4500000008509995
650,0.0025,9999999999,0,200,-200.0,-0.5,-8.541994972282807e-10,0.0,-0.4500000008541995
651,0.0025,9999999999,0,200,-200.0,-0.5,-8.573994972286006e-10,0.0,-0.4500000008573995
652,0.0025,9999999999,0,200,-200.0,-0.5,-8.605994972289207e-10,0.0,-0.4500000008605995
653,0.0025,9999999999,0,200,-199.73714285714286,-0.49934285714285714,-8.637952915149547e-10,0.0,-0.44934285800665247
654,0.0025,9999999999,0,200,-200.0,-0.5,-8.669952915152746e-10,-0.0,-0.45000000086699526
655,0.0025,9999999999,0,200,-200.0,-0.5,-8.701952915155947e-10,0.0,-0.45000000087019526
656,0.0025,9999999999,0,200,-200.0,-0.5,-8.733952915159148e-10,0.0,-0.45000000087339526
657,0.0025,9999999999,0,200,-200.0,-0.5,-8.765952915162348e-10,0.0,-0.45000000087659525
658,0.0025,9999999999,0,200,-192.88,-0.4822,-8.796813715165434e-10,0.0,-0.4322000008796814
659,0.0025,9999999999,0,200,-200.0,-0.5,-8.828813715168635e-10,-0.0,-0.45000000088288133
660,0.0025,9999999999,0,200,-200.0,-0.5,-8.860813715171835e-10,0.0,-0.45000000088608133
661,0.0025,9999999999,0,200,-200.0,-0.5,-8.892813715175035e-10,0.0,-0.45000000088928144
662,0.0025,9999999999,0,200,-200.0,-0.5,-8.924813715178236e-10,0.0,-0.45000000089248143
663,0.0025,9999999999,0,200,-200.0,-0.5,-8.956813715181438e-10,0.0,-0.45000000089568143
664,0.0025,9999999999,0,200,-200.0,-0.5,-8.988813715184636e-10,0.0,-0.4500000008988814
665,0.0025,9999999999,0,200,-200.0,-0.5,-9.020813715187837e-10,0.0,-0.4500000009020814
666,0.0025,9999999999,0,200,-200.0,-0.5,-9.052813715191038e-10,0.0,-0.4500000009052814
667,0.0025,9999999999,0,200,-199.88,-0.4997,-9.084794515194236e-10,0.0,-0.44970000090847945
668,0.0025,9999999999,0,200,-199.88,-0.4997,-9.116775315197434e-10,0.0,-0.4497000009116775
669,0.0025,9999999999,0,200,-200.0,-0.5,-9.148775315200635e-10,-0.0,-0.4500000009148775
670,0.0025,9999999999,0,200,-199.73714285714286,-0.49934285714285714,-9.180733258060975e-10,0.0,-0.4493428580609305
671,0.0025,9999999999,0,200,-200.0,-0.5,-9.212733258064173e-10,-0.0,-0.4500000009212733
672,0.0025,9999999999,0,200,-200.0,-0.5,-9.244733258067374e-10,0.0,-0.4500000009244733
673,0.0025,9999999999,0,200,-200.0,-0.5,-9.276733258070576e-10,0.0,-0.4500000009276733
674,0.0025,9999999999,0,200,-200.0,-0.5,-9.308733258073776e-10,0.0,-0.4500000009308734
675,0.0025,9999999999,0,200,-200.0,-0.5,-9.340733258076977e-10,0.0,-0.4500000009340734
676,0.0025,9999999999,0,200,-200.0,-0.5,-9.372733258080176e-10,0.0,-0.4500000009372734
677,0.0025,9999999999,0,200,-200.0,-0.5,-9.404733258083376e-10,0.0,-0.4500000009404734
678,0.0025,9999999999,0,200,-200.0,-0.5,-9.436733258086577e-10,0.0,-0.4500000009436734
679,0.0025,9999999999,0,200,-200.0,-0.5,-9.468733258089778e-10,0.0,-0.45000000094687337
680,0.0025,9999999999,0,200,-200.0,-0.5,-9.500733258092978e-10,0.0,-0.45000000095007336
681,0.0025,9999999999,0,200,-200.0,-0.5,-9.532733258096179e-10,0.0,-0.45000000095327336
682,0.0025,9999999999,0,200,-199.73714285714286,-0.49934285714285714,-9.564691200956518e-10,0.0,-0.4493428580993263
683,0.0025,9999999999,0,200,-200.0,-0.5,-9.596691200959718e-10,-0.0,-0.45000000095966913
684,0.0025,9999999999,0,200,-200.0,-0.5,-9.62869120096292e-10,0.0,-0.45000000096286913
685,0.0025,9999999999,0,200,-199.88,-0.4997,-9.660672000966117e-10,0.0,-0.4497000009660672
686,0.0025,9999999999,0,200,-200.0,-0.5,-9.692672000969318e-10,-0.0,-0.45000000096926723
687,0.0025,9999999999,0,200,-200.0,-0.5,-9.724672000972518e-10,0.0,-0.45000000097246723
688,0.0025,9999999999,0,200,-200.0,-0.5,-9.756672000975719e-10,0.0,-0.4500000009756672
689,0.0025,9999999999,0,200,-193.16571428571427,-0.4829142857142857,-9.787578515264524e-10,0.0,-0.43291428669304355
690,0.0025,9999999999,0,200,-199.59428571428572,-0.4989857142857143,-9.819513600982002e-10,-0.0,-0.4489857152676657
691,0.0025,9999999999,0,200,-199.16571428571427,-0.4979142857142857,-9.851380115270902e-10,0.0,-0.44791428669942374
692,0.0025,9999999999,0,200,-200.0,-0.5,-9.883380115274102e-10,-0.0,-0.450000000988338
693,0.0025,9999999999,0,200,-199.73714285714286,-0.49934285714285714,-9.915338058134441e-10,0.0,-0.44934285813439095
694,0.0025,9999999999,0,200,-200.0,-0.5,-9.947338058137642e-10,-0.0,-0.45000000099473386
695,0.0025,9999999999,0,200,-200.0,-0.5,-9.979338058140843e-10,0.0,-0.45000000099793386
696,0.0025,9999999999,0,200,-199.59428571428572,-0.4989857142857143,-1.0011273143858322e-09,0.0,-0.4489857152868416
697,0.0025,9999999999,0,200,-196.73714285714286,-0.49184285714285714,-1.0042751086718613e-09,0.0,-0.44184285814713226
698,0.0025,9999999999,0,200,-200.0,-0.5,-1.0074751086721814e-09,-0.0,-0.4500000010074751
699,0.0025,9999999999,0,200,-200.0,-0.5,-1.0106751086725015e-09,0.0,-0.4500000010106751
700,0.0025,9999999999,0,200,-196.45142857142858,-0.49112857142857147,-1.0138183315299586e-09,0.0,-0.4411285724423898
701,0.0025,9999999999,0,200,-200.0,-0.5,-1.0170183315302786e-09,-0.0,-0.45000000101701837
702,0.0025,9999999999,0,200,-200.0,-0.5,-1.0202183315305987e-09,0.0,-0.45000000102021837
703,0.0025,9999999999,0,200,-200.0,-0.5,-1.0234183315309188e-09,0.0,-0.45000000102341836
704,0.0025,9999999999,0,200,-199.59428571428572,-0.4989857142857143,-1.0266118401026667e-09,0.0,-0.4489857153123262
705,0.0025,9999999999,0,200,-200.0,-0.5,-1.0298118401029868e-09,-0.0,-0.4500000010298118
706,0.0025,9999999999,0,200,-200.0,-0.5,-1.0330118401033069e-09,0.0,-0.4500000010330118
707,0.0025,9999999999,0,200,-192.02285714285713,-0.48005714285714285,-1.0360842058178999e-09,0.0,-0.4300571438932271
708,0.0025,9999999999,0,200,-200.0,-0.5,-1.03928420581822e-09,-0.0,-0.4500000010392842
709,0.0025,9999999999,0,200,-200.0,-0.5,-1.0424842058185398e-09,0.0,-0.4500000010424842
710,0.0025,9999999999,0,200,-200.0,-0.5,-1.0456842058188599e-09,0.0,-0.4500000010456842
711,0.0025,9999999999,0,200,-200.0,-0.5,-1.04888420581918e-09,0.0,-0.4500000010488842
712,0.0025,9999999999,0,200,-199.30857142857144,-0.4982714285714286,-1.052073142962356e-09,0.0,-0.44827142962350175
713,0.0025,9999999999,0,200,-200.0,-0.5,-1.0552731429626761e-09,-0.0,-0.4500000010552731
714,0.0025,9999999999,0,200,-200.0,-0.5,-1.0584731429629962e-09,0.0,-0.4500000010584732
715,0.0025,9999999999,0,200,-192.16571428571427,-0.4804142857142857,-1.061547794391875e-09,0.0,-0.4304142867758335
716,0.0025,9999999999,0,200,-200.0,-0.5,-1.064747794392195e-09,-0.0,-0.45000000106474786
717,0.0025,9999999999,0,200,-199.88,-0.4997,-1.0679458743925148e-09,0.0,-0.4497000010679459
718,0.0025,9999999999,0,200,-200.0,-0.5,-1.0711458743928346e-09,-0.0,-0.45000000107114585
719,0.0025,9999999999,0,200,-198.45142857142858,-0.4961285714285715,-1.0743210972502951e-09,0.0,-0.44612857250289256
720,0.0025,9999999999,0,200,-200.0,-0.5,-1.0775210972506152e-09,-0.0,-0.4500000010775211
721,0.0025,9999999999,0,200,-200.0,-0.5,-1.0807210972509352e-09,0.0,-0.4500000010807211
722,0.0025,9999999999,0,200,-200.0,-0.5,-1.0839210972512553e-09,0.0,-0.4500000010839211
723,0.0025,9999999999,0,200,-199.59428571428572,-0.4989857142857143,-1.0871146058230033e-09,0.0,-0.44898571537282894
724,0.0025,9999999999,0,200,-199.30857142857144,-0.4982714285714286,-1.0903035429661792e-09,0.0,-0.44827142966173217
725,0.0025,9999999999,0,200,-200.0,-0.5,-1.0935035429664993e-09,-0.0,-0.4500000010935035
726,0.0025,9999999999,0,200,-200.0,-0.5,-1.0967035429668193e-09,0.0,-0.4500000010967035
727,0.0025,9999999999,0,200,-198.88,-0.4972,-1.0998856229671375e-09,0.0,-0.4472000010998856
728,0.0025,9999999999,0,200,-199.88,-0.4997,-1.1030837029674573e-09,-0.0,-0.44970000110308367
729,0.0025,9999999999,0,200,-199.88,-0.4997,-1.106281782967777e-09,0.0,-0.4497000011062818
730,0.0025,9999999999,0,200,-200.0,-0.5,-1.109481782968097e-09,-0.0,-0.45000000110948174
731,0.0025,9999999999,0,200,-199.45142857142858,-0.4986285714285715,-1.1126730058255588e-09,0.0,-0.4486285725412445
732,0.0025,9999999999,0,200,-199.73714285714286,-0.49934285714285714,-1.1158688001115929e-09,-0.0,-0.44934285825872594
733,0.0025,9999999999,0,200,-200.0,-0.5,-1.1190688001119128e-09,-0.0,-0.45000000111906885
734,0.0025,9999999999,0,200,-200.0,-0.5,-1.1222688001122328e-09,0.0,-0.45000000112226884
735,0.0025,9999999999,0,200,-198.73714285714286,-0.49684285714285714,-1.1254485943982651e-09,0.0,-0.4468428582683057
736,0.0025,9999999999,0,200,-200.0,-0.5,-1.1286485943985852e-09,-0.0,-0.45000000112864863
737,0.0025,9999999999,0,200,-200.0,-0.5,-1.1318485943989052e-09,0.0,-0.4500000011318486
738,0.0025,9999999999,0,200,-200.0,-0.5,-1.1350485943992253e-09,0.0,-0.4500000011350486
739,0.0025,9999999999,0,200,-200.0,-0.5,-1.1382485943995454e-09,0.0,-0.4500000011382486
740,0.0025,9999999999,0,200,-199.73714285714286,-0.49934285714285714,-1.1414443886855792e-09,0.0,-0.44934285828430154
741,0.0025,9999999999,0,200,-198.45142857142858,-0.4961285714285715,-1.1446196115430395e-09,0.0,-0.4461285725731911
742,0.0025,9999999999,0,200,-198.59428571428572,-0.4964857142857143,-1.1477971201147859e-09,-0.0,-0.44648571543351145
743,0.0025,9999999999,0,200,-200.0,-0.5,-1.150997120115106e-09,-0.0,-0.4500000011509971
744,0.0025,9999999999,0,200,-200.0,-0.5,-1.154197120115426e-09,0.0,-0.4500000011541971
745,0.0025,9999999999,0,200,-200.0,-0.5,-1.1573971201157459e-09,0.0,-0.4500000011573971
746,0.0025,9999999999,0,200,-200.0,-0.5,-1.160597120116066e-09,0.0,-0.4500000011605972
747,0.0025,9999999999,0,200,-200.0,-0.5,-1.163797120116386e-09,0.0,-0.4500000011637972
748,0.0025,9999999999,0,200,-200.0,-0.5,-1.166997120116706e-09,0.0,-0.4500000011669972
749,0.0025,9999999999,0,200,-195.59428571428572,-0.4889857142857143,-1.1701266286884475e-09,0.0,-0.4389857154558409
750,0.0025,9999999999,0,200,-200.0,-0.5,-1.1733266286887676e-09,-0.0,-0.45000000117332667
751,0.0025,9999999999,0,200,-200.0,-0.5,-1.1765266286890876e-09,0.0,-0.45000000117652666
752,0.0025,9999999999,0,200,-196.73714285714286,-0.49184285714285714,-1.1796744229751167e-09,0.0,-0.44184285832253156
753,0.0025,9999999999,0,200,-200.0,-0.5,-1.1828744229754368e-09,-0.0,-0.4500000011828745
754,0.0025,9999999999,0,200,-199.88,-0.4997,-1.1860725029757564e-09,0.0,-0.4497000011860725
755,0.0025,9999999999,0,200,-200.0,-0.5,-1.1892725029760765e-09,-0.0,-0.45000000118927247
756,0.0025,9999999999,0,200,-199.45142857142858,-0.4986285714285715,-1.1924637258335383e-09,0.0,-0.4486285726210352
757,0.0025,9999999999,0,200,-200.0,-0.5,-1.1956637258338584e-09,-0.0,-0.4500000011956637
758,0.0025,9999999999,0,200,-200.0,-0.5,-1.1988637258341784e-09,0.0,-0.4500000011988637
759,0.0025,9999999999,0,200,-197.02285714285713,-0.49255714285714286,-1.2020160915487794e-09,0.0,-0.44255714405915897
760,0.0025,9999999999,0,200,-200.0,-0.5,-1.2052160915490994e-09,-0.0,-0.45000000120521605
761,0.0025,9999999999,0,200,-199.30857142857144,-0.4982714285714286,-1.2084050286922756e-09,0.0,-0.44827142977983364
762,0.0025,9999999999,0,200,-200.0,-0.5,-1.2116050286925954e-09,-0.0,-0.45000000121160505
763,0.0025,9999999999,0,200,-199.30857142857144,-0.4982714285714286,-1.2147939658357718e-09,0.0,-0.4482714297862226
764,0.0025,9999999999,0,200,-199.73714285714286,-0.49934285714285714,-1.2179897601218057e-09,-0.0,-0.4493428583608469
765,0.0025,9999999999,0,200,-199.73714285714286,-0.49934285714285714,-1.2211855544078393e-09,0.0,-0.4493428583640427
766,0.0025,9999999999,0,200,-200.0,-0.5,-1.2243855544081594e-09,-0.0,-0.4500000012243856
767,0.0025,9999999999,0,200,-195.30857142857144,-0.48827142857142863,-1.227510491551329e-09,0.0,-0.4382714297989391
768,0.0025,9999999999,0,200,-199.45142857142858,-0.4986285714285715,-1.230701714408791e-09,-0.0,-0.4486285726592732
769,0.0025,9999999999,0,200,-199.88,-0.4997,-1.2338997944091106e-09,-0.0,-0.4497000012338998
770,0.0025,9999999999,0,200,-200.0,-0.5,-1.2370997944094305e-09,-0.0,-0.45000000123709977
771,0.0025,9999999999,0,200,-200.0,-0.5,-1.2402997944097508e-09,0.0,-0.45000000124029976
772,0.0025,9999999999,0,200,-200.0,-0.5,-1.2434997944100708e-09,0.0,-0.45000000124349976
773,0.0025,9999999999,0,200,-200.0,-0.5,-1.2466997944103909e-09,0.0,-0.45000000124669975
774,0.0025,9999999999,0,200,-199.73714285714286,-0.49934285714285714,-1.2498955886964248e-09,0.0,-0.44934285839275273
775,0.0025,9999999999,0,200,-200.0,-0.5,-1.2530955886967446e-09,-0.0,-0.45000000125309564
776,0.0025,9999999999,0,200,-200.0,-0.5,-1.256295588697065e-09,0.0,-0.45000000125629563
777,0.0025,9999999999,0,200,-198.88,-0.4972,-1.259477668697383e-09,0.0,-0.4472000012594777
778,0.0025,9999999999,0,200,-198.88,-0.4972,-1.2626597486977013e-09,0.0,-0.44720000126265974
779,0.0025,9999999999,0,200,-199.88,-0.4997,-1.2658578286980209e-09,-0.0,-0.4497000012658578
780,0.0025,9999999999,0,200,-200.0,-0.5,-1.2690578286983412e-09,-0.0,-0.45000000126905787
781,0.0025,9999999999,0,200,-198.73714285714286,-0.49684285714285714,-1.2722376229843732e-09,0.0,-0.4468428584150948
782,0.0025,9999999999,0,200,-199.59428571428572,-0.4989857142857143,-1.2754311315561212e-09,-0.0,-0.44898571556114547
783,0.0025,9999999999,0,200,-200.0,-0.5,-1.2786311315564413e-09,-0.0,-0.4500000012786311
784,0.0025,9999999999,0,200,-200.0,-0.5,-1.2818311315567613e-09,0.0,-0.4500000012818311
785,0.0025,9999999999,0,200,-200.0,-0.5,-1.2850311315570814e-09,0.0,-0.4500000012850311
786,0.0025,9999999999,0,200,-199.73714285714286,-0.49934285714285714,-1.2882269258431153e-09,0.0,-0.44934285843108407
787,0.0025,9999999999,0,200,-199.59428571428572,-0.4989857142857143,-1.291420434414863e-09,0.0,-0.44898571557713474
788,0.0025,9999999999,0,200,-200.0,-0.5,-1.2946204344151833e-09,-0.0,-0.4500000012946204
789,0.0025,9999999999,0,200,-200.0,-0.5,-1.2978204344155032e-09,0.0,-0.4500000012978204
790,0.0025,9999999999,0,200,-199.45142857142858,-0.4986285714285715,-1.301011657272965e-09,0.0,-0.4486285727295831
791,0.0025,9999999999,0,200,-199.30857142857144,-0.4982714285714286,-1.304200594416141e-09,0.0,-0.4482714298756292
792,0.0025,9999999999,0,200,-200.0,-0.5,-1.3074005944164612e-09,-0.0,-0.45000000130740064
793,0.0025,9999999999,0,200,-197.30857142857144,-0.49327142857142864,-1.310557531559634e-09,0.0,-0.4432714298819862
794,0.0025,9999999999,0,200,-199.16571428571427,-0.4979142857142857,-1.313744182988524e-09,-0.0,-0.4479142870280299
795,0.0025,9999999999,0,200,-199.59428571428572,-0.4989857142857143,-1.316937691560272e-09,-0.0,-0.448985715602652
796,0.0025,9999999999,0,200,-200.0,-0.5,-1.320137691560592e-09,-0.0,-0.4500000013201377
797,0.0025,9999999999,0,200,-200.0,-0.5,-1.3233376915609119e-09,0.0,-0.4500000013233377
798,0.0025,9999999999,0,200,-199.88,-0.4997,-1.3265357715612317e-09,0.0,-0.44970000132653576
799,0.0025,9999999999,0,200,-200.0,-0.5,-1.3297357715615517e-09,-0.0,-0.4500000013297358
800,0.0025,9999999999,0,200,-199.73714285714286,-0.49934285714285714,-1.3329315658475856e-09,0.0,-0.4493428584757887
801,0.0025,9999999999,0,200,-200.0,-0.5,-1.3361315658479057e-09,-0.0,-0.45000000133613155
802,0.0025,9999999999,0,200,-198.73714285714286,-0.49684285714285714,-1.339311360133938e-09,0.0,-0.44684285848216854
803,0.0025,9999999999,0,200,-200.0,-0.5,-1.3425113601342578e-09,-0.0,-0.45000000134251134
804,0.0025,9999999999,0,200,-200.0,-0.5,-1.3457113601345781e-09,0.0,-0.45000000134571133
805,0.0025,9999999999,0,200,-200.0,-0.5,-1.348911360134898e-09,0.0,-0.4500000013489113
806,0.0025,9999999999,0,200,-199.16571428571427,-0.4979142857142857,-1.352098011563788e-09,0.0,-0.4479142870663837
807,0.0025,9999999999,0,200,-199.88,-0.4997,-1.3552960915641078e-09,-0.0,-0.4497000013552961
808,0.0025,9999999999,0,200,-193.16571428571427,-0.4829142857142857,-1.358386742992988e-09,0.0,-0.43291428707267243
809,0.0025,9999999999,0,200,-198.88,-0.4972,-1.3615688229933067e-09,-0.0,-0.4472000013615688
810,0.0025,9999999999,0,200,-199.30857142857144,-0.4982714285714286,-1.3647577601364826e-09,-0.0,-0.44827142993618635
811,0.0025,9999999999,0,200,-200.0,-0.5,-1.3679577601368025e-09,-0.0,-0.45000000136795776
812,0.0025,9999999999,0,200,-199.16571428571427,-0.4979142857142857,-1.3711444115656925e-09,0.0,-0.44791428708543013
813,0.0025,9999999999,0,200,-198.73714285714286,-0.49684285714285714,-1.374324205851725e-09,0.0,-0.44684285851718136
814,0.0025,9999999999,0,200,-199.73714285714286,-0.49934285714285714,-1.3775200001377589e-09,-0.0,-0.44934285852037714
815,0.0025,9999999999,0,200,-200.0,-0.5,-1.3807200001380787e-09,-0.0,-0.45000000138072
816,0.0025,9999999999,0,200,-200.0,-0.5,-1.383920000138399e-09,0.0,-0.45000000138392
817,0.0025,9999999999,0,200,-200.0,-0.5,-1.3871200001387189e-09,0.0,-0.45000000138712
818,0.0025,9999999999,0,200,-199.59428571428572,-0.4989857142857143,-1.3903135087104666e-09,0.0,-0.44898571567602785
819,0.0025,9999999999,0,200,-199.73714285714286,-0.49934285714285714,-1.393509302996501e-09,-0.0,-0.44934285853636646
820,0.0025,9999999999,0,200,-198.88,-0.4972,-1.3966913829968191e-09,0.0,-0.44720000139669136
821,0.0025,9999999999,0,200,-199.45142857142858,-0.4986285714285715,-1.3998826058542808e-09,-0.0,-0.4486285728284541
822,0.0025,9999999999,0,200,-200.0,-0.5,-1.403082605854601e-09,-0.0,-0.45000000140308266
823,0.0025,9999999999,0,200,-199.45142857142858,-0.4986285714285715,-1.4062738287120629e-09,0.0,-0.4486285728348453
824,0.0025,9999999999,0,200,-198.88,-0.4972,-1.409455908712381e-09,0.0,-0.44720000140945587
825,0.0025,9999999999,0,200,-199.30857142857144,-0.4982714285714286,-1.412644845855557e-09,-0.0,-0.44827142998407343
826,0.0025,9999999999,0,200,-199.02285714285713,-0.49755714285714286,-1.4158292115701613e-09,0.0,-0.4475571442729721
827,0.0025,9999999999,0,200,-198.02285714285713,-0.49505714285714286,-1.4189975772847639e-09,0.0,-0.44505714427614046
828,0.0025,9999999999,0,200,-198.88,-0.4972,-1.422179657285082e-09,-0.0,-0.44720000142217964
829,0.0025,9999999999,0,200,-198.73714285714286,-0.49684285714285714,-1.4253594515711141e-09,0.0,-0.4468428585682166
830,0.0025,9999999999,0,200,-199.02285714285713,-0.49755714285714286,-1.4285438172857185e-09,-0.0,-0.4475571442856867
831,0.0025,9999999999,0,200,-200.0,-0.5,-1.4317438172860383e-09,-0.0,-0.45000000143174385
832,0.0025,9999999999,0,200,-199.88,-0.4997,-1.4349418972863579e-09,0.0,-0.4497000014349419
833,0.0025,9999999999,0,200,-200.0,-0.5,-1.4381418972866782e-09,-0.0,-0.45000000143814195
834,0.0025,9999999999,0,200,-200.0,-0.5,-1.441341897286998e-09,0.0,-0.45000000144134195
835,0.0025,9999999999,0,200,-192.73714285714286,-0.48184285714285713,-1.4444256915730208e-09,0.0,-0.43184285858728283
836,0.0025,9999999999,0,200,-199.02285714285713,-0.49755714285714286,-1.4476100572876247e-09,-0.0,-0.4475571443047529
837,0.0025,9999999999,0,200,-199.59428571428572,-0.4989857142857143,-1.4508035658593727e-09,-0.0,-0.4489857157365179
838,0.0025,9999999999,0,200,-198.59428571428572,-0.4964857142857143,-1.4539810744311188e-09,0.0,-0.4464857157396954
839,0.0025,9999999999,0,200,-199.16571428571427,-0.4979142857142857,-1.457167725860009e-09,-0.0,-0.44791428717145343
840,0.0025,9999999999,0,200,-199.30857142857144,-0.4982714285714286,-1.460356663003185e-09,-0.0,-0.44827143003178527
841,0.0025,9999999999,0,200,-198.45142857142858,-0.4961285714285715,-1.4635318858606455e-09,0.0,-0.4461285728921034
842,0.0025,9999999999,0,200,-195.73714285714286,-0.48934285714285713,-1.4666636801466728e-09,0.0,-0.4393428586095208
843,0.0025,9999999999,0,200,-199.73714285714286,-0.49934285714285714,-1.4698594744327067e-09,-0.0,-0.4493428586127166
844,0.0025,9999999999,0,200,-199.30857142857144,-0.4982714285714286,-1.473048411575883e-09,0.0,-0.448271430044477
845,0.0025,9999999999,0,200,-200.0,-0.5,-1.4762484115762029e-09,-0.0,-0.45000000147624847
846,0.0025,9999999999,0,200,-199.02285714285713,-0.49755714285714286,-1.479432777290807e-09,0.0,-0.4475571443365757
847,0.0025,9999999999,0,200,-199.88,-0.4997,-1.4826308572911268e-09,-0.0,-0.44970000148263084
848,0.0025,9999999999,0,200,-198.02285714285713,-0.49505714285714286,-1.4857992230057293e-09,0.0,-0.4450571443429421
849,0.0025,9999999999,0,200,-200.0,-0.5,-1.4889992230060492e-09,-0.0,-0.45000000148899927
850,0.0025,9999999999,0,200,-200.0,-0.5,-1.4921992230063692e-09,0.0,-0.45000000149219926
851,0.0025,9999999999,0,200,-199.30857142857144,-0.4982714285714286,-1.4953881601495456e-09,0.0,-0.44827143006681675
852,0.0025,9999999999,0,200,-198.45142857142858,-0.4961285714285715,-1.4985633830070058e-09,0.0,-0.44612857292713487
853,0.0025,9999999999,0,200,-200.0,-0.5,-1.501763383007326e-09,-0.0,-0.4500000015017634
854,0.0025,9999999999,0,200,-199.02285714285713,-0.49755714285714286,-1.50494774872193e-09,0.0,-0.4475571443620906
855,0.0025,9999999999,0,200,-199.88,-0.4997,-1.5081458287222496e-09,-0.0,-0.4497000015081458
856,0.0025,9999999999,0,200,-199.73714285714286,-0.49934285714285714,-1.5113416230082835e-09,0.0,-0.44934285865419876
857,0.0025,9999999999,0,200,-200.0,-0.5,-1.5145416230086037e-09,-0.0,-0.4500000015145416
858,0.0025,9999999999,0,200,-200.0,-0.5,-1.5177416230089236e-09,0.0,-0.4500000015177416
859,0.0025,9999999999,0,200,-199.30857142857144,-0.4982714285714286,-1.5209305601520995e-09,0.0,-0.44827143009235915
860,0.0025,9999999999,0,200,-200.0,-0.5,-1.5241305601524198e-09,-0.0,-0.4500000015241306
861,0.0025,9999999999,0,200,-200.0,-0.5,-1.5273305601527399e-09,0.0,-0.4500000015273306
862,0.0025,9999999999,0,200,-200.0,-0.5,-1.5305305601530597e-09,0.0,-0.4500000015305306
863,0.0025,9999999999,0,200,-200.0,-0.5,-1.53373056015338e-09,0.0,-0.4500000015337306
864,0.0025,9999999999,0,200,-199.30857142857144,-0.4982714285714286,-1.536919497296556e-09,0.0,-0.4482714301083481
865,0.0025,9999999999,0,200,-200.0,-0.5,-1.5401194972968758e-09,-0.0,-0.4500000015401195
866,0.0025,9999999999,0,200,-200.0,-0.5,-1.543319497297196e-09,0.0,-0.4500000015433195
867,0.0025,9999999999,0,200,-199.16571428571427,-0.4979142857142857,-1.5465061487260861e-09,0.0,-0.44791428726079185
868,0.0025,9999999999,0,200,-199.73714285714286,-0.49934285714285714,-1.54970194301212e-09,-0.0,-0.4493428586925591
869,0.0025,9999999999,0,200,-199.30857142857144,-0.4982714285714286,-1.5528908801552961e-09,0.0,-0.44827143012431947
870,0.0025,9999999999,0,200,-199.73714285714286,-0.49934285714285714,-1.55608667444133e-09,-0.0,-0.4493428586989438
871,0.0025,9999999999,0,200,-196.45142857142858,-0.49112857142857147,-1.559229897298787e-09,0.0,-0.4411285729878014
872,0.0025,9999999999,0,200,-199.45142857142858,-0.4986285714285715,-1.562421120156249e-09,-0.0,-0.4486285729909926
873,0.0025,9999999999,0,200,-199.45142857142858,-0.4986285714285715,-1.565612343013711e-09,0.0,-0.44862857299418385
874,0.0025,9999999999,0,200,-198.59428571428572,-0.4964857142857143,-1.5687898515854572e-09,0.0,-0.4464857158545042
875,0.0025,9999999999,0,200,-197.02285714285713,-0.49255714285714286,-1.5719422173000579e-09,0.0,-0.4425571444290851
876,0.0025,9999999999,0,200,-198.02285714285713,-0.49505714285714286,-1.5751105830146606e-09,-0.0,-0.44505714443225347
877,0.0025,9999999999,0,200,-198.88,-0.4972,-1.5782926630149788e-09,-0.0,-0.44720000157829265
878,0.0025,9999999999,0,200,-198.16571428571427,-0.4954142857142857,-1.581463314443867e-09,0.0,-0.445414287295749
879,0.0025,9999999999,0,200,-200.0,-0.5,-1.5846633144441873e-09,-0.0,-0.4500000015846633
880,0.0025,9999999999,0,200,-198.59428571428572,-0.4964857142857143,-1.5878408230159335e-09,0.0,-0.4464857158735551
881,0.0025,9999999999,0,200,-198.73714285714286,-0.49684285714285714,-1.5910206173019656e-09,-0.0,-0.44684285873387775
882,0.0025,9999999999,0,200,-196.45142857142858,-0.49112857142857147,-1.5941638401594227e-09,0.0,-0.44112857302273534
883,0.0025,9999999999,0,200,-200.0,-0.5,-1.597363840159743e-09,-0.0,-0.4500000015973638
884,0.0025,9999999999,0,200,-198.45142857142858,-0.4961285714285715,-1.6005390630172032e-09,0.0,-0.4461285730291106
885,0.0025,9999999999,0,200,-199.02285714285713,-0.49755714285714286,-1.6037234287318073e-09,-0.0,-0.4475571444608663
886,0.0025,9999999999,0,200,-200.0,-0.5,-1.6069234287321272e-09,-0.0,-0.4500000016069235
887,0.0025,9999999999,0,200,-196.30857142857144,-0.49077142857142864,-1.6100643658752986e-09,0.0,-0.440771430181493
888,0.0025,9999999999,0,200,-198.30857142857144,-0.4957714285714286,-1.613237303018473e-09,-0.0,-0.4457714301846659
889,0.0025,9999999999,0,200,-200.0,-0.5,-1.616437303018793e-09,-0.0,-0.45000000161643733
890,0.0025,9999999999,0,200,-200.0,-0.5,-1.619637303019113e-09,0.0,-0.4500000016196373
891,0.0025,9999999999,0,200,-198.30857142857144,-0.4957714285714286,-1.6228102401622874e-09,0.0,-0.4457714301942388
892,0.0025,9999999999,0,200,-198.88,-0.4972,-1.6259923201626058e-09,-0.0,-0.4472000016259923
893,0.0025,9999999999,0,200,-198.88,-0.4972,-1.629174400162924e-09,0.0,-0.4472000016291744
894,0.0025,9999999999,0,200,-200.0,-0.5,-1.6323744001632439e-09,-0.0,-0.45000000163237436
895,0.0025,9999999999,0,200,-195.59428571428572,-0.4889857142857143,-1.6355039087349855e-09,0.0,-0.4389857159212182
896,0.0025,9999999999,0,200,-199.02285714285713,-0.49755714285714286,-1.6386882744495894e-09,-0.0,-0.44755714449583117
897,0.0025,9999999999,0,200,-199.88,-0.4997,-1.6418863544499092e-09,-0.0,-0.44970000164188634
898,0.0025,9999999999,0,200,-200.0,-0.5,-1.6450863544502292e-09,-0.0,-0.4500000016450864
899,0.0025,9999999999,0,200,-199.30857142857144,-0.4982714285714286,-1.6482752915934052e-09,0.0,-0.4482714302197039
900,0.0025,9999999999,0,200,-199.30857142857144,-0.4982714285714286,-1.6514642287365815e-09,0.0,-0.44827143022289284
901,0.0025,9999999999,0,200,-200.0,-0.5,-1.6546642287369014e-09,-0.0,-0.4500000016546642
902,0.0025,9999999999,0,200,-196.45142857142858,-0.49112857142857147,-1.6578074515943585e-09,0.0,-0.44112857308637893
903,0.0025,9999999999,0,200,-199.88,-0.4997,-1.661005531594678e-09,-0.0,-0.44970000166100554
904,0.0025,9999999999,0,200,-199.45142857142858,-0.4986285714285715,-1.6641967544521401e-09,0.0,-0.44862857309276827
905,0.0025,9999999999,0,200,-192.59428571428572,-0.4814857142857143,-1.6672782630238768e-09,0.0,-0.43148571595299257
906,0.0025,9999999999,0,200,-199.30857142857144,-0.4982714285714286,-1.670467200167053e-09,-0.0,-0.4482714302418958
907,0.0025,9999999999,0,200,-199.73714285714286,-0.49934285714285714,-1.673662994453087e-09,-0.0,-0.44934285881652014
908,0.0025,9999999999,0,200,-199.30857142857144,-0.4982714285714286,-1.676851931596263e-09,0.0,-0.44827143024828053
909,0.0025,9999999999,0,200,-193.88,-0.4847,-1.6799540115965732e-09,0.0,-0.43470000167995404
910,0.0025,9999999999,0,200,-199.30857142857144,-0.4982714285714286,-1.6831429487397491e-09,-0.0,-0.44827143025457156
911,0.0025,9999999999,0,200,-199.16571428571427,-0.4979142857142857,-1.6863296001686392e-09,0.0,-0.4479142874006153
912,0.0025,9999999999,0,200,-199.02285714285713,-0.49755714285714286,-1.689513965883243e-09,0.0,-0.44755714454665685
913,0.0025,9999999999,0,200,-200.0,-0.5,-1.6927139658835633e-09,-0.0,-0.450000001692714
914,0.0025,9999999999,0,200,-198.73714285714286,-0.49684285714285714,-1.6958937601695954e-09,0.0,-0.4468428588387509
915,0.0025,9999999999,0,200,-197.88,-0.4947,-1.699059840169912e-09,0.0,-0.4447000016990598
916,0.0025,9999999999,0,200,-200.0,-0.5,-1.7022598401702323e-09,-0.0,-0.4500000017022599
917,0.0025,9999999999,0,200,-199.73714285714286,-0.49934285714285714,-1.705455634456266e-09,0.0,-0.44934285884831277
918,0.0025,9999999999,0,200,-198.30857142857144,-0.4957714285714286,-1.7086285715994403e-09,0.0,-0.44577143028005717
919,0.0025,9999999999,0,200,-198.73714285714286,-0.49684285714285714,-1.7118083658854726e-09,-0.0,-0.4468428588546655
